#include <stdint.h>

// Массив содержит 16-битные аудио-сэмплы сирены скорой помощи (16 кГц, Моно)
const uint16_t sound_gas_warning[] = {
  0x4952, 0x4646, 0xe7ec, 0x0000, 0x4157, 0x4556, 0x6d66, 0x2074, 0x0010, 0x0000, 0x0001, 0x0001, 0x3e80, 0x0000, 0x7d00, 0x0000,
  0x0002, 0x0010, 0x494c, 0x5453, 0x0100, 0x0000, 0x4e49, 0x4f46, 0x4349, 0x544d, 0x0019, 0x0000, 0x6946, 0x6572, 0x6120, 0x616c,
  0x6d72, 0x6320, 0x6d6f, 0x756d, 0x696e, 0x6974, 0x7365, 0x3120, 0x0000, 0x4349, 0x504f, 0x001c, 0x0000, 0x4343, 0x2030, 0x202f,
  0x5457, 0x5046, 0x204c, 0x202f, 0x7550, 0x6c62, 0x6369, 0x6420, 0x6d6f, 0x6961, 0x006e, 0x4349, 0x4452, 0x000b, 0x0000, 0x3032,
  0x3730, 0x302d, 0x2d33, 0x3133, 0x0000, 0x4b49, 0x5945, 0x006a, 0x0000, 0x6c61, 0x7261, 0x656d, 0x692c, 0x636e, 0x6e65, 0x6964,
  0x2c65, 0x656d, 0x6d72, 0x6961, 0x2c64, 0x6973, 0x6e67, 0x6c61, 0x732c, 0x7269, 0x6e65, 0x732c, 0x7269, 0x6e65, 0x2c65, 0x6f73,
  0x6e6e, 0x7265, 0x6569, 0x732c, 0x6e6f, 0x726f, 0x722c, 0x6e69, 0x6967, 0x676e, 0x662c, 0x7269, 0x2c65, 0x6c61, 0x7261, 0x2c6d,
  0x6972, 0x676e, 0x756f, 0x2c74, 0x6972, 0x676e, 0x7265, 0x612c, 0x656c, 0x7472, 0x612c, 0x656c, 0x7472, 0x0065, 0x5349, 0x5446,
  0x000e, 0x0000, 0x614c, 0x6676, 0x3236, 0x312e, 0x2e32, 0x3031, 0x0032, 0x5449, 0x4843, 0x0011, 0x0000, 0x6942, 0x5367, 0x756f,
  0x646e, 0x6142, 0x6b6e, 0x632e, 0x6d6f, 0x0000, 0x6164, 0x6174, 0xe6c0, 0x0000, 0x0068, 0x006d, 0x006d, 0x006c, 0x006c, 0x006c,
  0x006e, 0x006c, 0x006c, 0x006f, 0x006e, 0x006d, 0x006f, 0x006e, 0x006c, 0x006c, 0x0071, 0x0071, 0x006e, 0x006e, 0x006e, 0x0071,
  0x006e, 0x006e, 0x006d, 0x006d, 0x006e, 0x006f, 0x0070, 0x006d, 0x006b, 0x0070, 0x006d, 0x006f, 0x006f, 0x0071, 0x006f, 0x006e,
  0x006f, 0x006b, 0x0070, 0x006c, 0x006e, 0x0071, 0x006e, 0x006a, 0x006b, 0x006d, 0x006c, 0x006f, 0x0069, 0x006c, 0x006c, 0x0069,
  0x006e, 0x006b, 0x006b, 0x006a, 0x0069, 0x0067, 0x0068, 0x0069, 0x0067, 0x0067, 0x006c, 0x006c, 0x0069, 0x006b, 0x0069, 0x0065,
  0x0067, 0x0069, 0x0069, 0x006a, 0x0068, 0x0068, 0x006a, 0x0068, 0x0069, 0x006a, 0x006a, 0x0069, 0x006a, 0x006b, 0x0069, 0x006a,
  0x0067, 0x006a, 0x0069, 0x0068, 0x0069, 0x006a, 0x006a, 0x0067, 0x0067, 0x0067, 0x006d, 0x006c, 0x0069, 0x0067, 0x006b, 0x006a,
  0x0068, 0x006d, 0x006b, 0x0069, 0x0068, 0x0068, 0x0066, 0x006b, 0x006a, 0x0068, 0x006a, 0x006c, 0x006d, 0x0069, 0x006c, 0x0069,
  0x0069, 0x006a, 0x006b, 0x006a, 0x0067, 0x0068, 0x0068, 0x006b, 0x006a, 0x006c, 0x0069, 0x0068, 0x0069, 0x006a, 0x006b, 0x0068,
  0x0067, 0x0069, 0x006c, 0x0066, 0x006c, 0x006c, 0x0066, 0x0069, 0x0066, 0x0066, 0x0066, 0x0069, 0x006b, 0x006b, 0x006a, 0x0069,
  0x006b, 0x0069, 0x0067, 0x006b, 0x006a, 0x0069, 0x006b, 0x0068, 0x006a, 0x0069, 0x006c, 0x006c, 0x0069, 0x006b, 0x0067, 0x006a,
  0x006a, 0x0069, 0x006a, 0x006a, 0x006a, 0x0067, 0x006a, 0x0067, 0x0067, 0x006a, 0x0069, 0x006a, 0x0067, 0x0065, 0x0066, 0x0068,
  0x0067, 0x006a, 0x0067, 0x0068, 0x0069, 0x0068, 0x0069, 0x0067, 0x0069, 0x0068, 0x0067, 0x0067, 0x006a, 0x0067, 0x006b, 0x0069,
  0x0069, 0x006a, 0x0067, 0x0068, 0x0068, 0x006d, 0x006c, 0x006d, 0x006c, 0x0069, 0x0069, 0x006e, 0x006f, 0x006e, 0x0071, 0x0070,
  0x006f, 0x006d, 0x006f, 0x006d, 0x006c, 0x006d, 0x006d, 0x0070, 0x006c, 0x006d, 0x006e, 0x006c, 0x006e, 0x006c, 0x006f, 0x006e,
  0x006d, 0x006b, 0x006a, 0x006b, 0x006c, 0x006a, 0x0068, 0x006a, 0x0068, 0x006b, 0x006d, 0x006b, 0x006a, 0x006c, 0x006c, 0x006e,
  0x006a, 0x006c, 0x006f, 0x006a, 0x0068, 0x006b, 0x006e, 0x006c, 0x006f, 0x006b, 0x006c, 0x006e, 0x006d, 0x006c, 0x006c, 0x006c,
  0x006b, 0x006d, 0x006e, 0x006f, 0x006b, 0x006b, 0x006f, 0x006c, 0x006a, 0x006b, 0x0069, 0x006b, 0x006d, 0x006b, 0x006a, 0x006d,
  0x006b, 0x006a, 0x006a, 0x0068, 0x006c, 0x006b, 0x006c, 0x0069, 0x006c, 0x006b, 0x006b, 0x006a, 0x0068, 0x0069, 0x006d, 0x006c,
  0x006b, 0x0069, 0x0068, 0x006b, 0x0068, 0x0066, 0x0065, 0x0065, 0x0064, 0x0067, 0x0065, 0x0063, 0x0063, 0x0069, 0x006b, 0x006a,
  0x006d, 0x006b, 0x006c, 0x006d, 0x006c, 0x0068, 0x006a, 0x006c, 0x006c, 0x006a, 0x006a, 0x006d, 0x006e, 0x0070, 0x0071, 0x0072,
  0x006f, 0x0073, 0x0073, 0x0071, 0x0074, 0x0075, 0x0075, 0x0074, 0x0073, 0x0073, 0x0074, 0x0074, 0x0073, 0x0075, 0x0075, 0x0076,
  0x0076, 0x0075, 0x0073, 0x0073, 0x0073, 0x0070, 0x0072, 0x0071, 0x0070, 0x0070, 0x0070, 0x0070, 0x0071, 0x006e, 0x0071, 0x006f,
  0x006d, 0x006a, 0x006a, 0x0069, 0x006a, 0x0069, 0x006a, 0x006c, 0x006c, 0x006c, 0x0075, 0x0082, 0x0088, 0x0087, 0x0086, 0x0086,
  0x0066, 0x003e, 0x0030, 0x000c, 0xfff0, 0xfffe, 0xffe2, 0xfff5, 0x0008, 0xfff4, 0xfffb, 0xfff9, 0x0027, 0x0013, 0xfffa, 0xfff2,
  0xffe2, 0x001d, 0x0034, 0x0069, 0x00ca, 0x011b, 0x01d1, 0x0201, 0x0216, 0x00da, 0x001d, 0x017e, 0x012a, 0x0187, 0x02f4, 0x045b,
  0x045d, 0x02d4, 0x0216, 0x0063, 0xff70, 0xfee6, 0xfe44, 0xfed1, 0xff67, 0xff1c, 0xfe8e, 0xfe45, 0xfdb7, 0xfd53, 0xfcfb, 0xfc06,
  0xfc01, 0xfcab, 0xfcb6, 0xfd2b, 0xfe65, 0xff3e, 0x0057, 0x01d9, 0x0294, 0x029c, 0x02e5, 0x02fc, 0x024e, 0x023b, 0x0286, 0x0332,
  0x0404, 0x043e, 0x0430, 0x009b, 0xff40, 0x02cf, 0x02d5, 0x048b, 0x0755, 0x09e0, 0x08c8, 0x05a5, 0x0464, 0x0046, 0xfe28, 0xfc43,
  0xfa55, 0xfaa8, 0xfac4, 0xfa46, 0xf9e7, 0xfafa, 0xfb1b, 0xfb79, 0xfd2d, 0xfd12, 0xfc89, 0xfceb, 0xfc4f, 0xfc32, 0xfd2a, 0xfe5c,
  0xffeb, 0x01d0, 0x034a, 0x02bf, 0x0277, 0x0247, 0x0204, 0x02ca, 0x0320, 0x0365, 0x03a6, 0x0466, 0x04cf, 0xff24, 0xfe69, 0x0313,
  0x02a4, 0x0516, 0x0758, 0x0a38, 0x088c, 0x0524, 0x04d1, 0x008a, 0x008b, 0x00a0, 0x002e, 0xff91, 0xfe0b, 0xfce9, 0xfaeb, 0xfa99,
  0xface, 0xfafb, 0xfbe3, 0xfa81, 0xf9e9, 0xf938, 0xf7df, 0xf95a, 0xfaa3, 0xfc80, 0xfe2c, 0xffcb, 0x019d, 0x016d, 0x0241, 0x02f1,
  0x0349, 0x03e5, 0x038f, 0x02f9, 0x02c7, 0x0332, 0x03c5, 0xfe7f, 0xff37, 0x05b4, 0x0645, 0x0964, 0x0c5a, 0x0fb3, 0x0c66, 0x089f,
  0x0748, 0x01b0, 0xff63, 0xfe2f, 0xfcee, 0xfbff, 0xfa6c, 0xf943, 0xf8cd, 0xf969, 0xf943, 0xf92e, 0xfa93, 0xf986, 0xf92b, 0xf91f,
  0xf8ed, 0xfad6, 0xfbb5, 0xfcb2, 0xfc9f, 0xfdc0, 0xfede, 0xff1f, 0x0119, 0x0382, 0x0646, 0x0800, 0x08cb, 0x0886, 0x07ab, 0x0714,
  0x05b0, 0xfe90, 0xffa9, 0x04ed, 0x0499, 0x07c3, 0x0ad9, 0x0d5b, 0x09bb, 0x0797, 0x0540, 0xfede, 0xfdc0, 0xfd0d, 0xfbd6, 0xfb38,
  0xfa70, 0xf9fa, 0xf99e, 0xf950, 0xf842, 0xf7b1, 0xf87d, 0xf772, 0xf91a, 0xf955, 0xf9d8, 0xfd29, 0xff18, 0x00db, 0x0161, 0x0234,
  0x0121, 0x0135, 0x03d9, 0x044d, 0x061a, 0x076d, 0x06e6, 0x058c, 0x03e2, 0x0447, 0x0283, 0xfb54, 0xfdeb, 0x0267, 0x031f, 0x0755,
  0x0b55, 0x0ed2, 0x0b20, 0x09b8, 0x064d, 0xfed9, 0xfc47, 0xf93b, 0xf900, 0xfa33, 0xf9d3, 0xfa2c, 0xfb5f, 0xfc8b, 0xfb5d, 0xfb4a,
  0xfb92, 0xf9db, 0xfbb0, 0xfb97, 0xfac3, 0xfcde, 0xfd31, 0xfdb0, 0xfcee, 0xfdd1, 0xfe44, 0xff9c, 0x02f6, 0x03b6, 0x05f0, 0x0723,
  0x0670, 0x0596, 0x04e0, 0x060c, 0x02d6, 0xfa72, 0xfd49, 0x0067, 0x00fd, 0x0718, 0x0d2c, 0x1163, 0x0e84, 0x0eae, 0x0a98, 0x02bf,
  0xffc0, 0xfc19, 0xfab1, 0xfb31, 0xfaae, 0xf9c2, 0xf9f2, 0xf934, 0xf79e, 0xf756, 0xf837, 0xf872, 0xfafa, 0xfafe, 0xfa7b, 0xfc6f,
  0xfca8, 0xfcdb, 0xfcc0, 0xfece, 0xff38, 0x0042, 0x0292, 0x0283, 0x040c, 0x04ba, 0x052c, 0x057e, 0x05a5, 0x07c6, 0x04d9, 0xfd1c,
  0x0116, 0x0396, 0x041b, 0x08be, 0x0e49, 0x11ed, 0x0d47, 0x0c60, 0x0721, 0xffe4, 0xfcb0, 0xf9f7, 0xfa30, 0xfa7d, 0xf99d, 0xf977,
  0xfa41, 0xfa1c, 0xf8aa, 0xf8e9, 0xf9a5, 0xf8c9, 0xf9d0, 0xf7ff, 0xf75b, 0xf8e1, 0xf9e6, 0xfbde, 0xfcee, 0xffc2, 0x0090, 0x026b,
  0x04e6, 0x0530, 0x071b, 0x07b8, 0x07c4, 0x089c, 0x07b1, 0x0828, 0x02eb, 0xfa3a, 0xfe43, 0x0056, 0x0254, 0x084b, 0x0ee9, 0x1207,
  0x0d58, 0x0cfc, 0x06e5, 0x0000, 0xfd46, 0xfa71, 0xfa0f, 0xf98b, 0xf836, 0xf75f, 0xf7ac, 0xf83b, 0xf7ec, 0xf962, 0xfb11, 0xfb2d,
  0xfc8c, 0xfaf1, 0xfa6a, 0xfb99, 0xfbc6, 0xfd1c, 0xfe31, 0xffb1, 0xff64, 0x0048, 0x01e5, 0x016e, 0x0355, 0x0501, 0x064e, 0x0806,
  0x07e7, 0x0941, 0x0386, 0xfb38, 0x004d, 0x01b8, 0x0315, 0x0865, 0x0e4f, 0x1029, 0x0b05, 0x0add, 0x05cd, 0x00c3, 0xfeb3, 0xfceb,
  0xfd76, 0xfd17, 0xfbc7, 0xfa81, 0xfa13, 0xf921, 0xf8c7, 0xf9cd, 0xf927, 0xf871, 0xf8fb, 0xf6b4, 0xf657, 0xf86c, 0xfa1e, 0xfc5e,
  0xfe5b, 0xffbe, 0xff92, 0x0164, 0x02a9, 0x02cb, 0x0539, 0x0669, 0x06fc, 0x0773, 0x0649, 0x06fd, 0x00ef, 0xfafe, 0x0157, 0x0322,
  0x0633, 0x0bcf, 0x11e7, 0x129a, 0x0d96, 0x0cbf, 0x057f, 0x014f, 0xfeac, 0xfbca, 0xfb1f, 0xf90c, 0xf74e, 0xf629, 0xf6e6, 0xf6e7,
  0xf726, 0xf941, 0xf911, 0xf978, 0xfa52, 0xf82b, 0xf895, 0xfa66, 0xfb6b, 0xfc12, 0xfc74, 0xfd5d, 0xfd22, 0xffe1, 0x0313, 0x0476,
  0x07ef, 0x09f3, 0x0a7e, 0x0a90, 0x095e, 0x09dd, 0x01e3, 0xfb42, 0x01f0, 0x021b, 0x03b6, 0x08b7, 0x0eaa, 0x0eee, 0x0a9b, 0x0b37,
  0x0556, 0x0240, 0xff9a, 0xfd35, 0xfcce, 0xfa9b, 0xf8e3, 0xf79c, 0xf7a0, 0xf6b5, 0xf62b, 0xf735, 0xf682, 0xf6e0, 0xf8ca, 0xf861,
  0xf9e0, 0xfc64, 0xfdab, 0xfeed, 0xff5e, 0xff73, 0xfed2, 0x00b4, 0x02fc, 0x04d3, 0x0751, 0x07fd, 0x07f4, 0x089c, 0x0773, 0x07b6,
  0x00e6, 0xfc0b, 0x0363, 0x0380, 0x0678, 0x0b37, 0x1083, 0x107c, 0x0bfa, 0x0ba0, 0x0436, 0x000e, 0xfc13, 0xf99d, 0xf96e, 0xf8b5,
  0xf802, 0xf7bc, 0xf8ff, 0xf850, 0xf845, 0xf8d0, 0xf6f5, 0xf6e4, 0xf792, 0xf6ca, 0xf884, 0xfaac, 0xfbdf, 0xfc7a, 0xfdd1, 0xfe1e,
  0xfe63, 0x0249, 0x04e5, 0x0773, 0x0a0b, 0x0ac4, 0x09fe, 0x0971, 0x08b8, 0x08b4, 0x007a, 0xfbdb, 0x021f, 0x0181, 0x0538, 0x0ab1,
  0x121a, 0x1212, 0x0e80, 0x0db2, 0x057c, 0x0135, 0xfbbe, 0xf8e7, 0xf7e2, 0xf63f, 0xf611, 0xf5e3, 0xf66c, 0xf56e, 0xf573, 0xf70d,
  0xf5f1, 0xf774, 0xf91c, 0xf894, 0xfa92, 0xfc06, 0xfd3b, 0xfd3c, 0xfe8f, 0xff2a, 0xffac, 0x035a, 0x0529, 0x06ee, 0x08c1, 0x0975,
  0x0a4e, 0x0b1f, 0x0a93, 0x0afc, 0x0217, 0xfe69, 0x041b, 0x01db, 0x04a5, 0x08f5, 0x0f91, 0x0f5a, 0x0c28, 0x0b11, 0x030d, 0xfee8,
  0xfa48, 0xf84d, 0xf868, 0xf792, 0xf7ec, 0xf7e2, 0xf7c6, 0xf657, 0xf5e2, 0xf712, 0xf66a, 0xf844, 0xf8d6, 0xf808, 0xf9b6, 0xfb03,
  0xfc76, 0xfe23, 0x0064, 0x00f6, 0x022c, 0x0571, 0x05fb, 0x067a, 0x0761, 0x06dc, 0x0687, 0x0789, 0x08b5, 0x08c3, 0xffa3, 0xfe09,
  0x03f8, 0x0294, 0x06f4, 0x0c9a, 0x1325, 0x1142, 0x0dad, 0x0b00, 0x0213, 0xfe3b, 0xfa23, 0xf9b4, 0xf9c6, 0xf828, 0xf781, 0xf67d,
  0xf61a, 0xf461, 0xf561, 0xf72d, 0xf669, 0xf89f, 0xf8ae, 0xf723, 0xf7f7, 0xf89f, 0xf95b, 0xfa54, 0xfd68, 0xff08, 0x0071, 0x045a,
  0x05cd, 0x07b5, 0x095c, 0x0a5f, 0x0b69, 0x0c06, 0x0c66, 0x0ab9, 0x012a, 0x002e, 0x04c7, 0x03c7, 0x08ae, 0x0d49, 0x129d, 0x0f2e,
  0x0ba8, 0x0883, 0x00f0, 0xfe58, 0xf9ed, 0xfa41, 0xfa45, 0xf814, 0xf65b, 0xf462, 0xf37d, 0xf170, 0xf213, 0xf484, 0xf50e, 0xf7f0,
  0xf876, 0xf828, 0xfa31, 0xfb03, 0xfccd, 0xfe70, 0x00b4, 0x0130, 0x0296, 0x05fb, 0x0629, 0x088e, 0x0a7b, 0x0ac6, 0x0b26, 0x0b7d,
  0x0b45, 0x086f, 0xfe0a, 0x000c, 0x052c, 0x03da, 0x09d6, 0x0e75, 0x1249, 0x0c1e, 0x086e, 0x045d, 0xfbe2, 0xf9e9, 0xf7bd, 0xf945,
  0xf9b8, 0xf81c, 0xf6f8, 0xf63d, 0xf5a1, 0xf4a7, 0xf624, 0xf806, 0xf803, 0xfa8c, 0xf9cd, 0xf88a, 0xfa90, 0xfb55, 0xfcc5, 0xfdb8,
  0xffef, 0xff81, 0x0106, 0x04a7, 0x05a3, 0x086a, 0x09f3, 0x0ac2, 0x0b32, 0x0af4, 0x0a21, 0x05ac, 0xfafc, 0xfe2a, 0x024e, 0x02c3,
  0x0998, 0x0e9b, 0x12bc, 0x0caa, 0x0a02, 0x0557, 0xfee7, 0xfd6a, 0xfa3d, 0xfb0d, 0xfb03, 0xf8ce, 0xf72b, 0xf714, 0xf67b, 0xf4db,
  0xf672, 0xf7e9, 0xf776, 0xfa07, 0xf8f8, 0xf909, 0xfae5, 0xfb67, 0xfce2, 0xfd65, 0xff20, 0xfe4c, 0x0045, 0x02b6, 0x02f0, 0x069c,
  0x08ad, 0x0960, 0x0a19, 0x0a5f, 0x0a76, 0x05a0, 0xfc7a, 0x0109, 0x03d3, 0x04fe, 0x0b36, 0x113f, 0x13f1, 0x0daa, 0x0c68, 0x06b1,
  0xfff4, 0xfcfb, 0xf9cc, 0xf9ff, 0xf919, 0xf7d0, 0xf6ac, 0xf658, 0xf600, 0xf4cb, 0xf663, 0xf691, 0xf616, 0xf861, 0xf648, 0xf6a7,
  0xf8fc, 0xfa2d, 0xfba9, 0xfce2, 0xff57, 0xfeca, 0x01f1, 0x0597, 0x071f, 0x0b01, 0x0c01, 0x0bf8, 0x0c14, 0x0bb2, 0x0b84, 0x053b,
  0xfd0b, 0x02a1, 0x0496, 0x05ff, 0x0b8d, 0x1112, 0x1299, 0x0bc9, 0x0a65, 0x041d, 0xfe5d, 0xfb82, 0xf808, 0xf86d, 0xf731, 0xf48d,
  0xf33d, 0xf3eb, 0xf3f7, 0xf2f6, 0xf540, 0xf5f2, 0xf5d1, 0xf894, 0xf792, 0xf891, 0xfb0e, 0xfc8f, 0xfe51, 0xff89, 0x01a9, 0x012b,
  0x04c0, 0x07f5, 0x08b9, 0x0c18, 0x0c70, 0x0b98, 0x0adf, 0x0a23, 0x09b3, 0x027d, 0xfc1a, 0x0322, 0x046e, 0x061b, 0x0b2f, 0x0ff1,
  0x0f40, 0x07fb, 0x070b, 0x0105, 0xfcde, 0xfaf3, 0xf8ff, 0xfa09, 0xf931, 0xf747, 0xf5b8, 0xf603, 0xf567, 0xf4fe, 0xf758, 0xf794,
  0xf84a, 0xfa8a, 0xf8cf, 0xf9f0, 0xfbdf, 0xfceb, 0xfe6d, 0xff9f, 0x01a2, 0x00bb, 0x0491, 0x0790, 0x0885, 0x0b59, 0x0ac6, 0x09b1,
  0x08c1, 0x0793, 0x0750, 0x001f, 0xfaf8, 0x0247, 0x02f2, 0x0598, 0x0ac4, 0x0fe1, 0x0ebb, 0x083d, 0x0769, 0x0076, 0xfd59, 0xfb69,
  0xfa39, 0xfbbb, 0xfaee, 0xf910, 0xf7b9, 0xf7a5, 0xf654, 0xf59e, 0xf7b3, 0xf72c, 0xf799, 0xfa21, 0xf8c3, 0xfa72, 0xfc17, 0xfd3e,
  0xfe69, 0xff11, 0x0000, 0xff2e, 0x03b0, 0x059a, 0x0717, 0x09b1, 0x0912, 0x086a, 0x07c2, 0x072a, 0x06a4, 0xfeb6, 0xfb29, 0x031c,
  0x03cf, 0x0779, 0x0cf0, 0x122a, 0x0f5e, 0x09c8, 0x0872, 0x0079, 0xfdaf, 0xfb5c, 0xfa90, 0xfbf2, 0xfb7c, 0xf9dd, 0xf890, 0xf86d,
  0xf6c1, 0xf5ce, 0xf71f, 0xf5f6, 0xf6ee, 0xf8a4, 0xf6fa, 0xf96b, 0xfb45, 0xfc93, 0xfd72, 0xfee3, 0xff43, 0xfe72, 0x02d6, 0x046d,
  0x06f6, 0x0a1c, 0x0a00, 0x09d0, 0x093c, 0x084b, 0x0736, 0xfe2c, 0xfbaf, 0x02f1, 0x032e, 0x074c, 0x0cad, 0x1336, 0x10ce, 0x0bdf,
  0x0a2f, 0x02b3, 0xff67, 0xfb7b, 0xfaa3, 0xfb69, 0xf9e7, 0xf7e9, 0xf704, 0xf671, 0xf48c, 0xf477, 0xf606, 0xf4ce, 0xf6c8, 0xf89c,
  0xf7c6, 0xfaa1, 0xfc75, 0xfdbd, 0xfe46, 0xff11, 0xfe6a, 0xfde2, 0x022c, 0x0381, 0x0645, 0x09a7, 0x0a05, 0x0a76, 0x0afe, 0x0add,
  0x0991, 0xffb3, 0xfd85, 0x03ea, 0x033e, 0x0805, 0x0cea, 0x1207, 0x0ee7, 0x0a9c, 0x087d, 0x0092, 0xfde9, 0xfa30, 0xf927, 0xf9ac,
  0xf853, 0xf6ec, 0xf660, 0xf67a, 0xf512, 0xf526, 0xf672, 0xf55a, 0xf760, 0xf844, 0xf71c, 0xfa28, 0xfc1c, 0xfdbc, 0xfeb1, 0x0079,
  0x0088, 0x0089, 0x04a7, 0x055c, 0x0788, 0x09b6, 0x099b, 0x099b, 0x0935, 0x0940, 0x07e6, 0xfdea, 0xfd21, 0x03ba, 0x031e, 0x07cb,
  0x0d25, 0x125e, 0x0eae, 0x0b12, 0x085f, 0x00db, 0xfe22, 0xf9f6, 0xf963, 0xf98b, 0xf830, 0xf666, 0xf606, 0xf67f, 0xf53e, 0xf678,
  0xf89a, 0xf7a6, 0xf98c, 0xf9ea, 0xf841, 0xfa06, 0xfb16, 0xfc70, 0xfd11, 0xfef1, 0xff32, 0x0047, 0x0496, 0x054e, 0x081e, 0x09dc,
  0x0966, 0x0928, 0x0911, 0x0914, 0x072e, 0xfde3, 0xfec9, 0x0447, 0x03af, 0x08e7, 0x0da5, 0x12bf, 0x0e31, 0x0b0f, 0x0807, 0x0108,
  0xff05, 0xfb21, 0xfb77, 0xfb2a, 0xf930, 0xf6fa, 0xf595, 0xf5ab, 0xf435, 0xf4eb, 0xf69c, 0xf646, 0xf8cf, 0xf895, 0xf78a, 0xf98e,
  0xfa38, 0xfbaa, 0xfc5c, 0xfe84, 0xfece, 0x009c, 0x051b, 0x05e7, 0x0880, 0x09d6, 0x09d2, 0x09d6, 0x0995, 0x09a6, 0x0748, 0xfd9c,
  0xffd2, 0x0590, 0x0586, 0x0b10, 0x101c, 0x1465, 0x0e0f, 0x0a7b, 0x0629, 0xfe60, 0xfb9f, 0xf87b, 0xf990, 0xf98f, 0xf88f, 0xf768,
  0xf670, 0xf5a3, 0xf424, 0xf53e, 0xf65d, 0xf5b5, 0xf804, 0xf7a5, 0xf77d, 0xf9c0, 0xfac8, 0xfc65, 0xfd95, 0xfff9, 0xffc8, 0x021b,
  0x0648, 0x0777, 0x0af6, 0x0c37, 0x0c13, 0x0bed, 0x0adf, 0x09ba, 0x05e2, 0xfc10, 0xfe87, 0x031c, 0x03a2, 0x0966, 0x0e5e, 0x12c3,
  0x0d5d, 0x09ee, 0x04d5, 0xfe42, 0xfba2, 0xf87e, 0xf9c8, 0xf9b6, 0xf8cd, 0xf77a, 0xf6ca, 0xf630, 0xf4e6, 0xf659, 0xf6ef, 0xf685,
  0xf95c, 0xf8f0, 0xf92f, 0xfbf7, 0xfd59, 0xfeed, 0xff7e, 0x004d, 0xfe76, 0x0049, 0x03c5, 0x0477, 0x080b, 0x09e9, 0x0a63, 0x0aad,
  0x0aa0, 0x0a29, 0x054e, 0xfba2, 0xff40, 0x02d0, 0x0324, 0x08a4, 0x0ddc, 0x11cc, 0x0be5, 0x0995, 0x0473, 0xfeb1, 0xfc5e, 0xf983,
  0xfb24, 0xfabb, 0xf9bf, 0xf86a, 0xf7d9, 0xf71d, 0xf5a7, 0xf6f2, 0xf6b8, 0xf5ef, 0xf880, 0xf7cc, 0xf83c, 0xfaf6, 0xfc96, 0xfe4e,
  0xff48, 0x00f2, 0xffa0, 0x01a1, 0x04bd, 0x05bd, 0x0935, 0x0a49, 0x0a7f, 0x0ab7, 0x0a49, 0x099d, 0x03ee, 0xfa32, 0xfe75, 0x0151,
  0x0256, 0x0847, 0x0e3b, 0x11cd, 0x0bc6, 0x0a4c, 0x0471, 0xfec5, 0xfc60, 0xf94a, 0xfa62, 0xf9f0, 0xf902, 0xf74e, 0xf6d5, 0xf67d,
  0xf56d, 0xf74f, 0xf81e, 0xf7f6, 0xfa45, 0xf900, 0xf945, 0xfb3f, 0xfc4c, 0xfdb8, 0xfee9, 0x00bf, 0xff45, 0x0214, 0x04c1, 0x05af,
  0x095b, 0x0a58, 0x0a7c, 0x0ab2, 0x0a6c, 0x09c7, 0x02dc, 0xf9bc, 0xff74, 0x015b, 0x02f2, 0x0943, 0x0f48, 0x11bb, 0x0b72, 0x0a83,
  0x0452, 0xff46, 0xfcab, 0xfa8f, 0xfb79, 0xf9f1, 0xf846, 0xf65e, 0xf627, 0xf558, 0xf4ae, 0xf71f, 0xf77d, 0xf7a1, 0xf9fd, 0xf84c,
  0xf8db, 0xfad9, 0xfbd8, 0xfcf8, 0xfe3c, 0x0032, 0xfef7, 0x0288, 0x0562, 0x06fb, 0x0a7d, 0x0ade, 0x0aac, 0x0a37, 0x0960, 0x08a9,
  0x01b0, 0xfab9, 0x00d8, 0x0211, 0x0473, 0x09da, 0x0fb2, 0x10b3, 0x0b11, 0x0a2a, 0x0360, 0xfeff, 0xfbde, 0xf9d0, 0xfa2b, 0xf8dd,
  0xf774, 0xf5d9, 0xf5f1, 0xf576, 0xf568, 0xf7c8, 0xf7c2, 0xf85c, 0xfa7d, 0xf904, 0xfa2f, 0xfb97, 0xfcb2, 0xfdb1, 0xfeb2, 0x0023,
  0xff33, 0x0354, 0x05ab, 0x0791, 0x0b38, 0x0b4c, 0x0a97, 0x09bf, 0x0871, 0x075f, 0xff33, 0xf920, 0x0064, 0x01e3, 0x056c, 0x0b1d,
  0x111a, 0x10dd, 0x0ae0, 0x099b, 0x020f, 0xfdd5, 0xfaff, 0xf9b3, 0xfa85, 0xf99e, 0xf8eb, 0xf804, 0xf7f1, 0xf6d8, 0xf638, 0xf7fd,
  0xf716, 0xf7f4, 0xfa0a, 0xf85f, 0xfa0a, 0xfbf1, 0xfcf3, 0xfdbc, 0xfecb, 0xff94, 0xfed9, 0x037a, 0x0578, 0x0783, 0x0b0b, 0x0ac1,
  0x0a2c, 0x0984, 0x0888, 0x0755, 0xfe1c, 0xf998, 0x012d, 0x020d, 0x066b, 0x0c1c, 0x124e, 0x1172, 0x0bba, 0x099f, 0x014b, 0xfd44,
  0xf9eb, 0xf8de, 0xf9fc, 0xf98c, 0xf8d9, 0xf7f3, 0xf807, 0xf632, 0xf556, 0xf6f6, 0xf5f9, 0xf75c, 0xf95d, 0xf81f, 0xfa51, 0xfc37,
  0xfd5b, 0xfdff, 0xff26, 0xffe5, 0xff30, 0x0378, 0x0511, 0x075e, 0x0a99, 0x0a68, 0x0a61, 0x0a19, 0x0993, 0x086e, 0xfefc, 0xfb7d,
  0x0226, 0x0246, 0x06b6, 0x0c69, 0x1270, 0x100a, 0x0abd, 0x0865, 0xfff4, 0xfc3b, 0xf8e3, 0xf8c4, 0xf9fb, 0xf95c, 0xf8b9, 0xf83f,
  0xf806, 0xf672, 0xf647, 0xf7a9, 0xf684, 0xf801, 0xf951, 0xf7f1, 0xfa37, 0xfbb6, 0xfcf2, 0xfe1e, 0xffe4, 0x005b, 0xffd1, 0x03f7,
  0x0517, 0x0771, 0x0a50, 0x0a2f, 0x0aba, 0x0af8, 0x0a88, 0x0964, 0xfee8, 0xfb6a, 0x0201, 0x0213, 0x06ba, 0x0c46, 0x124b, 0x0f7f,
  0x0b33, 0x08a8, 0x0029, 0xfd08, 0xf9bc, 0xf935, 0xf9ab, 0xf89b, 0xf70b, 0xf624, 0xf64e, 0xf4e8, 0xf57d, 0xf774, 0xf674, 0xf87a,
  0xf99b, 0xf80d, 0xfa61, 0xfc0a, 0xfdb1, 0xff0d, 0x0109, 0x0112, 0x00ef, 0x04e5, 0x056a, 0x07d9, 0x0a29, 0x09e4, 0x0a78, 0x0a97,
  0x0a46, 0x08ab, 0xfdc5, 0xfbb9, 0x0210, 0x019e, 0x061e, 0x0b7f, 0x1140, 0x0d61, 0x09c9, 0x074c, 0xff3e, 0xfcb7, 0xfa06, 0xf9f4,
  0xf9c4, 0xf890, 0xf6dc, 0xf635, 0xf6a5, 0xf58b, 0xf6d8, 0xf8cd, 0xf7f0, 0xfa05, 0xf9fd, 0xf840, 0xfa77, 0xfbee, 0xfd71, 0xfe44,
  0xfffc, 0xfff2, 0x004c, 0x0442, 0x04f1, 0x0835, 0x0aa5, 0x0a15, 0x0a6f, 0x09fa, 0x095e, 0x0788, 0xfcc8, 0xfbc3, 0x0214, 0x029a,
  0x0734, 0x0bd7, 0x1169, 0x0d3c, 0x0a07, 0x0733, 0x0003, 0xfde6, 0xfafe, 0xfb6a, 0xfad2, 0xf8c4, 0xf6de, 0xf624, 0xf637, 0xf570,
  0xf6a5, 0xf826, 0xf7a9, 0xfa02, 0xf9bb, 0xf847, 0xfaca, 0xfbd1, 0xfcc2, 0xfda0, 0xff3d, 0xfeab, 0xffd0, 0x03f4, 0x053d, 0x08ff,
  0x0b24, 0x0a91, 0x0aa8, 0x0a4d, 0x0974, 0x0713, 0xfcb1, 0xfcdc, 0x02dc, 0x0329, 0x0811, 0x0cf0, 0x11de, 0x0cf7, 0x09aa, 0x0676,
  0xff48, 0xfc9c, 0xf9d6, 0xfaaf, 0xfa5f, 0xf8e6, 0xf78e, 0xf73b, 0xf6f4, 0xf5b7, 0xf6c6, 0xf7a4, 0xf6b9, 0xf900, 0xf8c1, 0xf7e8,
  0xfa53, 0xfb94, 0xfcb8, 0xfd3d, 0xfecf, 0xfe6c, 0x0051, 0x04b4, 0x064b, 0x0a1f, 0x0c22, 0x0be1, 0x0b46, 0x0985, 0x0847, 0x05aa,
  0xfaed, 0xfbdc, 0x0213, 0x029f, 0x0820, 0x0d8a, 0x12a9, 0x0e0a, 0x0aad, 0x067b, 0xfefe, 0xfbe3, 0xf8e8, 0xf9a3, 0xf98f, 0xf887,
  0xf75b, 0xf77d, 0xf75a, 0xf5b1, 0xf6eb, 0xf7ee, 0xf77b, 0xf9dd, 0xf98b, 0xf968, 0xfc02, 0xfd04, 0xfdea, 0xfe0f, 0xff37, 0xfe80,
  0x0078, 0x0483, 0x05f8, 0x09ab, 0x0b63, 0x0b18, 0x0b3d, 0x0a6d, 0x097b, 0x0623, 0xfb0d, 0xfcb0, 0x0182, 0x01d6, 0x075f, 0x0cb3,
  0x11d5, 0x0cb1, 0x0a58, 0x05b2, 0xfe7e, 0xfba7, 0xf8fe, 0xfa71, 0xfa17, 0xf97a, 0xf88b, 0xf844, 0xf7e1, 0xf5d7, 0xf670, 0xf691,
  0xf5d9, 0xf897, 0xf855, 0xf8aa, 0xfb95, 0xfd76, 0xff24, 0xffdf, 0x0141, 0x004c, 0x0233, 0x0569, 0x0657, 0x091c, 0x0a59, 0x0a4f,
  0x0a49, 0x0988, 0x0921, 0x0572, 0xfaaa, 0xfd98, 0x01cc, 0x0247, 0x0870, 0x0da0, 0x11d0, 0x0ca6, 0x0a60, 0x04f3, 0xfdc8, 0xfaa0,
  0xf7ed, 0xf946, 0xf920, 0xf861, 0xf77c, 0xf7cd, 0xf785, 0xf62e, 0xf77d, 0xf7de, 0xf78b, 0xf9d7, 0xf8d9, 0xf8ed, 0xfb91, 0xfcfc,
  0xfe52, 0xff1e, 0x00a3, 0xffdc, 0x0217, 0x04b7, 0x05e4, 0x0937, 0x0a47, 0x0a76, 0x0ae5, 0x0a6f, 0x0a41, 0x0565, 0xfad3, 0xfe6f,
  0x013f, 0x0225, 0x07c0, 0x0d4a, 0x1164, 0x0bad, 0x0a6e, 0x0527, 0xff45, 0xfc59, 0xfa05, 0xfb4f, 0xf9f3, 0xf89a, 0xf71c, 0xf6ba,
  0xf5e4, 0xf4d4, 0xf673, 0xf689, 0xf6e5, 0xf998, 0xf89d, 0xf977, 0xfbe9, 0xfd80, 0xff2c, 0xfff4, 0x015c, 0x0049, 0x02f8, 0x055f,
  0x0621, 0x0933, 0x0a12, 0x0a4a, 0x0a76, 0x09e6, 0x0a16, 0x04cf, 0xfafe, 0x003c, 0x02e9, 0x0427, 0x0984, 0x0e8b, 0x10be, 0x0a01,
  0x08c6, 0x02cd, 0xfd72, 0xfaba, 0xf8ca, 0xfa64, 0xf913, 0xf761, 0xf5c3, 0xf5d4, 0xf545, 0xf467, 0xf697, 0xf6f3, 0xf7c3, 0xfab7,
  0xf912, 0xf9d3, 0xfbf0, 0xfd20, 0xfe8a, 0xff80, 0x0137, 0x00b9, 0x0457, 0x06fa, 0x0899, 0x0c1c, 0x0c51, 0x0b90, 0x0adc, 0x095a,
  0x0906, 0x02b5, 0xf94a, 0xff75, 0x01d9, 0x0369, 0x090c, 0x0e0a, 0x0f9a, 0x08f9, 0x07e2, 0x01be, 0xfc85, 0xfa2f, 0xf895, 0xf9c1,
  0xf899, 0xf6ce, 0xf511, 0xf54d, 0xf4e2, 0xf4b4, 0xf77f, 0xf7ff, 0xf960, 0xfc41, 0xfb04, 0xfc4e, 0xfdf5, 0xfe77, 0xff52, 0x0018,
  0x00dd, 0xfffe, 0x0408, 0x06b4, 0x087d, 0x0bf1, 0x0c2e, 0x0b6d, 0x0a70, 0x088f, 0x07b0, 0x010d, 0xf889, 0xfebc, 0x010c, 0x0388,
  0x0893, 0x0d97, 0x0f1e, 0x0866, 0x070a, 0x0113, 0xfcc2, 0xfa35, 0xf934, 0xfae2, 0xf9c0, 0xf885, 0xf785, 0xf7bf, 0xf70c, 0xf6af,
  0xf878, 0xf813, 0xf950, 0xfb97, 0xf9a3, 0xfaf7, 0xfcb9, 0xfd9b, 0xfe81, 0xff61, 0x003d, 0xffca, 0x03d5, 0x0601, 0x0828, 0x0b6d,
  0x0b79, 0x0aa5, 0x09d5, 0x07ec, 0x0709, 0xffd5, 0xf80d, 0xfee4, 0x00f4, 0x03de, 0x098e, 0x0faa, 0x10bc, 0x0a98, 0x0928, 0x01e5,
  0xfcb2, 0xf99b, 0xf8ac, 0xf99b, 0xf8aa, 0xf7b9, 0xf712, 0xf79d, 0xf68e, 0xf605, 0xf7bb, 0xf748, 0xf86c, 0xfa9d, 0xf92e, 0xfae2,
  0xfce8, 0xfe11, 0xff1b, 0x0015, 0x0067, 0xffea, 0x03bf, 0x05ce, 0x0858, 0x0b18, 0x0b27, 0x0af4, 0x0af0, 0x097e, 0x08cd, 0x0087,
  0xf96b, 0x007d, 0x00fa, 0x0406, 0x09ab, 0x0fc1, 0x0fff, 0x0a08, 0x08ab, 0x00f0, 0xfc2c, 0xf8ee, 0xf804, 0xf960, 0xf884, 0xf771,
  0xf6ec, 0xf754, 0xf62a, 0xf5cd, 0xf763, 0xf65e, 0xf7dd, 0xfa1b, 0xf8bb, 0xfade, 0xfd1f, 0xfef1, 0x0057, 0x01ab, 0x0227, 0x0224,
  0x060b, 0x074f, 0x0954, 0x0bdc, 0x0bae, 0x0b55, 0x0aee, 0x092b, 0x0847, 0xff42, 0xf8c4, 0xff9c, 0x0012, 0x03ae, 0x091c, 0x0f33,
  0x0e96, 0x094c, 0x07b6, 0xffd8, 0xfb7e, 0xf7ee, 0xf7c8, 0xf8ea, 0xf7c0, 0xf6d1, 0xf6a5, 0xf74b, 0xf65e, 0xf6cc, 0xf8ea, 0xf8b4,
  0xfa92, 0xfc21, 0xfa83, 0xfc82, 0xfe11, 0xff30, 0x0052, 0x01b4, 0x01c8, 0x01c9, 0x057d, 0x0680, 0x0898, 0x0abf, 0x0a58, 0x0a19,
  0x09b6, 0x0838, 0x0785, 0xfde4, 0xf857, 0xff12, 0xff0d, 0x028e, 0x07ab, 0x0e05, 0x0d21, 0x088b, 0x0789, 0x008b, 0xfd20, 0xfa40,
  0xfaa3, 0xfb2e, 0xf9b7, 0xf861, 0xf78f, 0xf7c2, 0xf6af, 0xf761, 0xf90c, 0xf8b5, 0xfafb, 0xfbdf, 0xfa28, 0xfbe0, 0xfcf8, 0xfe38,
  0xff70, 0x00d2, 0x00d0, 0x0156, 0x04f8, 0x0600, 0x0825, 0x0992, 0x094e, 0x095b, 0x090b, 0x07c6, 0x071f, 0xfd91, 0xf997, 0x00e9,
  0x00f0, 0x053a, 0x0a2b, 0x1033, 0x0e14, 0x095f, 0x0862, 0x012d, 0xfde4, 0xfa96, 0xfad8, 0xfb24, 0xf8f7, 0xf763, 0xf688, 0xf6da,
  0xf636, 0xf737, 0xf8f7, 0xf89d, 0xfaea, 0xfae0, 0xf8c3, 0xfa95, 0xfb44, 0xfc8b, 0xfe09, 0xfff8, 0x006b, 0x017f, 0x05c3, 0x070c,
  0x09d2, 0x0beb, 0x0b78, 0x0b27, 0x0a28, 0x0889, 0x06f3, 0xfc82, 0xf9c8, 0x00a3, 0x007d, 0x04dd, 0x09b0, 0x0fc8, 0x0d04, 0x0907,
  0x076f, 0x0031, 0xfd0a, 0xf998, 0xf9dd, 0xf976, 0xf796, 0xf615, 0xf559, 0xf5a6, 0xf531, 0xf6cd, 0xf8cc, 0xf8a8, 0xfb41, 0xfbc8,
  0xfa82, 0xfca1, 0xfd88, 0xfef0, 0x002a, 0x01ab, 0x017b, 0x0299, 0x066f, 0x07a3, 0x0a57, 0x0bb8, 0x0b1a, 0x0a8d, 0x093a, 0x074e,
  0x0546, 0xfab5, 0xf95c, 0xff5a, 0xff3b, 0x0463, 0x0926, 0x0f17, 0x0b71, 0x07c4, 0x058f, 0xfea9, 0xfbfb, 0xf8ad, 0xf9f3, 0xfa3e,
  0xf8f1, 0xf816, 0xf81a, 0xf896, 0xf7a6, 0xf8ed, 0xfa1c, 0xf987, 0xfc1d, 0xfbe7, 0xfaec, 0xfd1e, 0xfded, 0xff2a, 0xffc9, 0x0100,
  0x0067, 0x0203, 0x05a3, 0x0691, 0x098b, 0x0aa1, 0x09ba, 0x08e5, 0x0742, 0x05b6, 0x02fa, 0xf849, 0xf900, 0xfee6, 0xff71, 0x0591,
  0x0b54, 0x1129, 0x0d27, 0x0b09, 0x0786, 0xffe1, 0xfd52, 0xfa0f, 0xfb21, 0xfafb, 0xf9f2, 0xf8d2, 0xf8bf, 0xf8bc, 0xf6de, 0xf805,
  0xf8b9, 0xf808, 0xfaa4, 0xfa17, 0xf9a8, 0xfbcc, 0xfc69, 0xfd86, 0xfe76, 0x0000, 0xfee6, 0x0096, 0x0467, 0x05b8, 0x08f7, 0x09e4,
  0x095b, 0x0967, 0x0853, 0x079e, 0x0447, 0xf999, 0xfc8b, 0x018b, 0x01f0, 0x0869, 0x0dfa, 0x12bd, 0x0d51, 0x0b20, 0x0688, 0xff2b,
  0xfcb2, 0xf92e, 0xfa6e, 0xfa2b, 0xf8c6, 0xf72b, 0xf6da, 0xf6bc, 0xf53c, 0xf694, 0xf6e2, 0xf663, 0xf96c, 0xf8aa, 0xf891, 0xfb16,
  0xfbf7, 0xfdca, 0xff34, 0x0115, 0x006e, 0x02da, 0x065c, 0x073b, 0x0a70, 0x0b28, 0x0aba, 0x0ac0, 0x09b2, 0x0941, 0x04a5, 0xfa38,
  0xfe79, 0x01df, 0x02e2, 0x094e, 0x0e5e, 0x11e4, 0x0bf5, 0x0ac1, 0x04e5, 0xfe0e, 0xfb88, 0xf82d, 0xf97d, 0xf87e, 0xf6dd, 0xf56e,
  0xf5ad, 0xf587, 0xf4c8, 0xf707, 0xf783, 0xf7ca, 0xfb06, 0xf9c5, 0xfa24, 0xfc89, 0xfd41, 0xfeb1, 0xffec, 0x01c9, 0x00bf, 0x0353,
  0x0639, 0x0749, 0x0a9c, 0x0b08, 0x0ab8, 0x0ac8, 0x09fa, 0x0977, 0x032d, 0xf9b4, 0xfed9, 0x00c9, 0x020d, 0x07ca, 0x0ce6, 0x0fe8,
  0x0a22, 0x0969, 0x03bc, 0xfeb0, 0xfc32, 0xf98d, 0xfb3c, 0xf9f2, 0xf81e, 0xf694, 0xf6b9, 0xf647, 0xf5db, 0xf813, 0xf7b2, 0xf81b,
  0xfb01, 0xf935, 0xfa01, 0xfbce, 0xfcb2, 0xfe92, 0xffcb, 0x0132, 0xffd3, 0x02d3, 0x0543, 0x0653, 0x0996, 0x09b7, 0x0983, 0x095e,
  0x0885, 0x0875, 0x0146, 0xf8fb, 0xffcc, 0x0160, 0x0445, 0x0a85, 0x0fdf, 0x11c2, 0x0ba0, 0x0b2a, 0x0459, 0xff77, 0xfcac, 0xf9ed,
  0xfb86, 0xf9cd, 0xf7b8, 0xf660, 0xf6ee, 0xf651, 0xf5b4, 0xf7dd, 0xf726, 0xf7d3, 0xf9fd, 0xf78b, 0xf8bf, 0xfa54, 0xfb03, 0xfc97,
  0xfe24, 0xffd3, 0xfee2, 0x02c0, 0x058a, 0x07ab, 0x0b9d, 0x0be2, 0x0be0, 0x0bab, 0x0af6, 0x0a88, 0x01c2, 0xfa4f, 0x01ae, 0x0282,
  0x05b3, 0x0b7f, 0x10ea, 0x11bd, 0x0bae, 0x0a97, 0x02e8, 0xfeaf, 0xfb7d, 0xf8da, 0xf99b, 0xf7c1, 0xf5b8, 0xf42a, 0xf49e, 0xf3b1,
  0xf3be, 0xf617, 0xf586, 0xf6f9, 0xf92f, 0xf781, 0xf982, 0xfb38, 0xfc85, 0xfe3a, 0xfffd, 0x014c, 0x007c, 0x04ee, 0x075c, 0x09a0,
  0x0cfd, 0x0d02, 0x0d06, 0x0c53, 0x0b00, 0x0a37, 0x00cd, 0xfa4c, 0x0176, 0x01ad, 0x0527, 0x0a6e, 0x0fcb, 0x0f2f, 0x0931, 0x07c5,
  0xffcb, 0xfc43, 0xf914, 0xf7c8, 0xf8eb, 0xf71d, 0xf5c3, 0xf4eb, 0xf5e7, 0xf557, 0xf59f, 0xf7c6, 0xf6fd, 0xf8d5, 0xfa6d, 0xf859,
  0xfab2, 0xfc61, 0xfde9, 0xff48, 0x00f0, 0x0219, 0x01a2, 0x05f4, 0x078c, 0x09f6, 0x0cbf, 0x0be1, 0x0b32, 0x0a46, 0x090a, 0x0801,
  0xfe05, 0xf8a7, 0x005b, 0x00b6, 0x04dc, 0x09e0, 0x0fa3, 0x0ec5, 0x0987, 0x084c, 0x0047, 0xfd28, 0xf9fe, 0xf914, 0xf9ee, 0xf817,
  0xf70f, 0xf6c0, 0xf78e, 0xf6a6, 0xf6e9, 0xf8c2, 0xf793, 0xf917, 0xfa28, 0xf813, 0xfa45, 0xfb67, 0xfcdc, 0xfe4d, 0x0007, 0x00ac,
  0x0079, 0x04f1, 0x066b, 0x08e3, 0x0b3f, 0x0aa9, 0x0a6e, 0x09ec, 0x0929, 0x0867, 0xfe6f, 0xf9d0, 0x01a3, 0x01f3, 0x064a, 0x0b84,
  0x1181, 0x1026, 0x0b0c, 0x0960, 0x0157, 0xfddb, 0xfa32, 0xf990, 0xf9e4, 0xf7bb, 0xf624, 0xf586, 0xf5eb, 0xf4d3, 0xf536, 0xf6b1,
  0xf59c, 0xf77a, 0xf844, 0xf693, 0xf900, 0xfa7e, 0xfc66, 0xfdef, 0xffed, 0x007b, 0x011c, 0x05be, 0x0704, 0x09f7, 0x0cb2, 0x0c77,
  0x0c52, 0x0c03, 0x0b69, 0x0a72, 0xffe0, 0xfb1d, 0x024c, 0x0278, 0x0679, 0x0ae2, 0x10c3, 0x0f2c, 0x09cd, 0x0753, 0xffb3, 0xfc6a,
  0xf8a4, 0xf873, 0xf88d, 0xf676, 0xf4f7, 0xf475, 0xf4f6, 0xf3d0, 0xf49c, 0xf667, 0xf5f8, 0xf87f, 0xf97b, 0xf885, 0xfb68, 0xfd03,
  0xfed4, 0x0054, 0x0261, 0x0275, 0x02d9, 0x070d, 0x0809, 0x0a8a, 0x0c99, 0x0c52, 0x0c1c, 0x0b93, 0x0a9a, 0x091d, 0xfe48, 0xfa0d,
  0x012c, 0x0132, 0x051f, 0x0973, 0x0f1a, 0x0d3f, 0x0806, 0x05b2, 0xfed5, 0xfbb3, 0xf875, 0xf8e3, 0xf946, 0xf7c6, 0xf66d, 0xf601,
  0xf692, 0xf5f1, 0xf70f, 0xf86d, 0xf7bc, 0xfa06, 0xfa72, 0xf901, 0xfb5c, 0xfce8, 0xfea1, 0xfffd, 0x019b, 0x0172, 0x025c, 0x062c,
  0x0738, 0x0a05, 0x0bbd, 0x0b3d, 0x0aa6, 0x09c7, 0x0846, 0x06aa, 0xfc65, 0xf8ae, 0xffea, 0x00ca, 0x0551, 0x09cf, 0x100d, 0x0e33,
  0x099b, 0x07b2, 0x00df, 0xfd51, 0xf9fd, 0xfa83, 0xf9ee, 0xf81a, 0xf6c6, 0xf63c, 0xf6ea, 0xf654, 0xf775, 0xf8f8, 0xf858, 0xfa17,
  0xf9ec, 0xf8a7, 0xfaa8, 0xfba9, 0xfd0e, 0xfe0c, 0xffbc, 0xff93, 0x00fa, 0x04fd, 0x0699, 0x0a24, 0x0be4, 0x0bb0, 0x0b4d, 0x0a9d,
  0x098d, 0x07d8, 0xfd4b, 0xfaf3, 0x01b1, 0x01f5, 0x067e, 0x0ada, 0x1101, 0x0e38, 0x0a17, 0x07df, 0x00e8, 0xfd4e, 0xf999, 0xfa0c,
  0xf900, 0xf71a, 0xf5f7, 0xf54a, 0xf593, 0xf4e5, 0xf60b, 0xf73b, 0xf694, 0xf8eb, 0xf932, 0xf86d, 0xfac1, 0xfc3a, 0xfe4a, 0xffba,
  0x017c, 0x014f, 0x030e, 0x06d7, 0x0806, 0x0b43, 0x0c86, 0x0be6, 0x0b63, 0x0ab2, 0x09bd, 0x07fa, 0xfd0d, 0xfbd6, 0x0244, 0x0234,
  0x0674, 0x0a99, 0x1063, 0x0c42, 0x0842, 0x05a1, 0xfe45, 0xfa9b, 0xf74b, 0xf86b, 0xf7da, 0xf66c, 0xf58a, 0xf5b6, 0xf684, 0xf5eb,
  0xf717, 0xf839, 0xf7d6, 0xfa2b, 0xf9df, 0xf920, 0xfb98, 0xfd17, 0xfef7, 0x0081, 0x026f, 0x01ee, 0x03d5, 0x0762, 0x0829, 0x0ace,
  0x0bb1, 0x0adf, 0x0a13, 0x0958, 0x085a, 0x058f, 0xfa68, 0xfae0, 0x00f0, 0x0117, 0x0608, 0x0ad3, 0x10a2, 0x0c13, 0x0910, 0x05fd,
  0xfedf, 0xfb6a, 0xf84f, 0xf994, 0xf8ba, 0xf79d, 0xf69f, 0xf6fa, 0xf78e, 0xf6bf, 0xf815, 0xf8b7, 0xf855, 0xfac6, 0xf9f2, 0xf92d,
  0xfb62, 0xfc8a, 0xfe0c, 0xff49, 0x010e, 0x0041, 0x0269, 0x05ce, 0x06c9, 0x09ed, 0x0acd, 0x0a8c, 0x0a3a, 0x09a0, 0x0932, 0x05ab,
  0xfa9b, 0xfc93, 0x01af, 0x022a, 0x0786, 0x0c7b, 0x11ab, 0x0c89, 0x0a41, 0x0665, 0xff80, 0xfc2c, 0xf900, 0xfa3e, 0xf927, 0xf7c4,
  0xf625, 0xf622, 0xf65f, 0xf549, 0xf676, 0xf6c1, 0xf6c2, 0xf98c, 0xf8bb, 0xf89b, 0xfadf, 0xfc13, 0xfdfc, 0xff3f, 0x010d, 0x003c,
  0x0293, 0x05fb, 0x0739, 0x0aac, 0x0b59, 0x0b59, 0x0b64, 0x0ae7, 0x0aa4, 0x05fd, 0xfabe, 0xfe18, 0x0263, 0x02bf, 0x07fb, 0x0cbe,
  0x1105, 0x0af8, 0x092d, 0x04a9, 0xfdfc, 0xfb14, 0xf862, 0xf99c, 0xf838, 0xf6d3, 0xf562, 0xf582, 0xf581, 0xf4b2, 0xf630, 0xf64f,
  0xf67b, 0xf993, 0xf8d1, 0xf967, 0xfbdf, 0xfd21, 0xff50, 0x00a2, 0x024c, 0x0163, 0x0407, 0x06ea, 0x07e5, 0x0b38, 0x0b7c, 0x0b42,
  0x0b3f, 0x0a64, 0x0a15, 0x0471, 0xf9b5, 0xfe91, 0x01e1, 0x02a0, 0x07fe, 0x0d22, 0x10be, 0x0a32, 0x08c2, 0x037c, 0xfd57, 0xfa74,
  0xf819, 0xf992, 0xf868, 0xf756, 0xf61e, 0xf6a6, 0xf694, 0xf61a, 0xf7e9, 0xf7f5, 0xf844, 0xfac9, 0xf961, 0xf9ec, 0xfbcd, 0xfcb4,
  0xfeb0, 0x0033, 0x01b7, 0x00c3, 0x03ff, 0x0684, 0x07c4, 0x0af4, 0x0b01, 0x0ac5, 0x0a7e, 0x0978, 0x0909, 0x0243, 0xf826, 0xfdf4,
  0x00b3, 0x02bb, 0x0887, 0x0e4e, 0x117b, 0x0b4d, 0x0a60, 0x043e, 0xfeaa, 0xfb94, 0xf95e, 0xfaaa, 0xf8cc, 0xf748, 0xf5e8, 0xf661,
  0xf622, 0xf5de, 0xf7eb, 0xf7a2, 0xf82f, 0xfa31, 0xf83c, 0xf943, 0xfaf2, 0xfbd6, 0xfdad, 0xff3e, 0x008c, 0xffab, 0x034d, 0x05df,
  0x07bc, 0x0b4b, 0x0b7f, 0x0b8c, 0x0b92, 0x0aba, 0x0a40, 0x0288, 0xf920, 0xffc0, 0x020f, 0x046c, 0x09e5, 0x0f66, 0x114d, 0x0ada,
  0x09e6, 0x030a, 0xfe0d, 0xfadf, 0xf89e, 0xf9a4, 0xf791, 0xf61e, 0xf4e1, 0xf571, 0xf4f2, 0xf4a1, 0xf6c6, 0xf65d, 0xf73d, 0xf94b,
  0xf77e, 0xf927, 0xfb47, 0xfce3, 0xff07, 0x00bc, 0x0219, 0x0175, 0x055b, 0x07c1, 0x09aa, 0x0cdc, 0x0cbe, 0x0c78, 0x0bf7, 0x0aaf,
  0x0a3b, 0x0236, 0xf9b7, 0x00b8, 0x026f, 0x04f3, 0x09f1, 0x0f22, 0x0fcf, 0x0935, 0x07fb, 0x0078, 0xfbb1, 0xf8c8, 0xf75f, 0xf878,
  0xf6e9, 0xf5fd, 0xf569, 0xf64d, 0xf5ac, 0xf5b4, 0xf7d5, 0xf746, 0xf873, 0xfa34, 0xf863, 0xfa31, 0xfc1d, 0xfdcc, 0xffb4, 0x016c,
  0x029c, 0x0208, 0x05e2, 0x07f3, 0x09fb, 0x0c9f, 0x0bf3, 0x0b1f, 0x0a60, 0x08f8, 0x08a0, 0x0019, 0xf7f2, 0xff74, 0x0105, 0x03ea,
  0x0900, 0x0ec3, 0x0f87, 0x092d, 0x07ff, 0x009e, 0xfc46, 0xf974, 0xf87d, 0xf97f, 0xf7fd, 0xf6fd, 0xf64e, 0xf718, 0xf656, 0xf664,
  0xf84c, 0xf787, 0xf8d9, 0xfa60, 0xf891, 0xfa5e, 0xfbe3, 0xfd9b, 0xff4b, 0x00a7, 0x012b, 0x00c5, 0x04b7, 0x0676, 0x0891, 0x0b34,
  0x0aee, 0x0aa1, 0x0a81, 0x095f, 0x0932, 0x006c, 0xf8ba, 0x00ad, 0x0250, 0x0571, 0x09ee, 0x0f49, 0x0fcc, 0x0966, 0x0843, 0x013f,
  0xfd31, 0xfa3d, 0xf966, 0xfa38, 0xf845, 0xf6ec, 0xf5fb, 0xf656, 0xf55f, 0xf53c, 0xf6dd, 0xf61b, 0xf7a7, 0xf915, 0xf7ac, 0xf9ed,
  0xfbe3, 0xfdce, 0xff94, 0x0118, 0x015f, 0x015e, 0x050c, 0x06c3, 0x0935, 0x0baf, 0x0bb3, 0x0b78, 0x0b68, 0x0a4d, 0x0a4d, 0x0191,
  0xfa7b, 0x01c7, 0x0262, 0x053c, 0x093c, 0x0ea1, 0x0ea7, 0x08b8, 0x077e, 0x0020, 0xfc03, 0xf8c5, 0xf84d, 0xf903, 0xf6fa, 0xf61a,
  0xf5b0, 0xf62b, 0xf54a, 0xf583, 0xf746, 0xf69c, 0xf82f, 0xf94c, 0xf81d, 0xfa71, 0xfc4e, 0xfe10, 0xfff4, 0x01e4, 0x0205, 0x0253,
  0x0627, 0x07d4, 0x0a67, 0x0c6f, 0x0c07, 0x0b7d, 0x0b11, 0x0982, 0x0901, 0xffad, 0xf93e, 0x004e, 0x0098, 0x0409, 0x0866, 0x0e68,
  0x0dfb, 0x08b5, 0x079c, 0xfffc, 0xfc16, 0xf89a, 0xf83b, 0xf881, 0xf6b2, 0xf60b, 0xf5c1, 0xf6ba, 0xf62d, 0xf6c1, 0xf87a, 0xf7ee,
  0xf9e5, 0xfaae, 0xf942, 0xfb31, 0xfcc0, 0xfe29, 0xff76, 0x014e, 0x015a, 0x01f7, 0x05fc, 0x07b6, 0x0a59, 0x0c68, 0x0c0f, 0x0b38,
  0x0ac3, 0x093d, 0x0867, 0xfe0c, 0xf8dd, 0x0054, 0x002a, 0x0476, 0x08e5, 0x0f30, 0x0e33, 0x0973, 0x0866, 0x007a, 0xfd1a, 0xf9bf,
  0xf9b4, 0xf9ef, 0xf802, 0xf6c3, 0xf5af, 0xf63e, 0xf562, 0xf619, 0xf7f9, 0xf743, 0xf96b, 0xfa26, 0xf8dc, 0xfae1, 0xfc1f, 0xfd93,
  0xfee1, 0x00d4, 0x00f0, 0x01bd, 0x05a6, 0x0721, 0x09c1, 0x0ba0, 0x0b4b, 0x0ae9, 0x0adf, 0x09c9, 0x08f3, 0xfe32, 0xfaf7, 0x02ab,
  0x020e, 0x06c8, 0x0b12, 0x10bc, 0x0dd3, 0x08eb, 0x0776, 0xff57, 0xfc40, 0xf8cb, 0xf925, 0xf938, 0xf711, 0xf58d, 0xf4b0, 0xf56e,
  0xf452, 0xf514, 0xf6bf, 0xf616, 0xf88c, 0xf8d7, 0xf7a3, 0xfa21, 0xfbcf, 0xfdcf, 0xff89, 0x01d1, 0x0228, 0x037f, 0x07ab, 0x0901,
  0x0bb7, 0x0d52, 0x0cb4, 0x0bfc, 0x0b6b, 0x0a2d, 0x089f, 0xfd65, 0xfb6e, 0x02ea, 0x0271, 0x0732, 0x0aeb, 0x1068, 0x0c99, 0x0810,
  0x05f7, 0xfd9b, 0xfab7, 0xf73a, 0xf79f, 0xf760, 0xf5c1, 0xf4c6, 0xf49e, 0xf5bd, 0xf4e1, 0xf61b, 0xf7e0, 0xf78b, 0xfa11, 0xfa09,
  0xf940, 0xfb92, 0xfd10, 0xff0a, 0x0090, 0x0295, 0x026c, 0x03f0, 0x07f7, 0x093f, 0x0c15, 0x0d20, 0x0c4e, 0x0b7d, 0x0a9b, 0x0946,
  0x073a, 0xfbcc, 0xfa68, 0x0165, 0x00fc, 0x0613, 0x0a1e, 0x1000, 0x0c65, 0x0847, 0x061b, 0xfe3f, 0xfb5f, 0xf81f, 0xf8ad, 0xf849,
  0xf6bf, 0xf584, 0xf554, 0xf651, 0xf5a6, 0xf6e4, 0xf809, 0xf791, 0xfa4f, 0xfa2f, 0xf996, 0xfbc7, 0xfd02, 0xfed3, 0x000a, 0x0192,
  0x00ef, 0x0278, 0x0621, 0x074b, 0x0a6c, 0x0bb2, 0x0b1b, 0x0ac2, 0x0a39, 0x094d, 0x076c, 0xfbd9, 0xfafc, 0x01e2, 0x0169, 0x0649,
  0x0a99, 0x1099, 0x0cfd, 0x092a, 0x06b1, 0xff02, 0xfc0f, 0xf934, 0xf9ca, 0xf90b, 0xf770, 0xf611, 0xf5c5, 0xf63e, 0xf51a, 0xf605,
  0xf6cb, 0xf64f, 0xf8fa, 0xf89b, 0xf84a, 0xfac1, 0xfc2d, 0xfe2e, 0xffad, 0x0156, 0x00e2, 0x02be, 0x0676, 0x07eb, 0x0af3, 0x0c05,
  0x0b82, 0x0b74, 0x0b14, 0x0a2b, 0x0818, 0xfc8c, 0xfc84, 0x0336, 0x02d4, 0x07ca, 0x0bd0, 0x1136, 0x0d09, 0x08f5, 0x05d1, 0xfe28,
  0xfb22, 0xf804, 0xf86f, 0xf7bb, 0xf5f4, 0xf4cf, 0xf4cf, 0xf53a, 0xf4a2, 0xf621, 0xf71e, 0xf6b4, 0xf94f, 0xf8c9, 0xf856, 0xfac7,
  0xfc31, 0xfe3a, 0x0052, 0x0212, 0x01ed, 0x0477, 0x07fe, 0x09bf, 0x0cab, 0x0d6a, 0x0c68, 0x0bee, 0x0b29, 0x09e7, 0x075b, 0xfb3b,
  0xfb87, 0x0225, 0x01cb, 0x066e, 0x0a77, 0x1005, 0x0b9d, 0x081a, 0x0539, 0xfda4, 0xfa98, 0xf7b2, 0xf80e, 0xf6e4, 0xf4f3, 0xf409,
  0xf445, 0xf507, 0xf502, 0xf6f3, 0xf83c, 0xf850, 0xfaba, 0xf9e2, 0xf985, 0xfb95, 0xfcd9, 0xfea8, 0x0094, 0x023e, 0x01f5, 0x048c,
  0x07c9, 0x098a, 0x0c62, 0x0cd1, 0x0bca, 0x0b7d, 0x0aa8, 0x09af, 0x0700, 0xfaf8, 0xfb8b, 0x0186, 0x0106, 0x0530, 0x099f, 0x0f4b,
  0x0b05, 0x07f6, 0x04f8, 0xfe07, 0xfb1d, 0xf887, 0xf8e4, 0xf792, 0xf623, 0xf54a, 0xf57d, 0xf603, 0xf5e2, 0xf7ad, 0xf88c, 0xf8b3,
  0xfaed, 0xf9d9, 0xf9d1, 0xfbc6, 0xfd15, 0xff19, 0x00dd, 0x0253, 0x0229, 0x049d, 0x075a, 0x0895, 0x0b0c, 0x0b9e, 0x0abf, 0x0aa5,
  0x09db, 0x0909, 0x06bf, 0xfb1a, 0xfc31, 0x021d, 0x01bc, 0x0638, 0x0ab5, 0x100e, 0x0b60, 0x08a7, 0x0546, 0xfdc3, 0xfac0, 0xf87a,
  0xf923, 0xf803, 0xf6cf, 0xf60a, 0xf645, 0xf6c1, 0xf5fe, 0xf749, 0xf7ec, 0xf7ac, 0xf987, 0xf84a, 0xf863, 0xfa9d, 0xfc35, 0xfe7b,
  0x0081, 0x01f5, 0x022c, 0x04cc, 0x0785, 0x0922, 0x0b97, 0x0c43, 0x0b39, 0x0b13, 0x0a5c, 0x0949, 0x0689, 0xfaf1, 0xfcfc, 0x02cd,
  0x02c9, 0x07c6, 0x0bcf, 0x10df, 0x0c18, 0x08c7, 0x0493, 0xfce0, 0xf9e1, 0xf77d, 0xf81d, 0xf70f, 0xf5a4, 0xf507, 0xf55c, 0xf59d,
  0xf524, 0xf6aa, 0xf767, 0xf76c, 0xf98f, 0xf8af, 0xf8de, 0xfb4d, 0xfd0c, 0xff3e, 0x0155, 0x0240, 0x026e, 0x0567, 0x0805, 0x0a01,
  0x0c96, 0x0d36, 0x0c72, 0x0c61, 0x0b24, 0x09d0, 0x068a, 0xfad4, 0xfd31, 0x01ef, 0x01b5, 0x0652, 0x0a57, 0x0f4d, 0x09f5, 0x0778,
  0x03bd, 0xfc9e, 0xf9af, 0xf743, 0xf83e, 0xf730, 0xf600, 0xf58b, 0xf5e2, 0xf638, 0xf5cc, 0xf764, 0xf84c, 0xf8ce, 0xfaf1, 0xfa19,
  0xfab5, 0xfd1d, 0xfede, 0x00cd, 0x0250, 0x02dc, 0x028c, 0x0520, 0x0755, 0x0906, 0x0b53, 0x0b9f, 0x0ae5, 0x0acf, 0x098f, 0x08a7,
  0x04c7, 0xf96f, 0xfc6f, 0x0077, 0x00cd, 0x04f3, 0x0984, 0x0e8d, 0x0930, 0x07d2, 0x03be, 0xfd61, 0xfa9c, 0xf895, 0xf9e2, 0xf857,
  0xf76a, 0xf6e8, 0xf742, 0xf766, 0xf6ac, 0xf833, 0xf88a, 0xf8da, 0xfaaa, 0xf990, 0xfa31, 0xfc1b, 0xfdc9, 0xffd1, 0x0160, 0x0208,
  0x018f, 0x03f6, 0x0649, 0x07ff, 0x09ea, 0x0a2d, 0x09c4, 0x0a1b, 0x0912, 0x088d, 0x03d4, 0xf974, 0xfe47, 0x0151, 0x0233, 0x0724,
  0x0c30, 0x1040, 0x0a8d, 0x09ca, 0x046b, 0xfdf8, 0xfb0f, 0xf8b7, 0xf9e0, 0xf7f1, 0xf6ca, 0xf60e, 0xf68f, 0xf69c, 0xf5cf, 0xf7a8,
  0xf7a4, 0xf80e, 0xf9e8, 0xf852, 0xf8f1, 0xfaec, 0xfca4, 0xfeb1, 0x00af, 0x01d1, 0x01d1, 0x04e2, 0x074e, 0x093b, 0x0b9b, 0x0c00,
  0x0b7b, 0x0bab, 0x0a5f, 0x09d4, 0x0381, 0xf96f, 0xff77, 0x015c, 0x02bb, 0x07f2, 0x0d5d, 0x1004, 0x09cc, 0x0997, 0x0305, 0xfcf4,
  0xf9f8, 0xf78b, 0xf87d, 0xf658, 0xf516, 0xf440, 0xf530, 0xf546, 0xf51a, 0xf7a4, 0xf7bd, 0xf8c0, 0xfad0, 0xf95a, 0xfa76, 0xfc74,
  0xfe00, 0xffcd, 0x01e1, 0x02b0, 0x022d, 0x057f, 0x07b3, 0x09a8, 0x0c2a, 0x0c0d, 0x0b60, 0x0b82, 0x0a35, 0x0927, 0x011c, 0xf899,
  0xff2f, 0x0004, 0x025d, 0x073a, 0x0cd9, 0x0e63, 0x0848, 0x085f, 0x0164, 0xfc8e, 0xf9b6, 0xf80d, 0xf953, 0xf76c, 0xf650, 0xf598,
  0xf6c3, 0xf678, 0xf626, 0xf822, 0xf7a8, 0xf919, 0xfaa1, 0xf911, 0xfabc, 0xfc8a, 0xfe57, 0x0004, 0x01d0, 0x0261, 0x01de, 0x0567,
  0x0713, 0x08d6, 0x0b0d, 0x0ace, 0x0a3d, 0x09e7, 0x08de, 0x0835, 0xffa7, 0xf939, 0x0098, 0x013f, 0x04d3, 0x09cb, 0x0f69, 0x0fbe,
  0x09cd, 0x090d, 0x00ef, 0xfcba, 0xf9cc, 0xf8af, 0xf9d4, 0xf834, 0xf753, 0xf69c, 0xf784, 0xf67a, 0xf61a, 0xf7b3, 0xf6b3, 0xf829,
  0xf924, 0xf785, 0xf962, 0xfac7, 0xfca4, 0xfe8f, 0x00cb, 0x019f, 0x01b4, 0x05bb, 0x0771, 0x09da, 0x0c45, 0x0bc4, 0x0b20, 0x0adc,
  0x09e8, 0x08d3, 0xff4b, 0xfa80, 0x0215, 0x0262, 0x0690, 0x0b3f, 0x10cf, 0x0fc3, 0x09ef, 0x0867, 0xfff7, 0xfc3a, 0xf8c0, 0xf7ee,
  0xf89a, 0xf6bd, 0xf590, 0xf49c, 0xf5aa, 0xf4d7, 0xf51a, 0xf6ec, 0xf617, 0xf822, 0xf91d, 0xf80c, 0xfa25, 0xfb99, 0xfdb3, 0xff90,
  0x01a4, 0x01e7, 0x0234, 0x0682, 0x0832, 0x0ad1, 0x0cf6, 0x0c96, 0x0c40, 0x0bdf, 0x0ab9, 0x0914, 0xfe8c, 0xfb0f, 0x0238, 0x0186,
  0x05d5, 0x0a45, 0x0fac, 0x0d68, 0x08c6, 0x0746, 0xfec4, 0xfc14, 0xf8be, 0xf86e, 0xf8f0, 0xf6e8, 0xf59a, 0xf4d7, 0xf5d3, 0xf493,
  0xf502, 0xf6ff, 0xf650, 0xf8be, 0xf962, 0xf8a8, 0xfb49, 0xfcdb, 0xff30, 0x00a3, 0x0281, 0x0263, 0x02c9, 0x069f, 0x07b2, 0x0a6d,
  0x0c41, 0x0bb2, 0x0b6d, 0x0b51, 0x0a91, 0x0864, 0xfd45, 0xfb95, 0x023b, 0x0189, 0x062a, 0x0a6b, 0x1002, 0x0cd4, 0x08e1, 0x06c2,
  0xfe9b, 0xfc89, 0xf912, 0xf958, 0xf98b, 0xf777, 0xf62c, 0xf5ac, 0xf68e, 0xf529, 0xf618, 0xf775, 0xf649, 0xf8a8, 0xf87b, 0xf7cc,
  0xfa60, 0xfbc6, 0xfe2b, 0xffed, 0x0209, 0x0191, 0x023e, 0x063b, 0x078c, 0x0aad, 0x0c30, 0x0b8b, 0x0b64, 0x0aec, 0x0a18, 0x073f,
  0xfbe0, 0xfbfd, 0x0248, 0x0244, 0x07af, 0x0c2a, 0x1172, 0x0d5a, 0x0a5a, 0x0727, 0xfef0, 0xfc85, 0xf870, 0xf8be, 0xf808, 0xf5cf,
  0xf472, 0xf493, 0xf5b9, 0xf447, 0xf5c4, 0xf711, 0xf648, 0xf90b, 0xf868, 0xf7ec, 0xfa58, 0xfbac, 0xfdd5, 0xff53, 0x017a, 0x0104,
  0x0293, 0x06ec, 0x088a, 0x0c1f, 0x0d92, 0x0cb5, 0x0c4c, 0x0b7a, 0x0ab7, 0x070f, 0xfb73, 0xfcdc, 0x0242, 0x0252, 0x07ad, 0x0c3b,
  0x1174, 0x0cb7, 0x0a2f, 0x0623, 0xfe51, 0xfc04, 0xf800, 0xf874, 0xf768, 0xf58c, 0xf43b, 0xf437, 0xf4f1, 0xf3cb, 0xf5a7, 0xf6d4,
  0xf685, 0xf999, 0xf8c5, 0xf8cc, 0xfb42, 0xfc96, 0xfeaa, 0x0010, 0x025a, 0x01a9, 0x0395, 0x07a3, 0x08f5, 0x0c57, 0x0d53, 0x0c6f,
  0x0bee, 0x0b01, 0x0a4f, 0x062e, 0xfadd, 0xfd45, 0x0209, 0x026b, 0x07df, 0x0c76, 0x10d4, 0x0b1b, 0x08cc, 0x0430, 0xfcde, 0xfa9c,
  0xf752, 0xf8b1, 0xf7e8, 0xf659, 0xf510, 0xf574, 0xf61c, 0xf4d3, 0xf6a3, 0xf746, 0xf6ef, 0xf9a7, 0xf86e, 0xf899, 0xfb0d, 0xfcb2,
  0xfee6, 0x008c, 0x02af, 0x01c4, 0x0409, 0x079e, 0x088d, 0x0b9d, 0x0c19, 0x0adf, 0x0a09, 0x0944, 0x08be, 0x0421, 0xf97c, 0xfd6c,
  0x0296, 0x03e9, 0x0935, 0x0d6e, 0x11d2, 0x0bc9, 0x0928, 0x0410, 0xfd83, 0xfb3c, 0xf809, 0xf982, 0xf85a, 0xf6c2, 0xf5a2, 0xf60a,
  0xf69f, 0xf57d, 0xf730, 0xf780, 0xf731, 0xf997, 0xf7d0, 0xf83a, 0xfa74, 0xfbd6, 0xfdf0, 0xff98, 0x01be, 0x00ff, 0x03bb, 0x072a,
  0x0899, 0x0bec, 0x0c3c, 0x0ba3, 0x0b23, 0x0a43, 0x09e5, 0x050f, 0xfb08, 0xff0d, 0x02d4, 0x03a2, 0x08aa, 0x0d5d, 0x1122, 0x0b40,
  0x0980, 0x0432, 0xfdf5, 0xfb37, 0xf827, 0xf952, 0xf7c6, 0xf65d, 0xf512, 0xf575, 0xf5e1, 0xf4cb, 0xf68c, 0xf6d7, 0xf6e8, 0xf93a,
  0xf7de, 0xf8e4, 0xfb3e, 0xfcec, 0xff1c, 0x00cb, 0x028e, 0x0173, 0x0452, 0x0728, 0x0878, 0x0bda, 0x0c49, 0x0bbf, 0x0b63, 0x0ad1,
  0x0a44, 0x04df, 0xfafb, 0xff3e, 0x022d, 0x02f0, 0x07a3, 0x0c83, 0x0fb3, 0x0a11, 0x08d5, 0x02d3, 0xfced, 0xfa44, 0xf7ef, 0xf937,
  0xf7c5, 0xf6c3, 0xf58a, 0xf64d, 0xf679, 0xf53e, 0xf6fc, 0xf6f5, 0xf744, 0xf98a, 0xf815, 0xf967, 0xfbde, 0xfde3, 0xffed, 0x0176,
  0x030f, 0x01c7, 0x04d3, 0x0778, 0x08c0, 0x0b93, 0x0ba0, 0x0b0a, 0x0aaa, 0x0a0a, 0x0949, 0x02d0, 0xf991, 0xff10, 0x01a8, 0x033a,
  0x0847, 0x0d8e, 0x102e, 0x0a57, 0x0912, 0x027b, 0xfd11, 0xfa59, 0xf868, 0xf9be, 0xf874, 0xf74f, 0xf5ce, 0xf6a8, 0xf677, 0xf590,
  0xf79b, 0xf778, 0xf7de, 0xf9f2, 0xf85e, 0xf972, 0xfb71, 0xfd34, 0xff24, 0x00db, 0x024a, 0x015f, 0x04e2, 0x0742, 0x08ed, 0x0bf0,
  0x0bf9, 0x0b6b, 0x0b07, 0x0a66, 0x09b6, 0x0213, 0xf979, 0xffe9, 0x01d0, 0x0464, 0x0942, 0x0e8a, 0x105d, 0x0a2c, 0x0935, 0x0267,
  0xfd94, 0xfa16, 0xf825, 0xf920, 0xf6fa, 0xf597, 0xf42d, 0xf540, 0xf52f, 0xf4ff, 0xf738, 0xf6eb, 0xf7e7, 0xf9cb, 0xf7fd, 0xf960,
  0xfb7b, 0xfd62, 0xff5c, 0x0149, 0x028d, 0x017d, 0x0559, 0x078b, 0x09b6, 0x0ccb, 0x0c88, 0x0c31, 0x0b8e, 0x0acf, 0x09d6, 0x013b,
  0xf9b8, 0x008d, 0x016a, 0x03ef, 0x0890, 0x0e01, 0x0eeb, 0x0926, 0x0894, 0x0157, 0xfcff, 0xf93f, 0xf78e, 0xf878, 0xf679, 0xf56c,
  0xf4a2, 0xf60c, 0xf5bc, 0xf5bd, 0xf7c8, 0xf71e, 0xf82f, 0xf9db, 0xf841, 0xfa08, 0xfc2c, 0xfe55, 0x0051, 0x0213, 0x0308, 0x0229,
  0x0643, 0x07fb, 0x09bf, 0x0c38, 0x0bc1, 0x0b53, 0x0a64, 0x09ca, 0x08d0, 0x0000, 0xf9ce, 0x0064, 0x0115, 0x0449, 0x08df, 0x0ea4,
  0x0ed7, 0x0964, 0x0846, 0x0098, 0xfc6d, 0xf897, 0xf7cc, 0xf8af, 0xf745, 0xf6ae, 0xf5e9, 0xf75f, 0xf6b2, 0xf6a0, 0xf810, 0xf709,
  0xf833, 0xf933, 0xf7c6, 0xf9c6, 0xfb86, 0xfda6, 0xffa9, 0x01e1, 0x02c3, 0x023f, 0x0674, 0x07b1, 0x09dc, 0x0c10, 0x0b7a, 0x0ad3,
  0x09fc, 0x0996, 0x0829, 0xfed9, 0xf9f8, 0x00e8, 0x0154, 0x04f1, 0x09d8, 0x0fbf, 0x0eef, 0x09f8, 0x0838, 0xfff8, 0xfc03, 0xf835,
  0xf7e3, 0xf858, 0xf6cf, 0xf61f, 0xf575, 0xf6d6, 0xf5dd, 0xf5fd, 0xf771, 0xf66a, 0xf818, 0xf92d, 0xf7f0, 0xfa1d, 0xfbfb, 0xfe4f,
  0x0021, 0x0238, 0x02aa, 0x021f, 0x068f, 0x07d7, 0x0a76, 0x0c82, 0x0bda, 0x0b7a, 0x0aac, 0x0a33, 0x0845, 0xfe10, 0xfaac, 0x0131,
  0x00d0, 0x051f, 0x0a13, 0x0fdc, 0x0dea, 0x0999, 0x075e, 0xff05, 0xfbe3, 0xf80a, 0xf81f, 0xf898, 0xf745, 0xf64e, 0xf5ab, 0xf6b2,
  0xf544, 0xf5c1, 0xf740, 0xf686, 0xf8aa, 0xf96e, 0xf88a, 0xfb31, 0xfd03, 0xff65, 0x0113, 0x0304, 0x02e5, 0x02a4, 0x06cf, 0x0778,
  0x0a13, 0x0c0e, 0x0b9e, 0x0b61, 0x0ac4, 0x0a4e, 0x07f1, 0xfced, 0xfb0a, 0x014d, 0x00f8, 0x05fa, 0x0ac6, 0x1053, 0x0d08, 0x0948,
  0x0691, 0xfe1b, 0xfb4f, 0xf799, 0xf876, 0xf8b8, 0xf736, 0xf615, 0xf5b1, 0xf693, 0xf530, 0xf64b, 0xf77b, 0xf688, 0xf8ed, 0xf953,
  0xf89a, 0xfb62, 0xfd07, 0xff85, 0x0161, 0x035e, 0x02b4, 0x02d1, 0x06de, 0x0744, 0x0a47, 0x0be5, 0x0b5a, 0x0b28, 0x0a90, 0x0a02,
  0x069d, 0xfb40, 0xfb78, 0x0148, 0x00fe, 0x0691, 0x0b7a, 0x10d7, 0x0cb2, 0x09d9, 0x0648, 0xfe0e, 0xfb95, 0xf793, 0xf89a, 0xf87b,
  0xf6fc, 0xf595, 0xf5a9, 0xf6d1, 0xf54a, 0xf6a0, 0xf790, 0xf6d3, 0xf95f, 0xf93d, 0xf893, 0xfb29, 0xfcbc, 0xff1d, 0x00c6, 0x02cd,
  0x01e9, 0x02a8, 0x06e9, 0x0769, 0x0ac4, 0x0c60, 0x0c08, 0x0bd7, 0x0afb, 0x0aa4, 0x06a9, 0xfb32, 0xfc7b, 0x0163, 0x018f, 0x077c,
  0x0c5e, 0x113c, 0x0c59, 0x0a27, 0x05e7, 0xfe00, 0xfb5d, 0xf76c, 0xf8ba, 0xf7fa, 0xf6b9, 0xf551, 0xf55f, 0xf61e, 0xf4b5, 0xf6a2,
  0xf772, 0xf6d4, 0xf96b, 0xf8dd, 0xf8a0, 0xfb38, 0xfcc1, 0xff26, 0x00c7, 0x0320, 0x0227, 0x034b, 0x0748, 0x07ef, 0x0b8b, 0x0c9e,
  0x0c30, 0x0bf6, 0x0b48, 0x0ad9, 0x05cd, 0xfa7d, 0xfd1f, 0x0191, 0x01f9, 0x07e4, 0x0c97, 0x10ab, 0x0b26, 0x08d9, 0x03b0, 0xfc9f,
  0xfa45, 0xf69d, 0xf846, 0xf7ae, 0xf652, 0xf4c6, 0xf540, 0xf5f7, 0xf515, 0xf719, 0xf785, 0xf71d, 0xf9d3, 0xf900, 0xf8e7, 0xfbb1,
  0xfd59, 0x0012, 0x01e3, 0x03ce, 0x028b, 0x0454, 0x0801, 0x0875, 0x0bd1, 0x0c60, 0x0bb2, 0x0b0d, 0x09ea, 0x0937, 0x03f4, 0xf95b,
  0xfd5d, 0x0189, 0x01fe, 0x0777, 0x0c34, 0x0fec, 0x09be, 0x0806, 0x0300, 0xfc6f, 0xfa3b, 0xf74b, 0xf8ed, 0xf7fe, 0xf71f, 0xf640,
  0xf72c, 0xf7a9, 0xf6ce, 0xf8b1, 0xf8a3, 0xf851, 0xfa8f, 0xf920, 0xf94a, 0xfbe1, 0xfd3a, 0xff78, 0x0103, 0x02ec, 0x01be, 0x03c2,
  0x0704, 0x07c1, 0x0b2d, 0x0b73, 0x0a8f, 0x09f9, 0x08f6, 0x0896, 0x02f6, 0xf8f6, 0xfd73, 0x00d9, 0x0264, 0x07bc, 0x0d05, 0x10cd,
  0x0af7, 0x09a9, 0x03cf, 0xfdf2, 0xfafc, 0xf82a, 0xfa06, 0xf8a2, 0xf7e6, 0xf68b, 0xf70e, 0xf704, 0xf5eb, 0xf7c6, 0xf747, 0xf733,
  0xf972, 0xf82c, 0xf909, 0xfb4d, 0xfcef, 0xff66, 0x00f4, 0x0275, 0x00ee, 0x0380, 0x06be, 0x07f2, 0x0b6c, 0x0bd5, 0x0b78, 0x0b37,
  0x0a3b, 0x09b4, 0x0343, 0xf9e2, 0xfeea, 0x010c, 0x02e9, 0x088a, 0x0d99, 0x0fbc, 0x0a05, 0x0905, 0x0210, 0xfc5c, 0xf992, 0xf77f,
  0xf967, 0xf7fc, 0xf6fc, 0xf5c1, 0xf68b, 0xf606, 0xf4e3, 0xf6c4, 0xf651, 0xf6e7, 0xf96d, 0xf84d, 0xf9d3, 0xfcc7, 0xfec6, 0x0114,
  0x0296, 0x03f9, 0x027e, 0x0555, 0x07e2, 0x08e7, 0x0c16, 0x0c13, 0x0b48, 0x0abe, 0x09ae, 0x0913, 0x0168, 0xf8d7, 0xff68, 0x00c4,
  0x0322, 0x089d, 0x0e0b, 0x0f6f, 0x095d, 0x0883, 0x00da, 0xfc0c, 0xf95a, 0xf79c, 0xf960, 0xf830, 0xf73e, 0xf605, 0xf728, 0xf676,
  0xf5ef, 0xf813, 0xf74a, 0xf81d, 0xfa55, 0xf8e8, 0xfa80, 0xfcc5, 0xfe48, 0x0036, 0x020b, 0x0323, 0x0164, 0x04bf, 0x06fc, 0x0886,
  0x0b9e, 0x0b56, 0x0aed, 0x0aab, 0x09b5, 0x08b9, 0xfff2, 0xf924, 0xffdd, 0x0053, 0x040a, 0x09cf, 0x0f88, 0x0fa7, 0x0a4d, 0x09be,
  0x01a2, 0xfd65, 0xf9b9, 0xf848, 0xf9a9, 0xf7d5, 0xf65f, 0xf4d6, 0xf63d, 0xf577, 0xf56a, 0xf773, 0xf681, 0xf7f8, 0xf9ed, 0xf833,
  0xf9f2, 0xfc18, 0xfde7, 0xffb3, 0x016c, 0x0257, 0x00ff, 0x0509, 0x06eb, 0x08f2, 0x0c54, 0x0c5a, 0x0c2d, 0x0b80, 0x0adb, 0x098f,
  0xffa7, 0xfa44, 0x010d, 0x0100, 0x0517, 0x0a37, 0x0fd4, 0x0ebe, 0x09f7, 0x0907, 0x0052, 0xfcad, 0xf8a8, 0xf7c7, 0xf889, 0xf6b7,
  0xf5b2, 0xf45d, 0xf5b2, 0xf4cb, 0xf55b, 0xf785, 0xf68f, 0xf85c, 0xf9dd, 0xf896, 0xfb08, 0xfcdd, 0xfec3, 0x00a3, 0x0294, 0x0371,
  0x025d, 0x066a, 0x07dd, 0x0a18, 0x0cd7, 0x0c3a, 0x0bd3, 0x0ae9, 0x0a38, 0x0889, 0xfe48, 0xfa80, 0x0141, 0x00df, 0x057f, 0x0a9d,
  0x1043, 0x0e06, 0x0953, 0x07b6, 0xff28, 0xfc02, 0xf7c7, 0xf7b3, 0xf89c, 0xf757, 0xf65a, 0xf52f, 0xf6b6, 0xf5be, 0xf6a1, 0xf846,
  0xf6d1, 0xf8bb, 0xf98b, 0xf7fd, 0xfa3e, 0xfbda, 0xfe16, 0x0015, 0x0241, 0x02aa, 0x01f6, 0x0663, 0x0774, 0x09fa, 0x0c85, 0x0bd2,
  0x0b3a, 0x0a2c, 0x0993, 0x079c, 0xfcec, 0xfa6f, 0x016a, 0x0192, 0x06d9, 0x0be3, 0x1143, 0x0e32, 0x0a1a, 0x07ac, 0xff00, 0xfbf8,
  0xf7cd, 0xf81a, 0xf85e, 0xf6f0, 0xf5ed, 0xf549, 0xf6ad, 0xf554, 0xf630, 0xf78e, 0xf633, 0xf841, 0xf8ba, 0xf7ad, 0xfa74, 0xfc16,
  0xfe4b, 0xffec, 0x0215, 0x0232, 0x01e1, 0x0687, 0x07ca, 0x0af9, 0x0d4a, 0x0c81, 0x0be7, 0x0ad6, 0x0a15, 0x0797, 0xfc68, 0xfb2b,
  0x022d, 0x0205, 0x073d, 0x0c2b, 0x117f, 0x0d62, 0x0965, 0x0688, 0xfe0e, 0xfb5d, 0xf75b, 0xf7f9, 0xf84b, 0xf725, 0xf5dc, 0xf522,
  0xf613, 0xf4be, 0xf5c1, 0xf6cd, 0xf5bc, 0xf87f, 0xf922, 0xf888, 0xfb9b, 0xfd15, 0xff51, 0x00fc, 0x02f9, 0x0288, 0x029c, 0x0702,
  0x07e2, 0x0af7, 0x0cdf, 0x0c1d, 0x0b9d, 0x0aac, 0x09dd, 0x072b, 0xfbcf, 0xfb65, 0x01af, 0x01aa, 0x0738, 0x0bdf, 0x10e5, 0x0c39,
  0x08f0, 0x05d0, 0xfd80, 0xfb00, 0xf797, 0xf8d9, 0xf8c8, 0xf75f, 0xf5d0, 0xf567, 0xf66e, 0xf4de, 0xf5f9, 0xf6e8, 0xf605, 0xf8d0,
  0xf8f1, 0xf834, 0xfb16, 0xfccc, 0xff24, 0x0099, 0x0291, 0x01d0, 0x025e, 0x0681, 0x0769, 0x0ac9, 0x0c6a, 0x0bac, 0x0b4b, 0x0ab7,
  0x0a30, 0x073d, 0xfb99, 0xfbff, 0x02a0, 0x026d, 0x0781, 0x0c16, 0x113b, 0x0cb2, 0x0935, 0x05dc, 0xfe33, 0xfb82, 0xf7da, 0xf88a,
  0xf805, 0xf6a0, 0xf55c, 0xf535, 0xf5ee, 0xf4ef, 0xf667, 0xf73b, 0xf658, 0xf90e, 0xf8f0, 0xf864, 0xfb35, 0xfc8a, 0xfed9, 0x0074,
  0x023b, 0x01a5, 0x030c, 0x0752, 0x085f, 0x0bbd, 0x0d39, 0x0c73, 0x0c31, 0x0b72, 0x0a92, 0x0771, 0xfb96, 0xfbcc, 0x0172, 0x01c7,
  0x076c, 0x0bdf, 0x111b, 0x0c91, 0x0943, 0x0569, 0xfdd2, 0xfacd, 0xf721, 0xf87e, 0xf7e6, 0xf62d, 0xf4da, 0xf4e5, 0xf5bb, 0xf515,
  0xf701, 0xf7c0, 0xf722, 0xfa08, 0xf978, 0xf8e0, 0xfb81, 0xfca8, 0xfefb, 0x00e0, 0x02b5, 0x0227, 0x03c6, 0x077c, 0x0893, 0x0bed,
  0x0d11, 0x0c0d, 0x0bbb, 0x0ae6, 0x09ec, 0x0670, 0xfa31, 0xfb37, 0x01d2, 0x025b, 0x06e3, 0x0b3c, 0x10bc, 0x0b7d, 0x07d6, 0x045a,
  0xfd8a, 0xfaaf, 0xf78a, 0xf8c3, 0xf7bc, 0xf657, 0xf543, 0xf596, 0xf6a1, 0xf631, 0xf7de, 0xf871, 0xf7c6, 0xf9fd, 0xf929, 0xf8b9,
  0xfb56, 0xfca4, 0xff3b, 0x012b, 0x0299, 0x0200, 0x0409, 0x07a0, 0x08ce, 0x0bdc, 0x0c8b, 0x0b8b, 0x0b2c, 0x09f6, 0x08b5, 0x0594,
  0xfa86, 0xfc56, 0x01b2, 0x01f8, 0x0708, 0x0b45, 0x1080, 0x0b55, 0x0862, 0x04c4, 0xfd9e, 0xfa4a, 0xf71d, 0xf8bb, 0xf7ed, 0xf6dc,
  0xf649, 0xf6ba, 0xf780, 0xf700, 0xf890, 0xf8ba, 0xf80d, 0xfa42, 0xf90b, 0xf8e4, 0xfb9a, 0xfcef, 0xff4b, 0x00f1, 0x029f, 0x026a,
  0x04ba, 0x0801, 0x0913, 0x0c25, 0x0c8f, 0x0b42, 0x0ab7, 0x094f, 0x0842, 0x04ff, 0xfa20, 0xfc49, 0x00cb, 0x0164, 0x0657, 0x0ae2,
  0x0fb5, 0x0a6a, 0x08a1, 0x0434, 0xfcff, 0xf9d8, 0xf74b, 0xf95c, 0xf821, 0xf742, 0xf68f, 0xf6df, 0xf73d, 0xf65e, 0xf81e, 0xf85b,
  0xf7f0, 0xfa3f, 0xf950, 0xf99e, 0xfc18, 0xfd67, 0xfff5, 0x01b2, 0x0300, 0x0230, 0x045f, 0x0740, 0x0882, 0x0b57, 0x0b72, 0x0a53,
  0x0a21, 0x091e, 0x0835, 0x0410, 0xf99a, 0xfd81, 0x017d, 0x021b, 0x071a, 0x0be2, 0x0fde, 0x099f, 0x086c, 0x0383, 0xfce0, 0xfa77,
  0xf809, 0xf9f1, 0xf8a5, 0xf780, 0xf64a, 0xf672, 0xf69f, 0xf5ae, 0xf747, 0xf749, 0xf75c, 0xfa20, 0xf8f9, 0xf964, 0xfc60, 0xfe2a,
  0x00a5, 0x0256, 0x0361, 0x0263, 0x0502, 0x0786, 0x088e, 0x0b42, 0x0b44, 0x0a76, 0x0a54, 0x094b, 0x08e7, 0x03b1, 0xf9e2, 0xfef5,
  0x0132, 0x0294, 0x07ca, 0x0cb3, 0x0f90, 0x0906, 0x08dc, 0x02e2, 0xfcc9, 0xf9cd, 0xf73b, 0xf948, 0xf79b, 0xf6a7, 0xf56e, 0xf634,
  0xf619, 0xf56a, 0xf7b7, 0xf789, 0xf7ee, 0xfa6b, 0xf935, 0xfa3d, 0xfcb7, 0xfe4c, 0x008e, 0x0265, 0x037f, 0x021f, 0x0508, 0x0748,
  0x086d, 0x0b65, 0x0b5a, 0x0ae2, 0x0ae1, 0x09e0, 0x0939, 0x01fa, 0xf8f9, 0xff1b, 0x0086, 0x02c2, 0x0804, 0x0d45, 0x0f4c, 0x08f1,
  0x08e7, 0x0221, 0xfd14, 0xf9bc, 0xf74a, 0xf93f, 0xf75f, 0xf635, 0xf4ca, 0xf5dd, 0xf5ee, 0xf5e5, 0xf7ff, 0xf734, 0xf83f, 0xfada,
  0xf920, 0xfa8d, 0xfca7, 0xfe0d, 0x0080, 0x0202, 0x02cf, 0x016b, 0x04b6, 0x06cb, 0x0849, 0x0b77, 0x0b46, 0x0b27, 0x0b2d, 0x0a21,
  0x0942, 0x00c1, 0xf989, 0x0023, 0x00aa, 0x03d8, 0x0954, 0x0f0b, 0x0f7a, 0x09c4, 0x09e0, 0x01e6, 0xfd44, 0xf97a, 0xf792, 0xf8ed,
  0xf6ca, 0xf5f0, 0xf49e, 0xf60d, 0xf580, 0xf55a, 0xf7ae, 0xf6be, 0xf800, 0xfa23, 0xf89e, 0xfa8e, 0xfc74, 0xfdde, 0x0010, 0x01fc,
  0x0302, 0x0213, 0x05cd, 0x0793, 0x0983, 0x0c90, 0x0c3b, 0x0be2, 0x0b8a, 0x0acd, 0x09ae, 0xffc9, 0xfa3e, 0x0104, 0x00c2, 0x04fa,
  0x0a12, 0x0f91, 0x0e76, 0x091e, 0x0872, 0xff9e, 0xfbf8, 0xf816, 0xf6d8, 0xf82a, 0xf65b, 0xf581, 0xf459, 0xf5bd, 0xf52b, 0xf5db,
  0xf800, 0xf6b6, 0xf881, 0xfa29, 0xf8ae, 0xfaee, 0xfc71, 0xfe47, 0x007e, 0x02db, 0x039b, 0x02b5, 0x06c2, 0x0814, 0x0a74, 0x0ce5,
  0x0bea, 0x0b8e, 0x0ae1, 0x09ee, 0x0830, 0xfda2, 0xfa0b, 0x00fa, 0x00a4, 0x053e, 0x0a03, 0x0f8f, 0x0d4a, 0x084a, 0x0764, 0xfeff,
  0xfbd3, 0xf7f1, 0xf7b6, 0xf8cf, 0xf6d0, 0xf5e1, 0xf567, 0xf702, 0xf63e, 0xf73d, 0xf906, 0xf782, 0xf958, 0xfa14, 0xf887, 0xfb26,
  0xfc75, 0xfe7b, 0x007b, 0x0265, 0x02ac, 0x0236, 0x0686, 0x0787, 0x0a24, 0x0c8e, 0x0b90, 0x0b35, 0x0a79, 0x099a, 0x07d7, 0xfcea,
  0xfa9b, 0x014d, 0x011f, 0x0630, 0x0a9b, 0x100d, 0x0d20, 0x08d3, 0x06e5, 0xfeb2, 0xfc59, 0xf85a, 0xf88f, 0xf943, 0xf77a, 0xf67b,
  0xf5c2, 0xf6c6, 0xf59d, 0xf6c7, 0xf816, 0xf699, 0xf8e8, 0xf948, 0xf819, 0xfb36, 0xfca6, 0xfece, 0x00cf, 0x02ef, 0x02cf, 0x02a6,
  0x0694, 0x077b, 0x0a66, 0x0c41, 0x0b63, 0x0b07, 0x0ab8, 0x0a28, 0x07ae, 0xfc0a, 0xfae6, 0x0164, 0x00f7, 0x0658, 0x0b46, 0x108a,
  0x0c19, 0x08a7, 0x0649, 0xfd85, 0xfb35, 0xf76c, 0xf802, 0xf889, 0xf716, 0xf5e4, 0xf57a, 0xf6be, 0xf551, 0xf680, 0xf7b9, 0xf669,
  0xf8ed, 0xf91e, 0xf871, 0xfb8a, 0xfd2c, 0xffbd, 0x01bc, 0x03d2, 0x02ec, 0x0346, 0x0730, 0x07d8, 0x0aea, 0x0c6a, 0x0b86, 0x0b32,
  0x0a69, 0x09a3, 0x06c4, 0xfafc, 0xfb0c, 0x0120, 0x00f3, 0x0661, 0x0afc, 0x1010, 0x0b61, 0x086b, 0x0593, 0xfd8b, 0xfb89, 0xf7d4,
  0xf8c4, 0xf8b0, 0xf71d, 0xf5e7, 0xf5c7, 0xf6e8, 0xf5a3, 0xf73d, 0xf84b, 0xf717, 0xf9bf, 0xf973, 0xf8d4, 0xfbd1, 0xfd44, 0xff80,
  0x0115, 0x030e, 0x01f8, 0x02ba, 0x0681, 0x0723, 0x0a7f, 0x0c05, 0x0ade, 0x0ab4, 0x0a3f, 0x09ab, 0x067b, 0xfabf, 0xfbfc, 0x013c,
  0x0157, 0x0708, 0x0b8c, 0x10c0, 0x0bb8, 0x0939, 0x05c9, 0xfe56, 0xfc3c, 0xf82c, 0xf997, 0xf8ed, 0xf6f0, 0xf5bc, 0xf58d, 0xf656,
  0xf522, 0xf71f, 0xf7ba, 0xf694, 0xf968, 0xf89f, 0xf86b, 0xfb42, 0xfc9a, 0xfef4, 0x009f, 0x0288, 0x0180, 0x02db, 0x0683, 0x07aa,
  0x0b19, 0x0c23, 0x0b3c, 0x0b23, 0x0a68, 0x098d, 0x0605, 0xfac7, 0xfca2, 0x015d, 0x0195, 0x06fd, 0x0b83, 0x103d, 0x0af6, 0x0955,
  0x056b, 0xfdd3, 0xfb62, 0xf79f, 0xf8f7, 0xf7eb, 0xf654, 0xf556, 0xf5bc, 0xf6ce, 0xf5c6, 0xf783, 0xf801, 0xf72f, 0xf9e1, 0xf91e,
  0xf939, 0xfc17, 0xfd74, 0xff91, 0x013a, 0x0307, 0x01e4, 0x03cb, 0x0703, 0x0828, 0x0bb1, 0x0c68, 0x0b2b, 0x0a98, 0x09c0, 0x0904,
  0x04dd, 0xf98e, 0xfc31, 0x010c, 0x0161, 0x06e3, 0x0c28, 0x10c8, 0x0b3b, 0x0936, 0x04a7, 0xfd86, 0xfadf, 0xf7a8, 0xf948, 0xf8a5,
  0xf798, 0xf66a, 0xf6de, 0xf75c, 0xf629, 0xf7df, 0xf819, 0xf78d, 0xfa04, 0xf906, 0xf956, 0xfbe5, 0xfd3f, 0xff04, 0x011a, 0x0296,
  0x0010, 0xf9ef, 0xfd33, 0x0722, 0x09a5, 0x0f50, 0x1681, 0x1ae8, 0x1639, 0x1031, 0x0d16, 0x02e5, 0xff4a, 0xfde4, 0xfe82, 0x00db,
  0x0044, 0xfec3, 0xfc85, 0xfd4c, 0xfa03, 0xf824, 0xf6ce, 0xf50a, 0xf7c0, 0xf652, 0xf4c5, 0xf6dc, 0xfa16, 0xfb14, 0xfd8f, 0x005c,
  0xfff8, 0xf8e4, 0xf70f, 0xfe1c, 0xff1f, 0x040b, 0x0ce7, 0x1489, 0x1326, 0x0d44, 0x0acc, 0x054c, 0x0392, 0x04fd, 0x0629, 0x087a,
  0x0896, 0x05f9, 0x02bd, 0x0093, 0xfd2d, 0xf7aa, 0xf5f3, 0xf44b, 0xf622, 0xf68f, 0xf511, 0xf6fc, 0xf98e, 0xfbb0, 0xfcba, 0xff1e,
  0xfe56, 0xfca3, 0xf724, 0xf887, 0xfdf2, 0xff73, 0x06fc, 0x1031, 0x153b, 0x1108, 0x0da7, 0x09be, 0x0371, 0x00e3, 0x0076, 0x010a,
  0x0335, 0x03fb, 0x01d1, 0xffc5, 0xfd1a, 0xfb8e, 0xfaa4, 0xfc01, 0xfddf, 0xfdf8, 0xfdbf, 0xfd32, 0xfee1, 0xfeee, 0xfdec, 0xfe49,
  0xfdc2, 0xfd76, 0xf9a5, 0xf13a, 0xf62b, 0xfc6e, 0xfed9, 0x08fa, 0x12bd, 0x157a, 0x0e21, 0x0b21, 0x06c3, 0xfff3, 0xfed7, 0xfd7c,
  0xff16, 0x01bf, 0x00da, 0xfdfe, 0xfd53, 0xfc98, 0xfa47, 0xf9d5, 0xfadb, 0xfb29, 0xfc5a, 0xfcba, 0xfca1, 0xfddb, 0xfbf1, 0xfd8a,
  0x002f, 0x019f, 0x0316, 0xfb3e, 0xf549, 0xfedb, 0x02d3, 0x058d, 0x0fa6, 0x15ea, 0x13b2, 0x0d70, 0x0b75, 0x02e0, 0xfd3c, 0xfd8c,
  0xfbf7, 0xff06, 0x022b, 0x0013, 0xfcb3, 0xfd30, 0xfb33, 0xf75d, 0xf70b, 0xf79c, 0xf7d1, 0xf915, 0xf9ce, 0xf9ed, 0xfc10, 0xfada,
  0xfcfb, 0xff73, 0x00aa, 0xfff4, 0xf65c, 0xf731, 0x00ea, 0x0151, 0x06b8, 0x120e, 0x1876, 0x1645, 0x1272, 0x0fa3, 0x06f1, 0x0424,
  0x03d4, 0x0180, 0x041c, 0x02cd, 0xfe53, 0xfd1d, 0xfbdf, 0xf6d9, 0xf3ec, 0xf5be, 0xf63e, 0xf786, 0xfb45, 0xfad8, 0xfa75, 0xfbc4,
  0xfb04, 0xfc98, 0xfcb1, 0xfdf3, 0xfadb, 0xf14a, 0xf772, 0xfe9c, 0xfe70, 0x0760, 0x11ff, 0x1773, 0x120e, 0x0f57, 0x0c46, 0x034c,
  0x0398, 0x012a, 0x0034, 0x040d, 0x0241, 0x01d8, 0x0175, 0xff43, 0xfb79, 0xfad3, 0xfca3, 0xfbba, 0xfcff, 0xfd22, 0xf9b5, 0xfb53,
  0xfafb, 0xf986, 0xfb1a, 0xfcaa, 0xfebe, 0xf852, 0xf34e, 0xfb97, 0xfe25, 0x01c5, 0x0aca, 0x1283, 0x1392, 0x0d6a, 0x0ce1, 0x0596,
  0xff8a, 0xff70, 0xfd1a, 0xff2b, 0x00a2, 0xffba, 0xff35, 0xfe4b, 0xfc88, 0xf9e3, 0xfa92, 0xfaa4, 0xf9fa, 0xfc8b, 0xfc4b, 0xfcb3,
  0x000c, 0xfe25, 0xfee9, 0x0191, 0x0391, 0x02da, 0xf987, 0xf650, 0xfea6, 0x0041, 0x041d, 0x0bad, 0x11ad, 0x1065, 0x0b5a, 0x0a79,
  0x035a, 0x00b8, 0x0007, 0xff35, 0x0154, 0x00d3, 0xfea7, 0xfcfb, 0xfca6, 0xfa49, 0xf7cf, 0xf7cc, 0xf7e3, 0xf792, 0xf91e, 0xf7ec,
  0xf96f, 0xfb95, 0xfab0, 0xfdca, 0x00da, 0x024f, 0x009a, 0xf8c3, 0xfa33, 0x036e, 0x044d, 0x09e1, 0x1214, 0x184b, 0x14d8, 0x1192,
  0x0f48, 0x0623, 0x03ca, 0x0215, 0x0077, 0x0079, 0xfea3, 0xfc52, 0xfafb, 0xfad3, 0xf8d7, 0xf675, 0xf786, 0xf898, 0xf898, 0xf952,
  0xf6e7, 0xf8d4, 0xf998, 0xf869, 0xfb5e, 0xfc77, 0xfde4, 0xfb2b, 0xf399, 0xf8ad, 0xff83, 0x010b, 0x08f6, 0x12ee, 0x18ac, 0x1365,
  0x12ae, 0x0ea0, 0x06fe, 0x06db, 0x045b, 0x02b0, 0x02f3, 0x0282, 0x00ce, 0x0093, 0xff8a, 0xfaea, 0xf988, 0xfad0, 0xf968, 0xf888,
  0xf7ba, 0xf632, 0xf822, 0xf7c9, 0xf931, 0xfbbc, 0xfd91, 0x0054, 0xfa80, 0xf3ec, 0xfa6e, 0xfd95, 0xffc9, 0x073d, 0x0ffa, 0x1102,
  0x0bf1, 0x0cbf, 0x06c3, 0x01f9, 0x01d8, 0x00a2, 0x020c, 0x04a9, 0x04a4, 0x023f, 0x02a9, 0x0126, 0xfd8d, 0xfdf7, 0xfdd6, 0xfc2f,
  0xfcb0, 0xfc1f, 0xfb95, 0xfdba, 0xfd46, 0xfd4a, 0xff0a, 0x00e3, 0x00a9, 0xf71d, 0xf2c6, 0xfa61, 0xfb2a, 0xffd0, 0x08db, 0x1053,
  0x0f51, 0x0d30, 0x0d0a, 0x04bd, 0x002e, 0xff08, 0xfdb8, 0xfe65, 0xff71, 0xfdb5, 0xfcfa, 0xfdff, 0xfbe2, 0xfa02, 0xfb43, 0xfbd5,
  0xfc3d, 0xfeaf, 0xfe12, 0xfde8, 0xfff8, 0xff08, 0x003d, 0x02f9, 0x0430, 0x01a9, 0xf729, 0xf89d, 0xfff5, 0x002a, 0x063f, 0x0dac,
  0x1334, 0x101d, 0x0e1d, 0x0a1f, 0x010d, 0xfe9e, 0xfd89, 0xfd06, 0xff27, 0xff6c, 0xfddb, 0xfed0, 0xfeb7, 0xfafe, 0xf813, 0xf854,
  0xf7d7, 0xf7e1, 0xf94c, 0xf7a1, 0xf98e, 0xfb5c, 0xfae6, 0xfdbc, 0xffd1, 0x019f, 0xfe10, 0xf621, 0xfcb5, 0x00ee, 0x02b1, 0x0ae3,
  0x1347, 0x177c, 0x120a, 0x1102, 0x0b31, 0x049c, 0x03a7, 0x01b5, 0x0161, 0x02a5, 0x019b, 0xffe9, 0x0003, 0xfd92, 0xf922, 0xf704,
  0xf72a, 0xf70f, 0xf84f, 0xf862, 0xf73a, 0xfada, 0xfa8a, 0xf9bc, 0xfb7d, 0xfcff, 0xfe83, 0xf791, 0xf2a0, 0xfa87, 0xfd9f, 0x018c,
  0x095f, 0x11b8, 0x131d, 0x0f16, 0x0f78, 0x09f7, 0x05e8, 0x049d, 0x03cc, 0x0500, 0x0627, 0x050b, 0x030e, 0x029e, 0xff54, 0xfb80,
  0xfa60, 0xfa43, 0xf94b, 0xf9b4, 0xf917, 0xf978, 0xfbbc, 0xf963, 0xf9fc, 0xfbb0, 0xfd2c, 0xfda4, 0xf538, 0xf3f5, 0xfc1d, 0xfdb2,
  0x0233, 0x09dc, 0x1058, 0x0ef0, 0x0cb8, 0x0c6c, 0x056f, 0x02be, 0x027d, 0x01f6, 0x0341, 0x03c3, 0x01c9, 0x0097, 0x0108, 0xfea5,
  0xfc3d, 0xfb53, 0xfbca, 0xfb96, 0xfce6, 0xfc27, 0xfc23, 0xfcfb, 0xfb6b, 0xfdc4, 0xfef4, 0x0066, 0xfda9, 0xf3c1, 0xf661, 0xfd77,
  0xfdc2, 0x02dc, 0x0adc, 0x0fe5, 0x0c7d, 0x0c14, 0x09f9, 0x029e, 0x0235, 0x02e1, 0x0257, 0x031a, 0x0260, 0x0069, 0x0038, 0xff94,
  0xfb84, 0xf87c, 0xf8e6, 0xf90e, 0xf8bb, 0xfa34, 0xf8b9, 0xfac6, 0xfcbf, 0xfd48, 0x002b, 0x00c6, 0x0317, 0xfe3e, 0xf646, 0xfbcc,
  0xff15, 0xffc5, 0x0688, 0x0f14, 0x124b, 0x0eb1, 0x0ec2, 0x0965, 0x03f4, 0x04db, 0x03cd, 0x02a9, 0x0316, 0x01b2, 0xfeea, 0xfe98,
  0xfc95, 0xf83b, 0xf79f, 0xf8aa, 0xf856, 0xf8c3, 0xf8e7, 0xf82e, 0xfb54, 0xfbaa, 0xfbe0, 0xfda3, 0xfeab, 0xffcf, 0xf808, 0xf355,
  0xfb27, 0xfdab, 0x0131, 0x0a33, 0x1318, 0x1343, 0x0fd6, 0x106d, 0x0ae2, 0x0777, 0x070c, 0x0501, 0x0505, 0x05cf, 0x037c, 0x00a3,
  0xffa6, 0xfc51, 0xf8e3, 0xf8ac, 0xf848, 0xf6c7, 0xf785, 0xf63a, 0xf621, 0xf97e, 0xf8de, 0xfaa4, 0xfda2, 0xffd5, 0xff84, 0xf65c,
  0xf421, 0xfb99, 0xfcff, 0x0213, 0x0abc, 0x1142, 0x102e, 0x0f7e, 0x0ee5, 0x07e4, 0x0632, 0x06ca, 0x0630, 0x0764, 0x0796, 0x0372,
  0x0183, 0x00cf, 0xfcd2, 0xf9f8, 0xf91a, 0xf841, 0xf7a2, 0xf8f6, 0xf7e8, 0xf947, 0xfae9, 0xf98f, 0xfc1c, 0xfe1b, 0xff30, 0xfb8c,
  0xf242, 0xf4da, 0xfaf4, 0xfc95, 0x036b, 0x0c83, 0x136a, 0x1139, 0x109e, 0x0d32, 0x0637, 0x0582, 0x04da, 0x0404, 0x048f, 0x0365,
  0x005f, 0xffd2, 0xfe6d, 0xfa9f, 0xf8e4, 0xf939, 0xf99a, 0xfa65, 0xfb3d, 0xf96f, 0xfb6a, 0xfc15, 0xfc70, 0xff42, 0x0005, 0x0125,
  0xfb32, 0xf34f, 0xf942, 0xfd10, 0xfe29, 0x0600, 0x0fa2, 0x132f, 0x0f48, 0x0f2c, 0x0a64, 0x04d8, 0x04e9, 0x03c2, 0x0353, 0x04b4,
  0x0383, 0x00c5, 0x0031, 0xfcf9, 0xf7c9, 0xf63d, 0xf6a0, 0xf6ab, 0xf754, 0xf77f, 0xf6fd, 0xfa59, 0xfa7e, 0xfb9c, 0xfe3a, 0xfff4,
  0x01a5, 0xfa05, 0xf546, 0xfc72, 0xfe31, 0x0245, 0x0c5d, 0x1510, 0x158a, 0x12b7, 0x1243, 0x0abd, 0x065e, 0x0556, 0x0252, 0x0257,
  0x0386, 0x018b, 0xfec8, 0xfda0, 0xfa4e, 0xf6e9, 0xf6aa, 0xf72b, 0xf700, 0xf855, 0xf863, 0xf895, 0xfa77, 0xf8b3, 0xf993, 0xfb81,
  0xfdc7, 0xfd81, 0xf43b, 0xf415, 0xfb3b, 0xfc58, 0x0296, 0x0c6c, 0x1469, 0x139d, 0x1330, 0x1206, 0x09e7, 0x0733, 0x05e4, 0x0445,
  0x0671, 0x073b, 0x04a8, 0x02ef, 0x017f, 0xfce3, 0xf976, 0xf7f3, 0xf6f2, 0xf71e, 0xf8e2, 0xf810, 0xf870, 0xf944, 0xf86a, 0xfaff,
  0xfca1, 0xfe84, 0xfb72, 0xf2a4, 0xf705, 0xfbc7, 0xfc85, 0x03d9, 0x0c5c, 0x1223, 0x0f79, 0x1013, 0x0bfd, 0x04ff, 0x041c, 0x020b,
  0x022c, 0x0471, 0x041c, 0x02d6, 0x02f7, 0x01bc, 0xfd0d, 0xfa7d, 0xfa29, 0xfa38, 0xfc26, 0xfd0e, 0xfbb5, 0xfd5d, 0xfc5e, 0xfb84,
  0xfd00, 0xfd14, 0xfe27, 0xf797, 0xf119, 0xf905, 0xfbc4, 0xfe1c, 0x072c, 0x1087, 0x1314, 0x0f75, 0x0fac, 0x089f, 0x03a2, 0x02e9,
  0x005f, 0x00d9, 0x025f, 0x01ce, 0x00a0, 0x00ba, 0xfd58, 0xf87f, 0xf7c3, 0xf76e, 0xf76e, 0xf9d2, 0xfa89, 0xfb0e, 0xfe11, 0xfd2a,
  0xfd48, 0xfeba, 0xffdd, 0x0024, 0xf7e9, 0xf61e, 0xfe12, 0xfe70, 0x02e4, 0x0c00, 0x1414, 0x1217, 0x0f17, 0x0ee1, 0x076b, 0x0536,
  0x0328, 0x00d3, 0x0234, 0x030c, 0x016b, 0xff41, 0xfe9a, 0xfa2e, 0xf6f4, 0xf659, 0xf590, 0xf671, 0xf8bd, 0xf8ff, 0xfa6b, 0xfc33,
  0xfa51, 0xfb87, 0xfce3, 0xfe7f, 0xfcb3, 0xf42f, 0xf704, 0xfe0a, 0xff61, 0x06e2, 0x0fd5, 0x1596, 0x1234, 0x11d8, 0x0fd3, 0x085d,
  0x06d8, 0x0474, 0x0330, 0x0456, 0x0454, 0x0181, 0x0023, 0xff2b, 0xfaa4, 0xf8bb, 0xf754, 0xf728, 0xf864, 0xfa50, 0xfa03, 0xfb93,
  0xfb8b, 0xf9bb, 0xfbcf, 0xfc4f, 0xfd84, 0xf910, 0xf164, 0xf792, 0xfccc, 0xfe04, 0x04df, 0x0e1a, 0x1255, 0x0e6a, 0x0f58, 0x0ae4,
  0x04ff, 0x04e4, 0x0380, 0x0391, 0x049f, 0x0450, 0x0263, 0x025d, 0x00fc, 0xfc99, 0xfafc, 0xfa50, 0xfa98, 0xfc76, 0xfdba, 0xfc75,
  0xfde1, 0xfc99, 0xfc06, 0xfdf7, 0xfd98, 0xfe62, 0xf78b, 0xf306, 0xfb45, 0xfcbd, 0xfefc, 0x0635, 0x0ee0, 0x0f52, 0x0aba, 0x0b4c,
  0x055c, 0x01ed, 0x00f1, 0xfee1, 0xff46, 0x003d, 0x001f, 0xff08, 0xffbb, 0xfdbc, 0xfa89, 0xfa82, 0xfb56, 0xfcc8, 0xfe81, 0xfec8,
  0xfef3, 0x00c8, 0xff54, 0xffab, 0x00a1, 0x01a0, 0x01e8, 0xf96b, 0xf808, 0xff15, 0xfe6e, 0x0245, 0x0ad1, 0x11e3, 0x0f04, 0x0d16,
  0x0c1a, 0x0441, 0x0148, 0xff30, 0xfcd9, 0xfd40, 0xfe51, 0xfd0b, 0xfc7a, 0xfcde, 0xf965, 0xf747, 0xf7ef, 0xf862, 0xf8f7, 0xfb5a,
  0xfbdb, 0xfd30, 0xfec0, 0xfd20, 0xfe8a, 0x0033, 0x0280, 0x00c7, 0xf761, 0xfb24, 0x0179, 0x022a, 0x0967, 0x11d6, 0x1726, 0x12bd,
  0x1214, 0x0e8a, 0x06b0, 0x03ee, 0x002f, 0xfebb, 0xff99, 0xff8b, 0xfd75, 0xfd0f, 0xfc62, 0xf840, 0xf679, 0xf5e7, 0xf596, 0xf6d2,
  0xf8d8, 0xf89d, 0xfa57, 0xfa63, 0xf9e9, 0xfc78, 0xfdec, 0xffa1, 0xfa56, 0xf361, 0xfa97, 0xfe47, 0xffef, 0x082d, 0x1141, 0x1480,
  0x1142, 0x1341, 0x0dc2, 0x07a8, 0x06f4, 0x049d, 0x04a6, 0x0580, 0x04af, 0x0287, 0x0274, 0x005f, 0xfad5, 0xf7e2, 0xf6bc, 0xf675,
  0xf7f3, 0xf8f6, 0xf893, 0xfb12, 0xfa4c, 0xfa73, 0xfbbf, 0xfc26, 0xfcea, 0xf568, 0xf228, 0xf9b4, 0xfae4, 0xfeb9, 0x07b3, 0x10c7,
  0x1119, 0x0ef3, 0x0f50, 0x07fe, 0x048a, 0x02df, 0x0111, 0x01ab, 0x02cc, 0x030d, 0x02eb, 0x0426, 0x00ec, 0xfd26, 0xfc90, 0xfc52,
  0xfc8b, 0xfd61, 0xfd67, 0xfd9e, 0xfecb, 0xfd43, 0xfd62, 0xfd4d, 0xfdac, 0xfcf1, 0xf3af, 0xf3be, 0xfab3, 0xfabe, 0x0064, 0x0978,
  0x1089, 0x0d7b, 0x0c54, 0x0aea, 0x03b3, 0x01f5, 0xfff9, 0xfece, 0x00a5, 0x021b, 0x0164, 0x0119, 0x00ea, 0xfcc8, 0xf9ef, 0xf8f6,
  0xf86c, 0xf96e, 0xfb93, 0xfc64, 0xfed8, 0x0091, 0xff75, 0x00e2, 0x019c, 0x0308, 0x0011, 0xf58d, 0xf969, 0xfed4, 0xfee9, 0x0674,
  0x0eef, 0x129e, 0x0da6, 0x0e2d, 0x0a94, 0x031c, 0x011e, 0xfe90, 0xfe3c, 0x0016, 0x005f, 0xfeb9, 0xfecd, 0xfdfd, 0xf963, 0xf724,
  0xf668, 0xf644, 0xf7fc, 0xf9e9, 0xfa36, 0xfc6a, 0xfc30, 0xfb8e, 0xfda2, 0xfe7d, 0x0056, 0xfa74, 0xf409, 0xfc7c, 0x0021, 0x02ee,
  0x0b1e, 0x13b3, 0x1549, 0x11dc, 0x1308, 0x0b8f, 0x05dc, 0x043d, 0x01a7, 0x0213, 0x02fa, 0x01bb, 0xfff6, 0x00ab, 0xfdd2, 0xf8cd,
  0xf6f0, 0xf5b4, 0xf5b7, 0xf767, 0xf877, 0xf8a5, 0xfac1, 0xfa46, 0xfb1d, 0xfced, 0xfda8, 0xfe36, 0xf61a, 0xf436, 0xfc65, 0xfc70,
  0x0076, 0x0960, 0x11da, 0x1077, 0x0ed1, 0x0ff6, 0x0914, 0x0752, 0x065f, 0x04ea, 0x05c0, 0x05e8, 0x0470, 0x0348, 0x0353, 0xfeed,
  0xfaf0, 0xf947, 0xf861, 0xf90b, 0xfa88, 0xfa0e, 0xfaa9, 0xfc8c, 0xfb98, 0xfc80, 0xfc91, 0xfd46, 0xfbd0, 0xf2c2, 0xf46c, 0xfb33,
  0xfb60, 0x01b0, 0x0b10, 0x118b, 0x0dfd, 0x0dde, 0x0caa, 0x05b4, 0x043b, 0x01d9, 0x008a, 0x018e, 0x01fe, 0x00de, 0x012b, 0x0131,
  0xfd20, 0xfb3f, 0xfaf1, 0xfacc, 0xfb04, 0xfc18, 0xfbde, 0xfddc, 0xfeab, 0xfd75, 0xfef9, 0xff23, 0x00cc, 0xfce1, 0xf359, 0xf891,
  0xfd9b, 0xfe7e, 0x064c, 0x0f10, 0x125a, 0x0e39, 0x0fae, 0x0b62, 0x04f7, 0x03c5, 0x0096, 0xff91, 0x0083, 0x0012, 0xfdfa, 0xfe1a,
  0xfcec, 0xf8ea, 0xf74f, 0xf632, 0xf595, 0xf705, 0xf8ea, 0xf956, 0xfc62, 0xfcc3, 0xfd63, 0x0016, 0x00ee, 0x021b, 0xfa9a, 0xf526,
  0xfdd0, 0xfff0, 0x0328, 0x0b9d, 0x1472, 0x14d8, 0x1178, 0x1364, 0x0c61, 0x07b1, 0x05ad, 0x0290, 0x0268, 0x0234, 0x0012, 0xfe46,
  0xff04, 0xfc3f, 0xf7fc, 0xf635, 0xf4c0, 0xf4c1, 0xf61a, 0xf64a, 0xf6ef, 0xf9ba, 0xf999, 0xfaf7, 0xfcd3, 0xfd66, 0xfd5c, 0xf534,
  0xf40d, 0xfcb7, 0xfe1b, 0x0354, 0x0cd5, 0x15cf, 0x1479, 0x1366, 0x13a5, 0x0b78, 0x08cc, 0x06cb, 0x0451, 0x042a, 0x03ef, 0x0253,
  0x01fc, 0x0258, 0xfdca, 0xf9a6, 0xf812, 0xf723, 0xf6f6, 0xf7f1, 0xf786, 0xf8e0, 0xfb14, 0xfa29, 0xfba5, 0xfbee, 0xfc71, 0xfa2b,
  0xf0ec, 0xf434, 0xfaee, 0xfbdd, 0x0343, 0x0d7e, 0x1409, 0x1025, 0x107b, 0x0e11, 0x06c7, 0x0564, 0x02d9, 0x0149, 0x022b, 0x02dc,
  0x01e0, 0x0228, 0x0193, 0xfd2c, 0xfb59, 0xfac9, 0xf9f2, 0xfa57, 0xfbc2, 0xfb1c, 0xfd70, 0xfe55, 0xfd18, 0xfe7a, 0xfe4c, 0xff52,
  0xfa24, 0xf208, 0xf894, 0xfc7f, 0xfe7a, 0x0646, 0x0f63, 0x11de, 0x0cac, 0x0e7a, 0x0968, 0x03b5, 0x026b, 0xffd8, 0xfffa, 0x00c4,
  0x0072, 0xfeb9, 0xfeeb, 0xfd93, 0xf976, 0xf842, 0xf7ec, 0xf7dd, 0xf993, 0xfb33, 0xfbfb, 0xff2c, 0xff04, 0xff2e, 0x00ae, 0x0114,
  0x0204, 0xf944, 0xf48f, 0xfd61, 0xff50, 0x03b1, 0x0c22, 0x1442, 0x13a9, 0x104d, 0x1152, 0x08f7, 0x04ae, 0x02dd, 0xffd9, 0xffa5,
  0xff71, 0xfddf, 0xfc4e, 0xfd27, 0xfa3a, 0xf6b9, 0xf65d, 0xf5d4, 0xf635, 0xf821, 0xf882, 0xf97c, 0xfbb1, 0xfaa4, 0xfc16, 0xfd72,
  0xfee8, 0xfe2b, 0xf560, 0xf741, 0xff6b, 0x0061, 0x0689, 0x0ff9, 0x1782, 0x143c, 0x13ee, 0x128d, 0x0a2d, 0x0847, 0x058d, 0x0346,
  0x02be, 0x024e, 0x0035, 0xff19, 0xff21, 0xfa03, 0xf6df, 0xf592, 0xf4cc, 0xf59a, 0xf6c6, 0xf6a9, 0xf870, 0xfa60, 0xf9db, 0xfbba,
  0xfc59, 0xfdb4, 0xfa55, 0xf18e, 0xf68c, 0xfbe6, 0xfd3e, 0x0523, 0x0f43, 0x1480, 0x1067, 0x123a, 0x0f21, 0x09a6, 0x08fc, 0x0633,
  0x0562, 0x0533, 0x04b2, 0x02b3, 0x027d, 0x0126, 0xfbed, 0xf9f2, 0xf8d6, 0xf85a, 0xf8a0, 0xf905, 0xf8da, 0xfb0b, 0xfb1d, 0xfa43,
  0xfbae, 0xfc22, 0xfd93, 0xf768, 0xf130, 0xf8ec, 0xfbc9, 0xfe83, 0x0732, 0x1061, 0x11d3, 0x0e2a, 0x1011, 0x0a3d, 0x05ae, 0x0446,
  0x019f, 0x01aa, 0x0235, 0x0187, 0x0051, 0x00ff, 0xfeef, 0xfbf7, 0xfb5c, 0xfa73, 0xfa64, 0xfb33, 0xfbed, 0xfc5a, 0xfe99, 0xfdac,
  0xfe0d, 0xff80, 0xffff, 0xffd6, 0xf5fa, 0xf30c, 0xfbac, 0xfca0, 0x0159, 0x09cd, 0x1244, 0x10b6, 0x0ea1, 0x0f86, 0x0810, 0x0515,
  0x028e, 0x0035, 0x0018, 0xffcc, 0xfe5f, 0xfd18, 0xfd7a, 0xfa9b, 0xf7be, 0xf6de, 0xf67d, 0xf763, 0xf940, 0xf9c5, 0xfb29, 0xfd72,
  0xfd57, 0xff9b, 0x010d, 0x026d, 0x0052, 0xf61c, 0xf8f6, 0xffc5, 0xffee, 0x0715, 0x105b, 0x166a, 0x1294, 0x12f3, 0x0fc4, 0x0750,
  0x058f, 0x029c, 0x00cf, 0x006c, 0x0023, 0xfe69, 0xfe3c, 0xfdd9, 0xf948, 0xf6b5, 0xf5a1, 0xf519, 0xf588, 0xf6bc, 0xf6b8, 0xf947,
  0xfaa8, 0xfa7c, 0xfcbd, 0xfd63, 0xff12, 0xfa80, 0xf25a, 0xf9bb, 0xfe2f, 0xffca, 0x0909, 0x1351, 0x1759, 0x134f, 0x1549, 0x0fd8,
  0x09ec, 0x090e, 0x0540, 0x0410, 0x03f7, 0x0300, 0x00c7, 0x0061, 0xfe27, 0xf95e, 0xf7c4, 0xf6da, 0xf690, 0xf76a, 0xf82f, 0xf839,
  0xfae3, 0xfa81, 0xfa8a, 0xfc14, 0xfc0d, 0xfcf7, 0xf597, 0xf122, 0xf92b, 0xfb3f, 0xff27, 0x0878, 0x1201, 0x122c, 0x0fae, 0x1163,
  0x0aa0, 0x0701, 0x051a, 0x02e3, 0x036e, 0x0472, 0x03d3, 0x025c, 0x02e1, 0xffe6, 0xfc1d, 0xfafc, 0xf98c, 0xf92f, 0xfa0a, 0xfa2e,
  0xfad9, 0xfcd0, 0xfb67, 0xfc4f, 0xfdae, 0xfe9b, 0xfe6e, 0xf415, 0xf38e, 0xfbf9, 0xfbe9, 0x014b, 0x0a35, 0x11e3, 0x0ef9, 0x0e0b,
  0x0e08, 0x060d, 0x0430, 0x0232, 0x007f, 0x013e, 0x0109, 0xff53, 0xfea0, 0xfeff, 0xfb2f, 0xf8c9, 0xf88e, 0xf828, 0xf9bf, 0xfc1c,
  0xfc4f, 0xfe5e, 0xff8a, 0xfe53, 0x0033, 0x00ab, 0x017c, 0xfd82, 0xf33d, 0xf7de, 0xfdaa, 0xfe31, 0x05d8, 0x0f8f, 0x155b, 0x114d,
  0x1237, 0x0db7, 0x0601, 0x0476, 0x0128, 0xffac, 0xffc2, 0xff4c, 0xfd4f, 0xfd43, 0xfc7b, 0xf804, 0xf6c6, 0xf625, 0xf608, 0xf7cf,
  0xf914, 0xf8f9, 0xfb5b, 0xfc00, 0xfba4, 0xfe14, 0xfec1, 0x0050, 0xfa66, 0xf4d6, 0xfd6b, 0xffa0, 0x0247, 0x0abc, 0x141a, 0x15b3,
  0x1185, 0x13c9, 0x0cd7, 0x07e9, 0x06d3, 0x0372, 0x02d7, 0x029c, 0x01c4, 0xffd2, 0xffbc, 0xfc78, 0xf75f, 0xf652, 0xf53a, 0xf575,
  0xf6e1, 0xf728, 0xf7c0, 0xfa6d, 0xf9c8, 0xfa84, 0xfbf6, 0xfd47, 0xfe9a, 0xfdb1, 0xfccc, 0xfbfd, 0xfd38, 0xfe78, 0xff60, 0x02e1,
  0x04eb, 0x098e, 0x0cbf, 0x0cee, 0x0819, 0xfe42, 0x0491, 0x05ea, 0x0479, 0x0c2b, 0x1317, 0x160b, 0x0dbe, 0x0aea, 0x03b7, 0xfcc0,
  0xfc52, 0xf7fd, 0xf989, 0xfba2, 0xfb14, 0xf718, 0xf5dd, 0xf579, 0xf349, 0xf425, 0xf1a0, 0xf029, 0xf342, 0xf418, 0xf566, 0xf89e,
  0xfc14, 0xfec5, 0x03c1, 0x076d, 0x0782, 0x083c, 0x0854, 0x06d2, 0x0640, 0x0696, 0x0715, 0x0903, 0x09d3, 0x09f8, 0x02f3, 0xfb9e,
  0x048c, 0x06ef, 0x08cc, 0x0f8a, 0x1550, 0x1519, 0x0cb5, 0x0b09, 0x0296, 0xfd17, 0xfab1, 0xf440, 0xf4c7, 0xf452, 0xf400, 0xf1a0,
  0xf2a2, 0xf468, 0xf3c9, 0xf990, 0xfa4c, 0xfa04, 0xfb55, 0xf99e, 0xf98d, 0xfa47, 0xfc01, 0xfe15, 0x00dd, 0x0448, 0x03cb, 0x03a0,
  0x03d6, 0x03b2, 0x058a, 0x066d, 0x070e, 0x0706, 0x0672, 0x0842, 0x004f, 0xfa68, 0x0365, 0x0430, 0x075b, 0x0d54, 0x11b0, 0x119d,
  0x0995, 0x097b, 0x0233, 0x0044, 0x01da, 0xff4f, 0x013b, 0xfd5e, 0xfb49, 0xf740, 0xf562, 0xf5f9, 0xf58e, 0xf8a9, 0xf68f, 0xf5a2,
  0xf5cd, 0xf2da, 0xf515, 0xf724, 0xf95b, 0xfc79, 0xfe23, 0x010b, 0x0147, 0x022a, 0x03cb, 0x0474, 0x069b, 0x0653, 0x057a, 0x0464,
  0x043c, 0x05f6, 0xfe7f, 0xfa65, 0x06b3, 0x0a2b, 0x0f1e, 0x15c4, 0x19e1, 0x176e, 0x0eb8, 0x0d37, 0x039d, 0xfed2, 0xfce3, 0xf9e5,
  0xfa51, 0xf6e2, 0xf5d6, 0xf476, 0xf51c, 0xf57e, 0xf4db, 0xf745, 0xf5c2, 0xf566, 0xf5f4, 0xf452, 0xf6d8, 0xf88a, 0xf9a3, 0xfa65,
  0xfb80, 0xfdb5, 0xfd4c, 0x003e, 0x0358, 0x0826, 0x0c0d, 0x0d87, 0x0e34, 0x0c90, 0x0b6c, 0x0a35, 0x0076, 0xfca6, 0x061c, 0x06af,
  0x0a7f, 0x1030, 0x1465, 0x115c, 0x0b8a, 0x0a0a, 0xffff, 0xfcd4, 0xfafb, 0xf965, 0xf94c, 0xf7a3, 0xf784, 0xf59e, 0xf5cf, 0xf449,
  0xf346, 0xf4f1, 0xf294, 0xf44e, 0xf5bd, 0xf58d, 0xfad7, 0xfdf7, 0x0113, 0x0224, 0x02e0, 0x029d, 0x0033, 0x03b5, 0x0486, 0x068c,
  0x09db, 0x0981, 0x08cd, 0x0613, 0x064a, 0x0690, 0xfced, 0xfb3b, 0x02d2, 0x0374, 0x0900, 0x0e12, 0x1383, 0x10b4, 0x0c6e, 0x0ade,
  0xffd2, 0xfc04, 0xf791, 0xf5d8, 0xf86b, 0xf7c0, 0xf8f8, 0xf92f, 0xfb98, 0xfac9, 0xf93c, 0xfa00, 0xf6d8, 0xf834, 0xf931, 0xf773,
  0xfaa9, 0xfb8e, 0xfc85, 0xfc9e, 0xfcc0, 0xfe62, 0xfdbb, 0x0210, 0x03d5, 0x05d6, 0x08ef, 0x087a, 0x0811, 0x074f, 0x084f, 0x075b,
  0xfb9d, 0xf97f, 0x00c1, 0xffb5, 0x0657, 0x0e5d, 0x1593, 0x1404, 0x1210, 0x10fd, 0x05bf, 0x0195, 0xfc1d, 0xf975, 0xf9fa, 0xf938,
  0xf86d, 0xf6f4, 0xf6f4, 0xf474, 0xf394, 0xf572, 0xf526, 0xf7ce, 0xf9a2, 0xf868, 0xfaaf, 0xfbcd, 0xfc84, 0xfc55, 0xfddc, 0xff2d,
  0xfe8a, 0x01e8, 0x024e, 0x03f2, 0x0603, 0x069f, 0x078d, 0x07b3, 0x0a11, 0x0a34, 0xff78, 0xfe91, 0x04a1, 0x03d3, 0x0939, 0x0f08,
  0x15d2, 0x11e0, 0x0ed2, 0x0c00, 0x01e7, 0xfe68, 0xf9a0, 0xf994, 0xf9ba, 0xf87c, 0xf78d, 0xf611, 0xf767, 0xf57f, 0xf540, 0xf76f,
  0xf5f5, 0xf74f, 0xf672, 0xf4ca, 0xf6ba, 0xf795, 0xfa52, 0xfb8f, 0xfea7, 0x00fa, 0x0196, 0x056b, 0x05ff, 0x0868, 0x0a92, 0x0a08,
  0x0aff, 0x0a57, 0x0a9a, 0x0817, 0xfb91, 0xfb37, 0x0031, 0x0147, 0x07fa, 0x0ead, 0x1617, 0x11f8, 0x100e, 0x0cd3, 0x024e, 0xff0b,
  0xfa11, 0xf94b, 0xf82a, 0xf5f2, 0xf4fc, 0xf365, 0xf4f4, 0xf48e, 0xf609, 0xf92d, 0xf962, 0xfb9a, 0xfb1f, 0xf9a0, 0xfaa8, 0xfa7c,
  0xfba4, 0xfcce, 0xfea9, 0xff68, 0xff4e, 0x0233, 0x024a, 0x046a, 0x0771, 0x07ea, 0x0a37, 0x0a68, 0x0ac3, 0x0870, 0xfcf9, 0xfd79,
  0x022b, 0x01ed, 0x07b6, 0x0da9, 0x1390, 0x0ed1, 0x0cb1, 0x0a3f, 0x0274, 0xffde, 0xfbe9, 0xfd29, 0xfca4, 0xfb39, 0xf975, 0xf760,
  0xf786, 0xf5db, 0xf74e, 0xf7c7, 0xf669, 0xf788, 0xf5d0, 0xf476, 0xf6b4, 0xf8b0, 0xfae9, 0xfd3e, 0xffcf, 0x000f, 0x00ff, 0x03cf,
  0x03c0, 0x0674, 0x0834, 0x0825, 0x08d5, 0x07a9, 0x07cb, 0x049f, 0xfa64, 0xfda0, 0x03fb, 0x05d0, 0x0c37, 0x128d, 0x17ac, 0x1164,
  0x0efc, 0x09cf, 0x01ae, 0xff86, 0xfa53, 0xfa43, 0xf7fa, 0xf651, 0xf4dd, 0xf436, 0xf5d3, 0xf4bf, 0xf7ce, 0xf8b7, 0xf735, 0xf983,
  0xf7d6, 0xf71e, 0xf95b, 0xfa8f, 0xfbfd, 0xfc51, 0xfde7, 0xfd5f, 0xfe3d, 0x02e1, 0x043b, 0x07bd, 0x0b27, 0x0b97, 0x0cc0, 0x0b44,
  0x0b26, 0x06b7, 0xfac2, 0xfe7e, 0x029f, 0x025d, 0x084c, 0x0dfe, 0x12c7, 0x0d39, 0x0d21, 0x08d2, 0x01e8, 0x0101, 0xfb8a, 0xfc62,
  0xfb04, 0xf8d3, 0xf762, 0xf624, 0xf6aa, 0xf3c6, 0xf4d4, 0xf4f1, 0xf387, 0xf680, 0xf6d9, 0xf7b7, 0xfb6f, 0xfdff, 0x0004, 0x00f3,
  0x0150, 0xffe6, 0xfff7, 0x0260, 0x0376, 0x06c8, 0x0898, 0x0859, 0x099c, 0x0932, 0x098d, 0x05ee, 0xfbd3, 0x00fa, 0x04d1, 0x0585,
  0x0bb8, 0x10a3, 0x13fb, 0x0dca, 0x0cfc, 0x06e5, 0xff29, 0xfc83, 0xf740, 0xf85f, 0xf783, 0xf788, 0xf65e, 0xf6be, 0xf7dd, 0xf5e9,
  0xf7d3, 0xf620, 0xf48e, 0xf633, 0xf573, 0xf71b, 0xf9c0, 0xfbd5, 0xfd3a, 0xfe81, 0xfff8, 0xfed4, 0x010a, 0x0421, 0x0610, 0x0a42,
  0x0b79, 0x0b79, 0x0b50, 0x0a6b, 0x0acd, 0x04a9, 0xfae8, 0x0078, 0x0276, 0x030d, 0x09a1, 0x10c6, 0x1463, 0x0e9b, 0x0faf, 0x08d9,
  0x023a, 0xfe67, 0xf7e8, 0xf83d, 0xf56e, 0xf4ee, 0xf375, 0xf3af, 0xf454, 0xf25c, 0xf55f, 0xf4ff, 0xf56e, 0xf8b0, 0xf825, 0xfa44,
  0xfc7b, 0xfdcc, 0xfe96, 0xfe93, 0x003b, 0xff24, 0x0177, 0x0442, 0x0576, 0x08c5, 0x0978, 0x0a8c, 0x0c3e, 0x0bfe, 0x0cf9, 0x069b,
  0xfdc8, 0x03d8, 0x02dd, 0x030b, 0x0883, 0x0db2, 0x10a8, 0x0be1, 0x0ce7, 0x0500, 0xff68, 0xfc14, 0xf70f, 0xf91f, 0xf68f, 0xf6ad,
  0xf650, 0xf625, 0xf580, 0xf37a, 0xf652, 0xf5d0, 0xf6d2, 0xf935, 0xf77f, 0xf954, 0xfb00, 0xfc30, 0xfdea, 0xffde, 0x019e, 0x012b,
  0x04a5, 0x066f, 0x065b, 0x0847, 0x07a9, 0x0752, 0x07bf, 0x091e, 0x0ab5, 0x02e0, 0xfbde, 0x02ce, 0x02bf, 0x057c, 0x0c17, 0x1214,
  0x140c, 0x0e91, 0x0d87, 0x04aa, 0xff9c, 0xfb82, 0xf7d6, 0xf9ec, 0xf6fe, 0xf695, 0xf4dd, 0xf49d, 0xf3b5, 0xf343, 0xf715, 0xf58d,
  0xf755, 0xf946, 0xf6e1, 0xf7f2, 0xf843, 0xf90f, 0xf9d2, 0xfbeb, 0xfef6, 0xfed4, 0x02c7, 0x054f, 0x0701, 0x0a71, 0x0b6c, 0x0ce5,
  0x0d3f, 0x0dad, 0x0d7a, 0x042c, 0xfe44, 0x044a, 0x03c1, 0x070f, 0x0cd0, 0x1249, 0x1232, 0x0c7b, 0x0b63, 0x0292, 0xfefa, 0xfa80,
  0xf7b2, 0xfa54, 0xf74a, 0xf6c6, 0xf3ec, 0xf362, 0xf1fb, 0xf051, 0xf3de, 0xf3c4, 0xf640, 0xf7af, 0xf69e, 0xf973, 0xfa8e, 0xfcc9,
  0xfe81, 0x006d, 0x02bd, 0x020d, 0x059e, 0x070b, 0x0832, 0x0b7a, 0x0bc2, 0x0c53, 0x0c33, 0x0c2e, 0x0b18, 0x00bb, 0xfc13, 0x03ba,
  0x02ac, 0x0684, 0x0d2b, 0x124e, 0x1019, 0x0969, 0x077e, 0xfda4, 0xf9ef, 0xf71b, 0xf683, 0xf95f, 0xf790, 0xf806, 0xf698, 0xf6ee,
  0xf5bf, 0xf525, 0xf832, 0xf757, 0xf8f6, 0xf9cc, 0xf822, 0xfa67, 0xfbb9, 0xfd8d, 0xfe72, 0x001e, 0x013b, 0x0006, 0x03a6, 0x0551,
  0x076a, 0x09b1, 0x0a4c, 0x0b78, 0x0b46, 0x0acd, 0x084f, 0xfdb3, 0xfa35, 0x00a9, 0x0099, 0x060b, 0x0cc2, 0x1275, 0x1016, 0x0b33,
  0x096a, 0x0098, 0xfe25, 0xfa9a, 0xfa54, 0xfc06, 0xfa19, 0xf988, 0xf77c, 0xf832, 0xf5bd, 0xf4fa, 0xf781, 0xf5f4, 0xf802, 0xf823,
  0xf790, 0xfa15, 0xfaa2, 0xfd1f, 0xfdee, 0xffa1, 0xffd3, 0xff07, 0x028b, 0x0217, 0x0496, 0x07e4, 0x08cc, 0x09c7, 0x0a22, 0x0b13,
  0x0937, 0xff8b, 0xfdd6, 0x03a2, 0x03b6, 0x0900, 0x0f48, 0x1503, 0x1156, 0x0d72, 0x0afc, 0x01bb, 0xfea5, 0xfa26, 0xf9d1, 0xfa05,
  0xf7e1, 0xf7d3, 0xf5a9, 0xf604, 0xf412, 0xf476, 0xf682, 0xf471, 0xf6a2, 0xf619, 0xf4ce, 0xf7bb, 0xf96a, 0xfc00, 0xfcef, 0xfff6,
  0x0061, 0x006e, 0x0508, 0x0596, 0x08e7, 0x0bb1, 0x0b86, 0x0c4e, 0x0c73, 0x0cb7, 0x09d8, 0xff7f, 0xff0f, 0x03fe, 0x03ab, 0x08ce,
  0x0e39, 0x131c, 0x0eaa, 0x0af4, 0x080b, 0x005f, 0xfdec, 0xf8b9, 0xf86f, 0xf840, 0xf564, 0xf3b2, 0xf24a, 0xf3df, 0xf205, 0xf38b,
  0xf606, 0xf49e, 0xf781, 0xf79f, 0xf766, 0xfa2d, 0xfc3e, 0xfec9, 0x0017, 0x02ff, 0x02a1, 0x02ce, 0x071e, 0x06e5, 0x0982, 0x0b97,
  0x0af4, 0x0ae6, 0x0a8e, 0x0aeb, 0x069c, 0xfcbb, 0xfee0, 0x0338, 0x031c, 0x088b, 0x0df1, 0x1168, 0x0b88, 0x098f, 0x0652, 0xfedc,
  0xfd44, 0xf8ee, 0xf9f1, 0xf956, 0xf741, 0xf588, 0xf421, 0xf5c4, 0xf394, 0xf5e1, 0xf7e2, 0xf6b5, 0xf9af, 0xf8c7, 0xf881, 0xfb10,
  0xfc74, 0xfe6c, 0xfed9, 0x01bc, 0x0109, 0x0152, 0x0628, 0x0686, 0x099d, 0x0afd, 0x0a14, 0x09da, 0x08a2, 0x08a3, 0x03ef, 0xfad4,
  0xfea9, 0x02b0, 0x0363, 0x09d1, 0x0f09, 0x1225, 0x0bea, 0x0a02, 0x0540, 0xfe97, 0xfdf4, 0xf97e, 0xfb4e, 0xfaf1, 0xf905, 0xf735,
  0xf5f7, 0xf67f, 0xf3e6, 0xf66d, 0xf780, 0xf59b, 0xf88d, 0xf86f, 0xf8e9, 0xfb72, 0xfca1, 0xfe48, 0xfedd, 0x00b8, 0xff41, 0x00b9,
  0x04ee, 0x0515, 0x08b7, 0x09bc, 0x0902, 0x0883, 0x078b, 0x07b5, 0x0286, 0xfa3c, 0x0043, 0x048d, 0x05c4, 0x0c31, 0x1108, 0x12de,
  0x0ba2, 0x0a0f, 0x047a, 0xfe3e, 0xfcbd, 0xf8cb, 0xfb3f, 0xfae6, 0xfa38, 0xf869, 0xf7b5, 0xf821, 0xf578, 0xf76d, 0xf6e6, 0xf5e0,
  0xf886, 0xf6f6, 0xf7e8, 0xfa89, 0xfc04, 0xfd7c, 0xfe10, 0xffdc, 0xfde8, 0x004f, 0x03e3, 0x04e5, 0x09ad, 0x0a35, 0x0a19, 0x09b2,
  0x084a, 0x0831, 0x01bb, 0xf9fa, 0xfff1, 0x0327, 0x056a, 0x0bba, 0x1213, 0x1488, 0x0e30, 0x0d25, 0x061f, 0x006b, 0xfd88, 0xf973,
  0xfba8, 0xfa13, 0xf92b, 0xf739, 0xf6c9, 0xf616, 0xf343, 0xf5c4, 0xf4c2, 0xf482, 0xf797, 0xf688, 0xf8f4, 0xfb92, 0xfd10, 0xfe76,
  0xfe9b, 0xffe0, 0xfda8, 0x0039, 0x030a, 0x03c2, 0x08bd, 0x0991, 0x09d5, 0x0acc, 0x0b28, 0x0b9b, 0x0421, 0xfd28, 0x032a, 0x03c9,
  0x0678, 0x0c97, 0x11d2, 0x121e, 0x0be8, 0x0baf, 0x03a0, 0xfeca, 0xfbcb, 0xf801, 0xfa60, 0xf88d, 0xf807, 0xf631, 0xf672, 0xf61b,
  0xf3b0, 0xf614, 0xf49d, 0xf4d2, 0xf759, 0xf5af, 0xf82a, 0xfaf9, 0xfcff, 0xfeda, 0x0088, 0x026f, 0x0032, 0x02d1, 0x04bf, 0x0541,
  0x08d3, 0x0927, 0x099b, 0x09be, 0x09f7, 0x0a7a, 0x022f, 0xfcd8, 0x0388, 0x0355, 0x0606, 0x0be9, 0x11ab, 0x1127, 0x0bd8, 0x0b97,
  0x037e, 0xffd1, 0xfba5, 0xf8a9, 0xfa9b, 0xf856, 0xf773, 0xf550, 0xf62a, 0xf524, 0xf43f, 0xf7c3, 0xf65c, 0xf748, 0xf90a, 0xf738,
  0xf8ec, 0xfa8c, 0xfc69, 0xfd98, 0xff19, 0x005d, 0xfeb8, 0x029e, 0x043d, 0x0599, 0x093f, 0x0942, 0x0a20, 0x0a2b, 0x0ae8, 0x0a5e,
  0x00ee, 0xfd51, 0x03d4, 0x0352, 0x07b5, 0x0da9, 0x1341, 0x1170, 0x0c18, 0x0b29, 0x0261, 0x0051, 0xfc7a, 0xfa5b, 0xfc3e, 0xf955,
  0xf7dc, 0xf481, 0xf49b, 0xf2bf, 0xf1ee, 0xf501, 0xf3b2, 0xf60c, 0xf7ae, 0xf627, 0xf8ae, 0xf9f7, 0xfb99, 0xfcaf, 0xfe8c, 0x0041,
  0xfef8, 0x03a4, 0x054a, 0x0716, 0x0ab8, 0x0abb, 0x0bac, 0x0b3f, 0x0ba2, 0x0a88, 0xfff5, 0xfda0, 0x04ab, 0x047b, 0x09d7, 0x0fcc,
  0x150b, 0x111d, 0x0b7a, 0x0957, 0xffa9, 0xfd20, 0xf89e, 0xf82c, 0xf9c2, 0xf794, 0xf708, 0xf44d, 0xf4f2, 0xf2af, 0xf2bb, 0xf5cd,
  0xf434, 0xf662, 0xf71d, 0xf639, 0xf8f3, 0xfa1c, 0xfc72, 0xfda5, 0xffea, 0x0131, 0x0064, 0x052b, 0x066f, 0x0973, 0x0cff, 0x0ce6,
  0x0d90, 0x0c6c, 0x0bb5, 0x0873, 0xfd69, 0xfc47, 0x022a, 0x0209, 0x081f, 0x0e8b, 0x142d, 0x103f, 0x0c0a, 0x08b2, 0xff62, 0xfd66,
  0xf84c, 0xf81c, 0xf8c4, 0xf6e5, 0xf68b, 0xf440, 0xf5a9, 0xf3b5, 0xf480, 0xf6fb, 0xf4fc, 0xf762, 0xf796, 0xf72f, 0xfa84, 0xfbfb,
  0xfe8a, 0xff88, 0x0156, 0x00e8, 0xff8d, 0x0481, 0x04dd, 0x0792, 0x0afe, 0x0b59, 0x0c19, 0x0b58, 0x0bba, 0x07d5, 0xfc52, 0xfcef,
  0x028e, 0x0253, 0x0866, 0x0e53, 0x139f, 0x0ea9, 0x0b1e, 0x07c5, 0xff1b, 0xfd94, 0xf85c, 0xf8e8, 0xf966, 0xf79b, 0xf72a, 0xf584,
  0xf6bc, 0xf448, 0xf563, 0xf71e, 0xf495, 0xf6e1, 0xf6a5, 0xf62e, 0xf96d, 0xfb44, 0xfe0d, 0xff5b, 0x021f, 0x0207, 0x011c, 0x05ad,
  0x05ed, 0x08cc, 0x0b44, 0x0ac3, 0x0b53, 0x0ae4, 0x0b03, 0x06b9, 0xfb73, 0xfd45, 0x022d, 0x01dc, 0x0850, 0x0daa, 0x12e0, 0x0de8,
  0x0ae0, 0x06f1, 0xfeb1, 0xfd55, 0xf83b, 0xf8f5, 0xf929, 0xf7c4, 0xf6ea, 0xf574, 0xf6a0, 0xf48c, 0xf680, 0xf82d, 0xf69e, 0xf8eb,
  0xf843, 0xf7de, 0xfa89, 0xfc30, 0xfe92, 0xffe5, 0x02c5, 0x01e3, 0x0180, 0x05c0, 0x0553, 0x0863, 0x0a88, 0x0a55, 0x0aba, 0x0a7c,
  0x0ad5, 0x05cf, 0xfab2, 0xfd16, 0x01ac, 0x01df, 0x0877, 0x0e58, 0x1283, 0x0ce7, 0x0abc, 0x063e, 0xfec0, 0xfd68, 0xf940, 0xfaa9,
  0xf9aa, 0xf87d, 0xf703, 0xf5ba, 0xf677, 0xf3a5, 0xf666, 0xf7c7, 0xf653, 0xf8ce, 0xf7f0, 0xf813, 0xfab1, 0xfc3a, 0xfe3e, 0xff06,
  0x0201, 0x00d3, 0x00e7, 0x055d, 0x059c, 0x09bf, 0x0b64, 0x0af8, 0x0b03, 0x0a49, 0x0a5f, 0x04c0, 0xfab1, 0xfe8a, 0x028c, 0x0380,
  0x09a6, 0x0ee0, 0x1266, 0x0c07, 0x0a7e, 0x04f5, 0xfe61, 0xfd3f, 0xf8b9, 0xfa36, 0xf8c3, 0xf7b6, 0xf5cf, 0xf498, 0xf577, 0xf31e,
  0xf63c, 0xf750, 0xf66f, 0xf9b5, 0xf8fd, 0xf9be, 0xfc44, 0xfd7f, 0xff81, 0xffed, 0x01fd, 0xfffd, 0x0126, 0x05af, 0x05d6, 0x0a38,
  0x0bbd, 0x0b22, 0x0af8, 0x09dc, 0x0965, 0x0348, 0xf9c1, 0xfe19, 0x018f, 0x0340, 0x0949, 0x0ef3, 0x1250, 0x0bdc, 0x0aa1, 0x04a5,
  0xfde8, 0xfbdf, 0xf853, 0xfa77, 0xf901, 0xf892, 0xf743, 0xf70e, 0xf77e, 0xf4f4, 0xf7a9, 0xf79a, 0xf6dd, 0xf9c5, 0xf8cf, 0xf9ad,
  0xfc43, 0xfdce, 0xfed8, 0xff26, 0x0111, 0xff18, 0x013a, 0x0586, 0x0622, 0x0ae7, 0x0bed, 0x0b15, 0x0a8e, 0x09a0, 0x08f1, 0x01c5,
  0xf863, 0xfda5, 0x010f, 0x0380, 0x09d8, 0x0f65, 0x12a3, 0x0c5f, 0x0af8, 0x045d, 0xfe15, 0xfb80, 0xf794, 0xf965, 0xf81e, 0xf81d,
  0xf6c5, 0xf6de, 0xf729, 0xf4eb, 0xf7e4, 0xf758, 0xf6ee, 0xf99a, 0xf883, 0xfa20, 0xfc6b, 0xfdad, 0xff01, 0xff9a, 0x0178, 0xff40,
  0x0181, 0x0515, 0x05be, 0x0a50, 0x0b01, 0x0ae9, 0x0ae2, 0x0a24, 0x099e, 0x026d, 0xfa07, 0xfee3, 0x00d0, 0x034f, 0x0980, 0x0f16,
  0x11e7, 0x0baf, 0x0a2a, 0x02e4, 0xfd3e, 0xfa3a, 0xf6c9, 0xf973, 0xf849, 0xf871, 0xf7bb, 0xf84f, 0xf80c, 0xf66b, 0xf933, 0xf7dc,
  0xf774, 0xf99b, 0xf7b8, 0xf90d, 0xfba1, 0xfd1c, 0xfe8d, 0xffaa, 0x01a5, 0xffca, 0x023c, 0x052d, 0x05d8, 0x09f2, 0x0a78, 0x0a73,
  0x0aad, 0x0a49, 0x09a4, 0x01e9, 0xf9b8, 0xff25, 0x00c7, 0x03b7, 0x0a44, 0x105b, 0x11c7, 0x0c11, 0x0b1c, 0x02c6, 0xfd73, 0xfa70,
  0xf763, 0xf940, 0xf7af, 0xf7b1, 0xf660, 0xf770, 0xf6c6, 0xf544, 0xf892, 0xf74a, 0xf763, 0xf951, 0xf7eb, 0xf971, 0xfbd8, 0xfda3,
  0xff23, 0x00f1, 0x02c6, 0x00dd, 0x03f4, 0x05d7, 0x0692, 0x0a23, 0x09fa, 0x0a2e, 0x0a15, 0x09f6, 0x091d, 0x0032, 0xf9a6, 0x001e,
  0x00f6, 0x0406, 0x09e9, 0x0fc8, 0x0f73, 0x09c0, 0x0999, 0x00ff, 0xfcf9, 0xfa40, 0xf863, 0xfa6d, 0xf8a3, 0xf873, 0xf66b, 0xf779,
  0xf683, 0xf5c0, 0xf93b, 0xf78f, 0xf870, 0xfa1b, 0xf810, 0xf9cc, 0xfbee, 0xfdc6, 0xff2c, 0x00a9, 0x0244, 0x003b, 0x03dc, 0x0565,
  0x066f, 0x0a58, 0x09ce, 0x09f7, 0x09cc, 0x0929, 0x0839, 0xff8d, 0xfab3, 0x0108, 0x014d, 0x0540, 0x0a5b, 0x0fb2, 0x0eb2, 0x09c5,
  0x0971, 0x0138, 0xfe63, 0xfb3d, 0xfa5f, 0xfbf8, 0xf94d, 0xf853, 0xf64b, 0xf756, 0xf5e9, 0xf59c, 0xf8b0, 0xf753, 0xf8e5, 0xfa41,
  0xf85c, 0xfa83, 0xfc52, 0xfdc3, 0xfea2, 0xfffc, 0x00c5, 0xff05, 0x0326, 0x0476, 0x0662, 0x0a3f, 0x0a19, 0x0a22, 0x0a10, 0x09d7,
  0x0846, 0xfe4e, 0xfa61, 0x0191, 0x01e0, 0x0681, 0x0c60, 0x11e3, 0x0f69, 0x0a84, 0x096b, 0x00c6, 0xfe0b, 0xfa6d, 0xf9cb, 0xfb38,
  0xf95e, 0xf89c, 0xf68c, 0xf776, 0xf533, 0xf50b, 0xf78e, 0xf57a, 0xf77d, 0xf8d7, 0xf781, 0xfa0a, 0xfc10, 0xfdc3, 0xfe7f, 0x005b,
  0x00ec, 0xff55, 0x03f2, 0x0563, 0x082f, 0x0bdc, 0x0baf, 0x0bdc, 0x0ace, 0x0a09, 0x0788, 0xfd34, 0xfad0, 0x0101, 0x0132, 0x068c,
  0x0c5d, 0x123d, 0x0f6a, 0x0b82, 0x0981, 0x0053, 0xfd76, 0xf89d, 0xf86a, 0xf99c, 0xf7c1, 0xf731, 0xf59b, 0xf740, 0xf4d7, 0xf57e,
  0xf808, 0xf633, 0xf8d7, 0xf984, 0xf8b4, 0xfbb1, 0xfd5a, 0xfee6, 0xff35, 0x00c8, 0x0098, 0xff2e, 0x03e6, 0x04b7, 0x07de, 0x0b77,
  0x0b96, 0x0c27, 0x0b98, 0x0b32, 0x0806, 0xfd25, 0xfb53, 0x004b, 0xffc5, 0x05c8, 0x0c0b, 0x11c1, 0x0eaa, 0x0ba7, 0x091a, 0x0011,
  0xfda1, 0xf917, 0xf94e, 0xf9c5, 0xf82b, 0xf7e0, 0xf6c1, 0xf7f1, 0xf53b, 0xf5eb, 0xf75e, 0xf546, 0xf7cd, 0xf866, 0xf817, 0xfb27,
  0xfd13, 0xff25, 0xfff4, 0x0224, 0x01c5, 0x00da, 0x0503, 0x0548, 0x0820, 0x0a66, 0x0a60, 0x0a9f, 0x09ff, 0x09c7, 0x0662, 0xfb75,
  0xfb42, 0x0126, 0x00f9, 0x073e, 0x0d52, 0x1276, 0x0e66, 0x0ba2, 0x0845, 0xff1a, 0xfc57, 0xf793, 0xf82d, 0xf8a2, 0xf7b6, 0xf70d,
  0xf616, 0xf79d, 0xf582, 0xf769, 0xf8be, 0xf6d1, 0xf960, 0xf8c8, 0xf804, 0xfa92, 0xfc15, 0xfe7c, 0xff5f, 0x01ae, 0x0143, 0x0126,
  0x0551, 0x0513, 0x085a, 0x0a39, 0x0a1c, 0x0a90, 0x0a29, 0x0a7f, 0x06ab, 0xfb85, 0xfcae, 0x01bf, 0x0193, 0x07e1, 0x0d57, 0x1280,
  0x0dba, 0x0b2d, 0x0776, 0xff70, 0xfdd0, 0xf90e, 0xfa3a, 0xf9b3, 0xf7dd, 0xf6a6, 0xf578, 0xf670, 0xf408, 0xf645, 0xf72b, 0xf57f,
  0xf8ba, 0xf7d6, 0xf7a9, 0xfae6, 0xfc6c, 0xfef2, 0xfff9, 0x0273, 0x01a0, 0x01ea, 0x05b8, 0x0518, 0x084a, 0x09d8, 0x09ab, 0x0a49,
  0x0a07, 0x0a4f, 0x0693, 0xfc79, 0xfed8, 0x031e, 0x036f, 0x0963, 0x0e45, 0x1213, 0x0c58, 0x0a7d, 0x05ce, 0xfdfd, 0xfc10, 0xf7ba,
  0xf97b, 0xf8c9, 0xf73b, 0xf60b, 0xf547, 0xf60a, 0xf3a4, 0xf632, 0xf70d, 0xf5ea, 0xf906, 0xf807, 0xf809, 0xfab5, 0xfc2a, 0xfeb5,
  0xffe1, 0x0260, 0x016a, 0x02b7, 0x069e, 0x06e7, 0x0ab7, 0x0be4, 0x0b83, 0x0b99, 0x0ace, 0x0a27, 0x0535, 0xfaa1, 0xfe0b, 0x0244,
  0x02c8, 0x0934, 0x0e5a, 0x115e, 0x0b14, 0x098d, 0x0430, 0xfcad, 0xfb2c, 0xf783, 0xf96d, 0xf89a, 0xf6ca, 0xf4db, 0xf47b, 0xf52f,
  0xf332, 0xf67c, 0xf720, 0xf6a4, 0xfa4d, 0xf97b, 0xfa49, 0xfd3d, 0xfece, 0x0088, 0x0140, 0x030c, 0x0105, 0x02be, 0x0686, 0x06c4,
  0x0ad4, 0x0c20, 0x0c0b, 0x0bfc, 0x0ad6, 0x09d8, 0x03cc, 0xf96b, 0xfd82, 0x012a, 0x024a, 0x08f0, 0x0de9, 0x10b9, 0x0a45, 0x088d,
  0x02d9, 0xfc5e, 0xfb0c, 0xf76c, 0xf9c1, 0xf928, 0xf80f, 0xf6a9, 0xf6b9, 0xf6c6, 0xf4ac, 0xf7b2, 0xf75d, 0xf6da, 0xfa5e, 0xf955,
  0xfa1c, 0xfd04, 0xfe8a, 0x0005, 0x00b1, 0x0262, 0x0049, 0x0230, 0x0595, 0x0666, 0x0adc, 0x0c02, 0x0bac, 0x0b89, 0x0a51, 0x0901,
  0x02ab, 0xf8b7, 0xfd74, 0x00a2, 0x01fb, 0x08cd, 0x0e49, 0x11a5, 0x0bcb, 0x0ad8, 0x04b6, 0xfe01, 0xfb5e, 0xf74b, 0xf994, 0xf86b,
  0xf77f, 0xf63c, 0xf654, 0xf698, 0xf4f9, 0xf7bd, 0xf6f6, 0xf6b8, 0xf9f2, 0xf889, 0xf9be, 0xfcaa, 0xfe1a, 0xffb2, 0x0072, 0x01b3,
  0xff86, 0x0202, 0x0501, 0x0632, 0x0a73, 0x0b71, 0x0bed, 0x0c2e, 0x0b4f, 0x0a35, 0x038f, 0xf992, 0xfe4e, 0x0102, 0x0270, 0x0933,
  0x0f20, 0x120f, 0x0bf7, 0x0aba, 0x040b, 0xfda5, 0xfacf, 0xf6fd, 0xf8eb, 0xf7a9, 0xf6e3, 0xf5b8, 0xf645, 0xf634, 0xf4b8, 0xf79c,
  0xf65d, 0xf626, 0xf932, 0xf7e7, 0xf96a, 0xfc56, 0xfe75, 0x008e, 0x021f, 0x03d1, 0x023a, 0x0520, 0x0787, 0x086a, 0x0c16, 0x0c7b,
  0x0c32, 0x0c28, 0x0ac2, 0x0963, 0x0224, 0xf872, 0xfdf1, 0xffdb, 0x020c, 0x08a7, 0x0df3, 0x10a5, 0x0a36, 0x08f7, 0x01d4, 0xfc0b,
  0xf926, 0xf576, 0xf7f1, 0xf687, 0xf63c, 0xf586, 0xf668, 0xf6c3, 0xf5e4, 0xf961, 0xf881, 0xf8d9, 0xfb8e, 0xf9ad, 0xfb53, 0xfd81,
  0xfef7, 0x00db, 0x025f, 0x03b5, 0x01ce, 0x04d9, 0x06c6, 0x07ad, 0x0ace, 0x0aa2, 0x0a6d, 0x0a65, 0x08e4, 0x07c1, 0x0021, 0xf73e,
  0xfd46, 0xfebe, 0x0162, 0x07e1, 0x0dbc, 0x1026, 0x0a03, 0x0987, 0x0267, 0xfd39, 0xfacf, 0xf81d, 0xfaba, 0xf8f7, 0xf82c, 0xf701,
  0xf792, 0xf767, 0xf6af, 0xf96e, 0xf7c2, 0xf87b, 0xfae8, 0xf8b5, 0xfa5a, 0xfc9d, 0xfe34, 0xffe9, 0x015d, 0x026b, 0x0110, 0x0447,
  0x05ce, 0x06f1, 0x09d0, 0x0999, 0x09a6, 0x09be, 0x0897, 0x07a3, 0xffe1, 0xf8c7, 0xff6d, 0x00bf, 0x041c, 0x0a38, 0x0ff5, 0x10e0,
  0x0ae9, 0x0a55, 0x0297, 0xfdfb, 0xfab9, 0xf881, 0xfaa6, 0xf873, 0xf79e, 0xf5df, 0xf67d, 0xf5ad, 0xf550, 0xf816, 0xf666, 0xf7d9,
  0xf9bb, 0xf7ab, 0xf9d7, 0xfbc8, 0xfd6e, 0xff29, 0x0113, 0x021d, 0x00e5, 0x04b1, 0x0671, 0x0896, 0x0bb8, 0x0bd9, 0x0c1a, 0x0bc4,
  0x0a58, 0x08a5, 0xff2a, 0xf8d8, 0x009c, 0x0110, 0x0468, 0x0a76, 0x0fe0, 0x0f47, 0x08de, 0x089d, 0x00ac, 0xfce8, 0xf9cd, 0xf7dc,
  0xf9f6, 0xf766, 0xf63a, 0xf418, 0xf47f, 0xf401, 0xf455, 0xf782, 0xf5fc, 0xf810, 0xfaed, 0xf977, 0xfc34, 0xfe4c, 0x0021, 0x01b1,
  0x031e, 0x035b, 0x01a4, 0x057c, 0x06ce, 0x08eb, 0x0bed, 0x0bad, 0x0ba4, 0x0b02, 0x094f, 0x077c, 0xfd6e, 0xf842, 0xfff1, 0xffe4,
  0x041b, 0x09ad, 0x0ee0, 0x0d90, 0x07a4, 0x0763, 0xff50, 0xfc40, 0xf90c, 0xf7e8, 0xfa5d, 0xf82b, 0xf785, 0xf652, 0xf75a, 0xf679,
  0xf6d3, 0xf95c, 0xf77c, 0xf9ac, 0xfb79, 0xfa06, 0xfccd, 0xfe53, 0xffd4, 0x00f4, 0x0273, 0x0240, 0x00f7, 0x050a, 0x0639, 0x08f1,
  0x0bc2, 0x0b1b, 0x0ab6, 0x09b6, 0x07f0, 0x059e, 0xfb72, 0xf735, 0xfeea, 0xff81, 0x041a, 0x09c5, 0x0fe6, 0x0f0b, 0x09f1, 0x094b,
  0x0148, 0xfe42, 0xfa55, 0xf92b, 0xfa8d, 0xf85e, 0xf806, 0xf699, 0xf779, 0xf670, 0xf743, 0xf94f, 0xf738, 0xf99f, 0xfaba, 0xf97a,
  0xfbee, 0xfcd2, 0xfe6c, 0xff6f, 0x00e7, 0x004b, 0xff87, 0x03c8, 0x0507, 0x0823, 0x0ab8, 0x0a6f, 0x0aad, 0x0a26, 0x08df, 0x06e7,
  0xfcc8, 0xf97c, 0x00b0, 0x00cb, 0x05a0, 0x0b30, 0x1179, 0x0ff0, 0x0b75, 0x0a57, 0x0150, 0xfe18, 0xf99f, 0xf8c8, 0xf9dd, 0xf76f,
  0xf72a, 0xf5bb, 0xf6ed, 0xf59c, 0xf60d, 0xf7b4, 0xf584, 0xf7f4, 0xf893, 0xf791, 0xfa7b, 0xfbcf, 0xfdf4, 0xff74, 0x01bd, 0x01c3,
  0x0192, 0x05eb, 0x071c, 0x0a22, 0x0c18, 0x0b55, 0x0b8e, 0x0b3a, 0x0a14, 0x07b0, 0xfd04, 0xfb1e, 0x01bf, 0x0162, 0x06ba, 0x0c12,
  0x11c3, 0x0eda, 0x0b24, 0x0912, 0xff42, 0xfc4d, 0xf7c3, 0xf735, 0xf7ca, 0xf5d2, 0xf5d3, 0xf515, 0xf629, 0xf4a0, 0xf5be, 0xf7a8,
  0xf615, 0xf8fb, 0xf9b7, 0xf8da, 0xfbb1, 0xfd54, 0xff69, 0x00e7, 0x0327, 0x027c, 0x02bb, 0x06c3, 0x079e, 0x0a73, 0x0bc6, 0x0b39,
  0x0b5f, 0x0ad2, 0x0994, 0x064d, 0xfb3c, 0xfad6, 0x009b, 0xfff7, 0x05d7, 0x0b60, 0x10ff, 0x0d28, 0x09f3, 0x0742, 0xfe25, 0xfbfd,
  0xf7d3, 0xf8b2, 0xf97f, 0xf788, 0xf6cf, 0xf5da, 0xf6b8, 0xf4e6, 0xf694, 0xf7c2, 0xf631, 0xf99f, 0xf9b7, 0xf90f, 0xfbde, 0xfd77,
  0xff8a, 0x00a7, 0x02e1, 0x01a8, 0x0228, 0x05c0, 0x060c, 0x0933, 0x0a90, 0x0a16, 0x0a2b, 0x0978, 0x08ab, 0x04d5, 0xf9fa, 0xfba0,
  0x0127, 0x0171, 0x07da, 0x0d48, 0x1260, 0x0da5, 0x0b4e, 0x07bf, 0xff49, 0xfd50, 0xf8fa, 0xfa96, 0xfa6f, 0xf824, 0xf700, 0xf609,
  0xf68d, 0xf469, 0xf65f, 0xf6de, 0xf568, 0xf8f7, 0xf85d, 0xf80b, 0xfa8d, 0xfba3, 0xfd91, 0xfee4, 0x014e, 0x0010, 0x0144, 0x050e,
  0x0603, 0x09b7, 0x0b20, 0x0b58, 0x0beb, 0x0b67, 0x0aee, 0x0622, 0xfaf2, 0xfe13, 0x02fa, 0x034f, 0x09ac, 0x0ed6, 0x1351, 0x0d74,
  0x0b2f, 0x068a, 0xfe82, 0xfcb0, 0xf7e1, 0xf963, 0xf8bd, 0xf67f, 0xf4df, 0xf3c7, 0xf429, 0xf251, 0xf4b7, 0xf536, 0xf49e, 0xf86c,
  0xf7c2, 0xf83c, 0xfb20, 0xfca9, 0xfef0, 0x009f, 0x031d, 0x01bc, 0x039e, 0x0758, 0x0821, 0x0bef, 0x0cf3, 0x0d17, 0x0d44, 0x0c08,
  0x0b1f, 0x052f, 0xfa6f, 0xfe10, 0x0161, 0x01f3, 0x086e, 0x0d34, 0x10a9, 0x0a9d, 0x08f4, 0x0387, 0xfc25, 0xfa6e, 0xf621, 0xf847,
  0xf75a, 0xf5a4, 0xf471, 0xf46f, 0xf54c, 0xf427, 0xf733, 0xf757, 0xf750, 0xfa9a, 0xf95b, 0xfa48, 0xfce6, 0xfe2e, 0x0016, 0x018f,
  0x03cc, 0x0225, 0x041e, 0x0748, 0x082b, 0x0c00, 0x0c80, 0x0c18, 0x0bcc, 0x0a57, 0x0921, 0x01fd, 0xf7c2, 0xfd23, 0xffba, 0x0101,
  0x07f1, 0x0d40, 0x1087, 0x0aa3, 0x0a2b, 0x03f2, 0xfd8b, 0xfc06, 0xf7ef, 0xfa17, 0xf8af, 0xf733, 0xf606, 0xf662, 0xf6cf, 0xf5b1,
  0xf8d4, 0xf7fc, 0xf7f4, 0xfafc, 0xf919, 0xfa12, 0xfc0e, 0xfd38, 0xff05, 0x005b, 0x0226, 0x003b, 0x02d2, 0x05a6, 0x06d3, 0x0a96,
  0x0af2, 0x0ae7, 0x0ad6, 0x09aa, 0x089d, 0x011f, 0xf8d7, 0xfee3, 0x00a6, 0x0355, 0x0a20, 0x0fe3, 0x120c, 0x0c2e, 0x0c08, 0x048e,
  0xfeab, 0xfbe1, 0xf854, 0xfaae, 0xf882, 0xf725, 0xf569, 0xf5c9, 0xf57e, 0xf43a, 0xf72b, 0xf5c7, 0xf652, 0xf8d0, 0xf6ca, 0xf896,
  0xface, 0xfca4, 0xfe82, 0x003e, 0x022b, 0x00bb, 0x0414, 0x0667, 0x0830, 0x0c0b, 0x0c58, 0x0c53, 0x0bee, 0x0b2a, 0x0a30, 0x00fd,
  0xf9e9, 0x011a, 0x01e4, 0x056c, 0x0bf0, 0x113d, 0x114a, 0x0b4a, 0x0a79, 0x015c, 0xfc9d, 0xf9b5, 0xf67b, 0xf8d0, 0xf6af, 0xf55c,
  0xf3d5, 0xf4bd, 0xf3e7, 0xf311, 0xf68b, 0xf544, 0xf6ae, 0xf983, 0xf7f7, 0xfa45, 0xfc7e, 0xfea1, 0x008e, 0x02db, 0x045d, 0x026d,
  0x0637, 0x084d, 0x09fe, 0x0d0b, 0x0cbf, 0x0ca1, 0x0bc6, 0x0ab2, 0x08f8, 0xfe62, 0xf953, 0x0102, 0x00d2, 0x053a, 0x0b8c, 0x10bd,
  0x0f45, 0x0981, 0x08ac, 0xff58, 0xfbf5, 0xf8a9, 0xf69d, 0xf94e, 0xf776, 0xf625, 0xf460, 0xf5e4, 0xf4e6, 0xf4c2, 0xf7d8, 0xf60e,
  0xf847, 0xfa71, 0xf895, 0xfafb, 0xfcd6, 0xff23, 0x00a1, 0x02a7, 0x035f, 0x0134, 0x0519, 0x0670, 0x087a, 0x0b8b, 0x0b22, 0x0b4a,
  0x0a46, 0x0996, 0x07a8, 0xfc83, 0xf959, 0x00d6, 0x00a8, 0x0607, 0x0bf5, 0x111f, 0x0ea8, 0x0a01, 0x0903, 0xfffc, 0xfddd, 0xfa4b,
  0xf955, 0xfb19, 0xf882, 0xf6e0, 0xf4f1, 0xf669, 0xf4da, 0xf559, 0xf7df, 0xf585, 0xf802, 0xf941, 0xf79d, 0xfa78, 0xfbf0, 0xfe00,
  0xff14, 0x0152, 0x01bc, 0xffa2, 0x03c8, 0x04ea, 0x07c9, 0x0af4, 0x0ad8, 0x0bb5, 0x0b1e, 0x0b03, 0x0886, 0xfcff, 0xfbd5, 0x02cc,
  0x024d, 0x07e8, 0x0d8c, 0x12ca, 0x0f30, 0x0b78, 0x09af, 0x0059, 0xfe61, 0xf9cc, 0xf929, 0xf9d4, 0xf718, 0xf5b2, 0xf3ce, 0xf540,
  0xf347, 0xf427, 0xf5fb, 0xf3a6, 0xf69f, 0xf778, 0xf67c, 0xf96f, 0xfb37, 0xfe18, 0xff85, 0x0230, 0x0263, 0x0154, 0x0611, 0x0726,
  0x0a7b, 0x0d2e, 0x0cf1, 0x0d36, 0x0c4f, 0x0c46, 0x08bc, 0xfcb1, 0xfca6, 0x02d9, 0x0247, 0x084a, 0x0d9d, 0x1269, 0x0de4, 0x0ace,
  0x07e4, 0xfe3e, 0xfc05, 0xf702, 0xf702, 0xf752, 0xf4cd, 0xf391, 0xf2d4, 0xf4b3, 0xf30e, 0xf4f1, 0xf6e1, 0xf527, 0xf893, 0xf8ba,
  0xf802, 0xfb44, 0xfcd5, 0xff3e, 0x0057, 0x0323, 0x02a7, 0x020c, 0x06e6, 0x07a0, 0x0b04, 0x0d3b, 0x0cbe, 0x0cb1, 0x0b8e, 0x0b60,
  0x067c, 0xfa1d, 0xfb99, 0x00e6, 0x00b1, 0x0732, 0x0cfa, 0x11f1, 0x0d02, 0x0aba, 0x06db, 0xfe20, 0xfc8d, 0xf7a3, 0xf874, 0xf892,
  0xf693, 0xf51a, 0xf49b, 0xf67a, 0xf464, 0xf698, 0xf7c8, 0xf616, 0xf9c5, 0xf96d, 0xf8d9, 0xfb99, 0xfcd5, 0xfee8, 0xffa9, 0x0227,
  0x00ea, 0x00d7, 0x05a6, 0x062d, 0x09c2, 0x0bc7, 0x0ba0, 0x0bbb, 0x0a81, 0x0a72, 0x05a7, 0xfa91, 0xfd3b, 0x01e5, 0x0255, 0x08d7,
  0x0e7d, 0x12e2, 0x0d98, 0x0bea, 0x0747, 0xff35, 0xfd28, 0xf858, 0xf9c9, 0xf954, 0xf78e, 0xf5c5, 0xf51a, 0xf65a, 0xf3e3, 0xf5dd,
  0xf633, 0xf4e2, 0xf84b, 0xf737, 0xf6ea, 0xf9bc, 0xfb96, 0xfde8, 0xfeec, 0x01d7, 0x00ec, 0x01b7, 0x0633, 0x06f8, 0x0afb, 0x0c70,
  0x0c4f, 0x0c5d, 0x0b6c, 0x0b7a, 0x05e4, 0xfa90, 0xfe29, 0x02fc, 0x03b6, 0x0a78, 0x100e, 0x13b7, 0x0da6, 0x0b8f, 0x05bb, 0xfd76,
  0xfb49, 0xf6ad, 0xf80b, 0xf742, 0xf5ce, 0xf42f, 0xf3e8, 0xf4fb, 0xf2fd, 0xf59a, 0xf5d5, 0xf4ae, 0xf83b, 0xf781, 0xf7b3, 0xfa84,
  0xfcba, 0xff3c, 0x0097, 0x0396, 0x022c, 0x0390, 0x07ec, 0x0894, 0x0c6f, 0x0d7f, 0x0d46, 0x0d44, 0x0bf1, 0x0b43, 0x04bf, 0xf98e,
  0xfd96, 0x019a, 0x026b, 0x0911, 0x0eed, 0x122a, 0x0bdf, 0x0a42, 0x043a, 0xfcd4, 0xfa79, 0xf648, 0xf856, 0xf792, 0xf677, 0xf4cb,
  0xf50b, 0xf60e, 0xf41a, 0xf6e5, 0xf6be, 0xf63b, 0xf9b9, 0xf8a6, 0xf901, 0xfbbf, 0xfe12, 0x0034, 0x0151, 0x03a6, 0x01a3, 0x02ff,
  0x06b1, 0x0731, 0x0b2a, 0x0c28, 0x0be6, 0x0bdf, 0x0af6, 0x0a86, 0x03f7, 0xf8ec, 0xfd25, 0x011f, 0x024c, 0x08d7, 0x0e61, 0x1241,
  0x0c15, 0x0a04, 0x0476, 0xfdc9, 0xfbab, 0xf809, 0xfa33, 0xf8ee, 0xf732, 0xf5bf, 0xf5c7, 0xf5dc, 0xf412, 0xf6bb, 0xf617, 0xf58a,
  0xf8cd, 0xf78a, 0xf853, 0xfb13, 0xfce7, 0xfef7, 0x00b2, 0x02ce, 0x00a8, 0x0255, 0x05ea, 0x06cc, 0x0ab7, 0x0be2, 0x0bfd, 0x0c31,
  0x0b68, 0x0ae5, 0x0448, 0xfa1a, 0xfecb, 0x021b, 0x038c, 0x09f1, 0x0eea, 0x1255, 0x0c25, 0x0a39, 0x045a, 0xfdc1, 0xfaf9, 0xf715,
  0xf951, 0xf7a9, 0xf5ec, 0xf44d, 0xf484, 0xf519, 0xf3c8, 0xf656, 0xf563, 0xf57a, 0xf889, 0xf723, 0xf842, 0xfb38, 0xfd7b, 0xffa6,
  0x0166, 0x0364, 0x01b6, 0x0406, 0x0763, 0x08c2, 0x0ce3, 0x0ddd, 0x0dda, 0x0d3e, 0x0bb6, 0x0ab2, 0x036e, 0xf9ab, 0xfe9c, 0x018d,
  0x0337, 0x092e, 0x0e32, 0x1093, 0x0a5b, 0x093a, 0x029f, 0xfc0a, 0xf928, 0xf5f2, 0xf83a, 0xf647, 0xf522, 0xf3e5, 0xf4cb, 0xf572,
  0xf45c, 0xf792, 0xf6df, 0xf757, 0xfa6a, 0xf903, 0xfa4f, 0xfd09, 0xfeff, 0x0089, 0x01f5, 0x03c7, 0x01f4, 0x048e, 0x07d0, 0x0918,
  0x0ce8, 0x0d35, 0x0ca8, 0x0bb4, 0x0a27, 0x08ee, 0x00e0, 0xf814, 0xfdab, 0xff6a, 0x01e2, 0x0867, 0x0de8, 0x0fd3, 0x09bb, 0x0930,
  0x01ff, 0xfc57, 0xf97f, 0xf6a9, 0xf943, 0xf7a6, 0xf6ef, 0xf551, 0xf61c, 0xf658, 0xf557, 0xf84b, 0xf6f6, 0xf7be, 0xfadf, 0xf96b,
  0xfa8f, 0xfcee, 0xfed2, 0x0055, 0x01b5, 0x02f7, 0x010d, 0x03f2, 0x0678, 0x07ab, 0x0b33, 0x0b4e, 0x0b0a, 0x0a88, 0x0988, 0x0872,
  0x0039, 0xf8da, 0xff8a, 0x0107, 0x042a, 0x0a95, 0x0ff7, 0x10b2, 0x0a4d, 0x09fe, 0x024c, 0xfcda, 0xf986, 0xf777, 0xfa31, 0xf819,
  0xf745, 0xf5d3, 0xf6d2, 0xf632, 0xf524, 0xf775, 0xf59a, 0xf6c0, 0xf92f, 0xf798, 0xf924, 0xfbab, 0xfe0d, 0xfff9, 0x01fd, 0x033c,
  0x0162, 0x04e2, 0x0701, 0x084c, 0x0bb9, 0x0bd5, 0x0be4, 0x0b53, 0x0a87, 0x0906, 0xffc7, 0xf9c2, 0x00c5, 0x0192, 0x0571, 0x0c23,
  0x11bc, 0x1127, 0x0b01, 0x09fa, 0x00c5, 0xfbaf, 0xf7e9, 0xf612, 0xf875, 0xf678, 0xf5bf, 0xf424, 0xf577, 0xf4a7, 0xf46a, 0xf6f1,
  0xf500, 0xf6e7, 0xf91b, 0xf7cd, 0xf9db, 0xfc3f, 0xfecb, 0x00c3, 0x0321, 0x043a, 0x022f, 0x061d, 0x07f7, 0x098f, 0x0cfc, 0x0cdb,
  0x0d51, 0x0ca5, 0x0bcf, 0x0956, 0xfe6a, 0xf9a0, 0x0044, 0x0061, 0x052a, 0x0b77, 0x10c7, 0x0ef0, 0x0952, 0x0830, 0xfeec, 0xfb40,
  0xf750, 0xf636, 0xf869, 0xf63c, 0xf550, 0xf3c3, 0xf56f, 0xf478, 0xf4d2, 0xf744, 0xf570, 0xf7ff, 0xf9fa, 0xf8ba, 0xfb2d, 0xfd8a,
  0x002a, 0x01f8, 0x0406, 0x0448, 0x01f0, 0x05d2, 0x072f, 0x0918, 0x0c53, 0x0c30, 0x0c9c, 0x0bdf, 0x0b60, 0x08a1, 0xfd18, 0xfa0b,
  0x00fb, 0x00a7, 0x0612, 0x0bf0, 0x10e2, 0x0e29, 0x0968, 0x0810, 0xfec0, 0xfc3e, 0xf86e, 0xf804, 0xf9d5, 0xf786, 0xf685, 0xf4ed,
  0xf648, 0xf4a3, 0xf543, 0xf711, 0xf4ee, 0xf7d6, 0xf926, 0xf7d9, 0xfa70, 0xfc96, 0xff06, 0x00a2, 0x02ee, 0x02e0, 0x0121, 0x056a,
  0x0674, 0x0909, 0x0bf1, 0x0b9f, 0x0bfe, 0x0b77, 0x0b24, 0x07c4, 0xfc57, 0xfb7e, 0x024d, 0x01eb, 0x0816, 0x0dff, 0x12c7, 0x0e86,
  0x0a11, 0x07b3, 0xfe24, 0xfbd0, 0xf793, 0xf7b9, 0xf8d2, 0xf650, 0xf500, 0xf37d, 0xf51d, 0xf382, 0xf4d2, 0xf66f, 0xf47e, 0xf7d5,
  0xf87c, 0xf75c, 0xfa00, 0xfbd9, 0xfe80, 0x0034, 0x02d2, 0x02c9, 0x01e9, 0x06b2, 0x07c0, 0x0b12, 0x0df0, 0x0dbe, 0x0deb, 0x0cb5,
  0x0c02, 0x0783, 0xfb68, 0xfbb9, 0x01d7, 0x01cf, 0x0887, 0x0e33, 0x129c, 0x0d69, 0x09bb, 0x067b, 0xfcfc, 0xfab7, 0xf651, 0xf744,
  0xf7a5, 0xf530, 0xf3de, 0xf2ee, 0xf4b3, 0xf31c, 0xf534, 0xf6cd, 0xf561, 0xf8fe, 0xf937, 0xf8c3, 0xfbab, 0xfd4b, 0xffe5, 0x0161,
  0x03a4, 0x02bf, 0x0256, 0x0714, 0x07f6, 0x0bb6, 0x0e3d, 0x0dbe, 0x0d91, 0x0c13, 0x0ae6, 0x05c7, 0xf9b3, 0xfb2a, 0x0100, 0x0167,
  0x0865, 0x0deb, 0x11ff, 0x0c50, 0x093f, 0x053d, 0xfc84, 0xfac2, 0xf679, 0xf800, 0xf840, 0xf652, 0xf500, 0xf44e, 0xf5e3, 0xf40c,
  0xf641, 0xf70d, 0xf58b, 0xf92b, 0xf8f4, 0xf8b8, 0xfbbc, 0xfd88, 0x0009, 0x0139, 0x035e, 0x01dd, 0x01e6, 0x0695, 0x070c, 0x0abb,
  0x0cc5, 0x0c3f, 0x0c18, 0x0ab0, 0x099e, 0x046b, 0xf909, 0xfbc7, 0x016a, 0x0271, 0x09c5, 0x0f75, 0x133e, 0x0cf4, 0x0a1b, 0x052a,
  0xfc96, 0xfabf, 0xf69f, 0xf869, 0xf854, 0xf6e0, 0xf5a5, 0xf527, 0xf688, 0xf489, 0xf6ad, 0xf6a7, 0xf526, 0xf895, 0xf7c0, 0xf7c2,
  0xfab2, 0xfca1, 0xff29, 0x0090, 0x0300, 0x015a, 0x0209, 0x06be, 0x079c, 0x0b93, 0x0d28, 0x0c92, 0x0c55, 0x0b14, 0x0a1a, 0x0497,
  0xf997, 0xfd07, 0x0283, 0x03b6, 0x0af6, 0x106b, 0x1418, 0x0db7, 0x0aa9, 0x0547, 0xfce0, 0xfaab, 0xf689, 0xf82b, 0xf783, 0xf5c7,
  0xf459, 0xf415, 0xf521, 0xf360, 0xf5d1, 0xf5b4, 0xf4cc, 0xf86b, 0xf7a9, 0xf80d, 0xfaff, 0xfd1b, 0xffb9, 0x0110, 0x0341, 0x019c,
  0x0314, 0x0770, 0x0861, 0x0c8c, 0x0dfc, 0x0da0, 0x0da7, 0x0c9d, 0x0b78, 0x056e, 0xfa2f, 0xfe05, 0x02ca, 0x0382, 0x09d8, 0x0e87,
  0x11c8, 0x0ae8, 0x0854, 0x0344, 0xfbbe, 0xf9d1, 0xf62b, 0xf829, 0xf719, 0xf569, 0xf3db, 0xf383, 0xf47e, 0xf2e8, 0xf59a, 0xf5af,
  0xf579, 0xf931, 0xf883, 0xf985, 0xfcaf, 0xfef1, 0x014e, 0x02a6, 0x0481, 0x0295, 0x0429, 0x07b8, 0x088c, 0x0c5e, 0x0d6c, 0x0cfd,
  0x0caf, 0x0b84, 0x0a71, 0x0465, 0xf9d4, 0xfdb3, 0x01a2, 0x02b9, 0x08b4, 0x0d54, 0x1064, 0x09da, 0x07c5, 0x023b, 0xfb58, 0xf944,
  0xf61a, 0xf8c2, 0xf791, 0xf65d, 0xf537, 0xf534, 0xf623, 0xf4af, 0xf779, 0xf71e, 0xf709, 0xfa83, 0xf976, 0xfa64, 0xfcd1, 0xfeb1,
  0x00db, 0x0237, 0x03b1, 0x01d3, 0x0425, 0x0778, 0x08bd, 0x0c8a, 0x0cf4, 0x0c43, 0x0ba5, 0x0a25, 0x08da, 0x0235, 0xf855, 0xfcf7,
  0x00a4, 0x02e0, 0x09ab, 0x0ef7, 0x11c8, 0x0b71, 0x09fa, 0x03a6, 0xfcc6, 0xfa37, 0xf700, 0xf97a, 0xf7cd, 0xf657, 0xf4c0, 0xf4de,
  0xf569, 0xf3fd, 0xf6b2, 0xf632, 0xf6b6, 0xf9e3, 0xf87b, 0xf972, 0xfbc6, 0xfd76, 0xff4d, 0x00c5, 0x0225, 0x006c, 0x0375, 0x06c1,
  0x087b, 0x0cbf, 0x0d8a, 0x0d20, 0x0cc0, 0x0b50, 0x09d3, 0x0220, 0xf8c2, 0xfec7, 0x01ca, 0x04e2, 0x0bd1, 0x10e2, 0x127c, 0x0b46,
  0x09c6, 0x027b, 0xfc27, 0xf971, 0xf67e, 0xf910, 0xf706, 0xf54e, 0xf2fb, 0xf331, 0xf379, 0xf255, 0xf553, 0xf47c, 0xf590, 0xf91a,
  0xf81a, 0xf9ca, 0xfc5d, 0xfe84, 0x0095, 0x0240, 0x0382, 0x0194, 0x04ce, 0x07d5, 0x099a, 0x0dbd, 0x0e47, 0x0df4, 0x0d64, 0x0bea,
  0x0a2a, 0x0173, 0xf925, 0x0008, 0x01fb, 0x0560, 0x0c1e, 0x1067, 0x10c2, 0x092c, 0x078b, 0xffa7, 0xfa47, 0xf7ad, 0xf540, 0xf83c,
  0xf646, 0xf4f5, 0xf358, 0xf43f, 0xf473, 0xf3b2, 0xf680, 0xf555, 0xf6e1, 0xfa09, 0xf8a5, 0xfae4, 0xfd84, 0xffb6, 0x01ea, 0x03aa,
  0x048e, 0x029e, 0x061b, 0x085e, 0x09ea, 0x0d85, 0x0d41, 0x0ca8, 0x0bb0, 0x0a08, 0x07eb, 0xfe84, 0xf79a, 0xff22, 0x0112, 0x053f,
  0x0b70, 0x1050, 0x106b, 0x090c, 0x07a3, 0xff7c, 0xfb3a, 0xf827, 0xf61c, 0xf8f1, 0xf695, 0xf5cc, 0xf45d, 0xf58e, 0xf57a, 0xf515,
  0xf7dd, 0xf632, 0xf7d5, 0xfa17, 0xf850, 0xfa63, 0xfc55, 0xfe7f, 0x0086, 0x022e, 0x02d9, 0x0105, 0x04d4, 0x06c8, 0x0904, 0x0c8c,
  0x0c40, 0x0c39, 0x0b5f, 0x0a15, 0x07f2, 0xfe46, 0xf87f, 0x0044, 0x020a, 0x0644, 0x0c38, 0x1199, 0x1124, 0x0a42, 0x0903, 0x00dd,
  0xfcbc, 0xf92f, 0xf77b, 0xf990, 0xf6c9, 0xf57c, 0xf3a4, 0xf504, 0xf4c6, 0xf492, 0xf6eb, 0xf509, 0xf6ef, 0xf8f3, 0xf78a, 0xf9c3,
  0xfbcf, 0xfe6a, 0x006f, 0x0228, 0x02aa, 0x0141, 0x0572, 0x073b, 0x09e2, 0x0d74, 0x0d0a, 0x0d20, 0x0c7d, 0x0b84, 0x0960, 0xff5d,
  0xfa29, 0x01f3, 0x02a2, 0x06a9, 0x0c31, 0x1110, 0x0ff7, 0x090b, 0x07a2, 0xff1a, 0xfb57, 0xf7f4, 0xf6ac, 0xf898, 0xf5a2, 0xf488,
  0xf33b, 0xf4a7, 0xf3fb, 0xf401, 0xf69b, 0xf50a, 0xf766, 0xf94f, 0xf7fa, 0xfabf, 0xfcfc, 0xff8c, 0x0197, 0x037b, 0x03d4, 0x02a7,
  0x06e3, 0x0867, 0x0ad2, 0x0db8, 0x0d00, 0x0cd5, 0x0bef, 0x0aa7, 0x0836, 0xfdf8, 0xf988, 0x0116, 0x01f3, 0x067b, 0x0b66, 0x1024,
  0x0e7f, 0x07df, 0x062d, 0xfdfa, 0xfae0, 0xf72f, 0xf6ec, 0xf8fe, 0xf607, 0xf561, 0xf431, 0xf5a7, 0xf4f1, 0xf5a2, 0xf80f, 0xf628,
  0xf8ba, 0xfa01, 0xf878, 0xfafc, 0xfcce, 0xff4c, 0x0145, 0x032a, 0x02f2, 0x0237, 0x0696, 0x07ea, 0x0ac9, 0x0d21, 0x0c3d, 0x0be7,
  0x0ae0, 0x098e, 0x06dc, 0xfc94, 0xf8d6, 0x00da, 0x0210, 0x06b0, 0x0bde, 0x112e, 0x0ef8, 0x0935, 0x07e9, 0xff78, 0xfc30, 0xf864,
  0xf862, 0xf9b5, 0xf690, 0xf5d4, 0xf49f, 0xf5ee, 0xf513, 0xf5c9, 0xf7dd, 0xf627, 0xf8d1, 0xf995, 0xf81c, 0xfa80, 0xfc49, 0xfe92,
  0x003b, 0x022e, 0x01b8, 0x0182, 0x0613, 0x0798, 0x0ac2, 0x0d0f, 0x0c88, 0x0c8e, 0x0bc4, 0x0a66, 0x079c, 0xfd51, 0xfa1b, 0x015d,
  0x0204, 0x06d3, 0x0bf8, 0x1186, 0x0ee9, 0x0935, 0x0761, 0xfee0, 0xfbe6, 0xf7c4, 0xf7b8, 0xf87f, 0xf58d, 0xf519, 0xf3e3, 0xf4fa,
  0xf409, 0xf504, 0xf6ce, 0xf53f, 0xf800, 0xf892, 0xf7c9, 0xfa8b, 0xfc9a, 0xff58, 0x0153, 0x037a, 0x02ce, 0x02d7, 0x06f6, 0x07fd,
  0x0b18, 0x0d47, 0x0cec, 0x0ce5, 0x0c1c, 0x0a8d, 0x079d, 0xfd2d, 0xfa62, 0x0168, 0x01fa, 0x06ed, 0x0c3c, 0x1166, 0x0de0, 0x08a5,
  0x064e, 0xfd83, 0xfa3e, 0xf64a, 0xf6f5, 0xf7ba, 0xf57b, 0xf520, 0xf46e, 0xf5f6, 0xf4bc, 0xf5ca, 0xf721, 0xf57e, 0xf832, 0xf881,
  0xf809, 0xfadd, 0xfd58, 0x0036, 0x0257, 0x047e, 0x036e, 0x03b2, 0x0755, 0x0827, 0x0b58, 0x0d0e, 0x0c80, 0x0c48, 0x0b91, 0x09b6,
  0x05ef, 0xfb48, 0xf9c9, 0x0113, 0x01d2, 0x0729, 0x0c09, 0x1169, 0x0db4, 0x08b1, 0x05bc, 0xfd23, 0xfa8b, 0xf679, 0xf7c3, 0xf847,
  0xf5f2, 0xf5e8, 0xf58a, 0xf6d2, 0xf562, 0xf6ac, 0xf7c1, 0xf605, 0xf8d1, 0xf8c1, 0xf85a, 0xfb26, 0xfd50, 0xfff5, 0x01f0, 0x0394,
  0x0211, 0x02ca, 0x064e, 0x073e, 0x0abe, 0x0c22, 0x0bde, 0x0c10, 0x0b26, 0x094d, 0x0562, 0xfb0b, 0xfae9, 0x012e, 0x0196, 0x0759,
  0x0c7d, 0x1182, 0x0d1f, 0x0958, 0x0649, 0xfe01, 0xfb8e, 0xf730, 0xf8b2, 0xf8a0, 0xf60a, 0xf579, 0xf4d7, 0xf5c9, 0xf430, 0xf5c8,
  0xf6a2, 0xf591, 0xf89c, 0xf847, 0xf83a, 0xfb2b, 0xfd95, 0xfffa, 0x01bc, 0x0379, 0x01c7, 0x02e1, 0x0627, 0x072d, 0x0b07, 0x0c6e,
  0x0c69, 0x0c8f, 0x0bc4, 0x0a62, 0x05f9, 0xfb6d, 0xfce4, 0x0290, 0x02d1, 0x0882, 0x0d4b, 0x114e, 0x0bb3, 0x08e7, 0x04fc, 0xfcc6,
  0xfa99, 0xf6a7, 0xf8b3, 0xf80e, 0xf5b7, 0xf4ee, 0xf4a9, 0xf584, 0xf3a5, 0xf5b0, 0xf627, 0xf567, 0xf8d5, 0xf877, 0xf8ff, 0xfbf1,
  0xfe6a, 0x00f5, 0x02e7, 0x04e5, 0x02fa, 0x0467, 0x07c4, 0x08ac, 0x0c05, 0x0ca3, 0x0c63, 0x0c3d, 0x0b1c, 0x0989, 0x0377, 0xf933,
  0xfd24, 0x01c4, 0x0280, 0x08f1, 0x0e08, 0x1128, 0x0a88, 0x0882, 0x032d, 0xfbc2, 0xf9b9, 0xf5d4, 0xf8a3, 0xf7cb, 0xf5e0, 0xf4cf,
  0xf516, 0xf609, 0xf46c, 0xf725, 0xf71d, 0xf6da, 0xfa7e, 0xf940, 0xf9b2, 0xfc60, 0xfe78, 0x00ab, 0x025f, 0x0420, 0x01fe, 0x03c5,
  0x06dd, 0x07b8, 0x0b66, 0x0c25, 0x0bfb, 0x0bb7, 0x0a60, 0x08f3, 0x0134, 0xf7a0, 0xfdcb, 0x010d, 0x02f9, 0x0a5b, 0x0fcc, 0x11c7,
  0x0ad6, 0x0a21, 0x0398, 0xfd14, 0xfb04, 0xf718, 0xfa14, 0xf837, 0xf609, 0xf4bf, 0xf517, 0xf55c, 0xf3e5, 0xf6f8, 0xf62b, 0xf650,
  0xf9b2, 0xf7f8, 0xf948, 0xfc14, 0xfe05, 0x0029, 0x01ff, 0x0363, 0x00bf, 0x0337, 0x061f, 0x07a3, 0x0bf1, 0x0c7a, 0x0cb4, 0x0cb5,
  0x0bc3, 0x0a35, 0x00d3, 0xf911, 0x007b, 0x022f, 0x0522, 0x0c0a, 0x1154, 0x11ba, 0x0a87, 0x09e4, 0x01dd, 0xfc94, 0xf9eb, 0xf677,
  0xf95d, 0xf723, 0xf564, 0xf408, 0xf504, 0xf4bf, 0xf376, 0xf65d, 0xf4b7, 0xf5a0, 0xf896, 0xf6d5, 0xf929, 0xfc05, 0xfe94, 0x00d2,
  0x02e2, 0x042b, 0x0199, 0x04e0, 0x072f, 0x08a8, 0x0cb7, 0x0cce, 0x0d08, 0x0c51, 0x0b43, 0x0978, 0xfedd, 0xf915, 0x00e8, 0x01c5,
  0x05e8, 0x0c90, 0x11de, 0x1096, 0x09c2, 0x08b8, 0xff54, 0xfb27, 0xf817, 0xf5cb, 0xf8a6, 0xf65f, 0xf577, 0xf468, 0xf5fc, 0xf551,
  0xf482, 0xf769, 0xf549, 0xf6d6, 0xf90c, 0xf6f6, 0xf9ca, 0xfc0f, 0xfe9f, 0x00c5, 0x02f5, 0x0419, 0x0188, 0x0547, 0x0709, 0x0916,
  0x0d09, 0x0c82, 0x0c84, 0x0b85, 0x0a98, 0x0845, 0xfce9, 0xf8f2, 0x00fc, 0x01ad, 0x06c1, 0x0ce8, 0x1242, 0x100a, 0x0a1c, 0x08a1,
  0xfee7, 0xfbee, 0xf87b, 0xf712, 0xf93f, 0xf68e, 0xf59b, 0xf451, 0xf616, 0xf51a, 0xf4ba, 0xf764, 0xf51e, 0xf726, 0xf8c8, 0xf6f1,
  0xf9f5, 0xfc0a, 0xfeb0, 0x0095, 0x028c, 0x02f4, 0x00cd, 0x0541, 0x06f2, 0x0960, 0x0cdd, 0x0c50, 0x0cb2, 0x0bc2, 0x0b19, 0x085e,
  0xfcc4, 0xfabf, 0x0247, 0x0228, 0x0790, 0x0d48, 0x1262, 0x0ec0, 0x0a00, 0x084e, 0xfe8c, 0xfc7d, 0xf885, 0xf7f3, 0xf998, 0xf688,
  0xf535, 0xf3d8, 0xf57d, 0xf3a2, 0xf3ce, 0xf649, 0xf430, 0xf6f6, 0xf802, 0xf690, 0xf9e4, 0xfc1a, 0xff2c, 0x00cd, 0x02fe, 0x0318,
  0x01b2, 0x0619, 0x06db, 0x09a5, 0x0cc4, 0x0c41, 0x0cae, 0x0bd6, 0x0b6b, 0x0828, 0xfc57, 0xfba9, 0x0266, 0x024d, 0x0821, 0x0d82,
  0x1258, 0x0d84, 0x097b, 0x06c0, 0xfd31, 0xfba6, 0xf750, 0xf7a7, 0xf8de, 0xf62e, 0xf4ed, 0xf3f1, 0xf5da, 0xf3f0, 0xf4fc, 0xf70a,
  0xf4c6, 0xf7cf, 0xf828, 0xf715, 0xfa83, 0xfc85, 0xffb5, 0x0182, 0x040d, 0x0384, 0x0278, 0x0719, 0x07c3, 0x0b08, 0x0d7d, 0x0caf,
  0x0ccf, 0x0b7f, 0x0aa2, 0x065a, 0xfa62, 0xfb18, 0x0188, 0x01f6, 0x0864, 0x0e14, 0x12e2, 0x0d8b, 0x0a68, 0x06cf, 0xfd71, 0xfb94,
  0xf6cf, 0xf798, 0xf81e, 0xf5a7, 0xf47a, 0xf41e, 0xf622, 0xf43a, 0xf5d7, 0xf772, 0xf567, 0xf8d6, 0xf8c9, 0xf7cc, 0xfaf4, 0xfce4,
  0xffaf, 0x00dd, 0x032f, 0x0237, 0x01d0, 0x0695, 0x0758, 0x0af7, 0x0d3c, 0x0cc0, 0x0cd6, 0x0b64, 0x0a8d, 0x0579, 0xf99d, 0xfb55,
  0x013e, 0x0200, 0x08af, 0x0ec3, 0x137a, 0x0dd3, 0x0b21, 0x0692, 0xfdc2, 0xfbe3, 0xf705, 0xf82d, 0xf825, 0xf618, 0xf4ca, 0xf43e,
  0xf586, 0xf362, 0xf562, 0xf678, 0xf4d5, 0xf84d, 0xf7f9, 0xf7c2, 0xfb00, 0xfd35, 0xffd3, 0x0109, 0x0386, 0x0217, 0x0238, 0x0683,
  0x0732, 0x0b35, 0x0d28, 0x0cf2, 0x0d14, 0x0bb0, 0x0ad4, 0x0569, 0xf9cd, 0xfc3f, 0x01f3, 0x0314, 0x09c3, 0x0fa2, 0x1374, 0x0ce6,
  0x0a2f, 0x04ca, 0xfc56, 0xfa53, 0xf5df, 0xf7d1, 0xf7b8, 0xf60f, 0xf4c7, 0xf497, 0xf5c1, 0xf3b7, 0xf5fa, 0xf683, 0xf531, 0xf8ae,
  0xf824, 0xf84a, 0xfb91, 0xfe3a, 0x010d, 0x0279, 0x04c9, 0x02f8, 0x03ac, 0x07a1, 0x0808, 0x0bea, 0x0d45, 0x0cc7, 0x0c5a, 0x0aef,
  0x09f3, 0x0413, 0xf8e9, 0xfc11, 0x0216, 0x0373, 0x097a, 0x0ecc, 0x1252, 0x0ba5, 0x08aa, 0x0359, 0xfbd7, 0xf9cd, 0xf5d8, 0xf7e8,
  0xf763, 0xf5d3, 0xf4f3, 0xf541, 0xf689, 0xf4e1, 0xf721, 0xf77f, 0xf67a, 0xf9bf, 0xf8a5, 0xf8ba, 0xfbf7, 0xfe3e, 0x00a5, 0x0202,
  0x03f2, 0x0242, 0x0347, 0x06c8, 0x0750, 0x0b17, 0x0c23, 0x0bcb, 0x0b7b, 0x0a1a, 0x0924, 0x0366, 0xf91a, 0xfc76, 0x0154, 0x027a,
  0x08a8, 0x0e07, 0x1176, 0x0b8c, 0x099b, 0x0445, 0xfd2e, 0xfada, 0xf6e3, 0xf8fc, 0xf7e4, 0xf65e, 0xf55f, 0xf5a0, 0xf6a5, 0xf517,
  0xf743, 0xf721, 0xf647, 0xf958, 0xf82e, 0xf882, 0xfbaa, 0xfe12, 0x0089, 0x01f2, 0x0385, 0x018f, 0x02ee, 0x0618, 0x06c6, 0x0ad6,
  0x0c10, 0x0bfa, 0x0bda, 0x0ae5, 0x09f9, 0x0401, 0xf9f8, 0xfdc5, 0x01b7, 0x02de, 0x0935, 0x0e83, 0x1117, 0x0b41, 0x09cc, 0x0388,
  0xfc9f, 0xf9f8, 0xf674, 0xf8f3, 0xf7ad, 0xf65b, 0xf53e, 0xf5d2, 0xf671, 0xf48e, 0xf6d0, 0xf625, 0xf5b1, 0xf8dc, 0xf7b8, 0xf88f,
  0xfc00, 0xfeb4, 0x0110, 0x028e, 0x042c, 0x023a, 0x044f, 0x076f, 0x0837, 0x0bfe, 0x0c9c, 0x0c71, 0x0c1b, 0x0b00, 0x0993, 0x0263,
  0xf8be, 0xfde0, 0x0145, 0x0303, 0x09b0, 0x0f11, 0x1108, 0x0a7e, 0x08ef, 0x01bf, 0xfb63, 0xf8b2, 0xf572, 0xf823, 0xf6f2, 0xf5be,
  0xf44c, 0xf520, 0xf580, 0xf44a, 0xf71e, 0xf683, 0xf699, 0xf9ff, 0xf8d2, 0xf9bc, 0xfccb, 0xff04, 0x013c, 0x02ba, 0x0413, 0x0218,
  0x0494, 0x077c, 0x0896, 0x0c83, 0x0cf7, 0x0cd1, 0x0c38, 0x0ab0, 0x08fb, 0x0096, 0xf7c9, 0xfdeb, 0x0057, 0x034b, 0x0a1c, 0x0f34,
  0x1093, 0x09dc, 0x08c8, 0x0185, 0xfc5a, 0xf95a, 0xf65c, 0xf94e, 0xf753, 0xf5f1, 0xf476, 0xf577, 0xf590, 0xf4e6, 0xf7ae, 0xf685,
  0xf73c, 0xfa5b, 0xf8cc, 0xfa04, 0xfd16, 0xff26, 0x0122, 0x02b6, 0x03b4, 0x016f, 0x0443, 0x06d9, 0x0869, 0x0c85, 0x0c7f, 0x0c6a,
  0x0bbe, 0x0a7e, 0x08d3, 0xffbb, 0xf851, 0xff51, 0x010d, 0x0462, 0x0adc, 0x0fff, 0x1071, 0x0a1a, 0x0978, 0x0162, 0xfc8f, 0xf916,
  0xf66b, 0xf8f9, 0xf6b3, 0xf5b4, 0xf48c, 0xf5d3, 0xf55b, 0xf4d5, 0xf790, 0xf5f0, 0xf6c4, 0xf95a, 0xf7df, 0xf9a0, 0xfc91, 0xfef7,
  0x0104, 0x02a9, 0x03cb, 0x01f2, 0x055d, 0x079a, 0x091b, 0x0cd9, 0x0cc5, 0x0ce9, 0x0be6, 0x0abc, 0x08ca, 0xff53, 0xf922, 0xffd2,
  0x00dc, 0x04ad, 0x0af4, 0x101d, 0x0fc2, 0x09c8, 0x08cb, 0x0026, 0xfbc7, 0xf7d7, 0xf5f1, 0xf86e, 0xf63f, 0xf5d2, 0xf4bb, 0xf5fd,
  0xf54f, 0xf511, 0xf775, 0xf59e, 0xf6cb, 0xf8e4, 0xf787, 0xfa0a, 0xfcde, 0xff68, 0x01b7, 0x03a9, 0x04aa, 0x02ff, 0x0680, 0x0803,
  0x09a3, 0x0d04, 0x0cb7, 0x0ca3, 0x0b8b, 0x0a95, 0x0865, 0xfe43, 0xf936, 0x0007, 0x00a9, 0x0507, 0x0b33, 0x1084, 0x0f21, 0x09d5,
  0x0897, 0xff4d, 0xfb67, 0xf755, 0xf645, 0xf86b, 0xf623, 0xf5c6, 0xf517, 0xf6a4, 0xf591, 0xf59c, 0xf7bb, 0xf5ca, 0xf779, 0xf96c,
  0xf808, 0xfa8f, 0xfd61, 0x0008, 0x023e, 0x0425, 0x046e, 0x029c, 0x064f, 0x0799, 0x0985, 0x0c85, 0x0c1a, 0x0c1d, 0x0b52, 0x0a6d,
  0x079d, 0xfce5, 0xf98f, 0x001c, 0x000b, 0x055d, 0x0b9d, 0x10cd, 0x0e56, 0x09db, 0x0821, 0xfebf, 0xfbb6, 0xf74e, 0xf6c3, 0xf8b3,
  0xf690, 0xf5b9, 0xf4d9, 0xf63d, 0xf482, 0xf4f8, 0xf6ff, 0xf52a, 0xf783, 0xf915, 0xf7c4, 0xfaa3, 0xfd7d, 0x0055, 0x0242, 0x0433,
  0x041d, 0x02a0, 0x0650, 0x0708, 0x0937, 0x0c1a, 0x0c03, 0x0c41, 0x0b8f, 0x0abc, 0x0780, 0xfc61, 0xfa97, 0x00f0, 0x00f5, 0x071e,
  0x0d0b, 0x119a, 0x0d92, 0x098f, 0x0705, 0xfd86, 0xfb16, 0xf68a, 0xf6fc, 0xf873, 0xf630, 0xf534, 0xf45e, 0xf599, 0xf3e6, 0xf53c,
  0xf70a, 0xf51f, 0xf7d2, 0xf914, 0xf835, 0xfb4a, 0xfdb5, 0x0092, 0x029e, 0x04da, 0x0439, 0x0321, 0x06fe, 0x0791, 0x0a5a, 0x0cce,
  0x0c4c, 0x0c59, 0x0b9a, 0x0aa0, 0x0648, 0xfad1, 0xfb26, 0x0113, 0x0109, 0x07c7, 0x0d89, 0x11b7, 0x0ca7, 0x0998, 0x063a, 0xfceb,
  0xfb0f, 0xf649, 0xf71d, 0xf7e4, 0xf597, 0xf45c, 0xf3f8, 0xf578, 0xf3d0, 0xf5bf, 0xf728, 0xf58f, 0xf8d3, 0xf99c, 0xf8dd, 0xfbc4,
  0xfe02, 0x00a9, 0x024e, 0x046c, 0x035a, 0x02d5, 0x06d2, 0x075d, 0x0a86, 0x0cc5, 0x0c81, 0x0c81, 0x0b85, 0x0a87, 0x05a6, 0xfa1e,
  0xfb8b, 0x00b8, 0x0110, 0x0823, 0x0d97, 0x1177, 0x0be4, 0x0970, 0x0550, 0xfcad, 0xfae1, 0xf62c, 0xf79e, 0xf7cb, 0xf5cb, 0xf4a3,
  0xf45e, 0xf559, 0xf391, 0xf612, 0xf732, 0xf5b0, 0xf8eb, 0xf918, 0xf8e1, 0xfbfe, 0xfe44, 0x00d2, 0x0261, 0x04b7, 0x034a, 0x0316,
  0x06b1, 0x0736, 0x0ad7, 0x0cc0, 0x0c79, 0x0c86, 0x0bc1, 0x0abf, 0x04eb, 0xf9b8, 0xfc58, 0x0143, 0x0246, 0x0994, 0x0e6f, 0x11be,
  0x0bd2, 0x090c, 0x03e9, 0xfc0a, 0xfa53, 0xf5b6, 0xf7ca, 0xf7ba, 0xf5aa, 0xf481, 0xf4bc, 0xf5ce, 0xf48a, 0xf716, 0xf75c, 0xf5da,
  0xf91a, 0xf8c6, 0xf8c4, 0xfc0d, 0xfe7e, 0x0150, 0x02d5, 0x04ae, 0x030b, 0x03a8, 0x074c, 0x07d4, 0x0b8f, 0x0d38, 0x0cd1, 0x0c98,
  0x0b38, 0x09cb, 0x0398, 0xf8ea, 0xfcc3, 0x00e5, 0x01ec, 0x08ff, 0x0dc3, 0x10e6, 0x0a98, 0x08e2, 0x036c, 0xfbcf, 0xfa0e, 0xf5a0,
  0xf7d4, 0xf721, 0xf5a6, 0xf51f, 0xf5b7, 0xf6ee, 0xf576, 0xf7ed, 0xf7d6, 0xf6a0, 0xf9c1, 0xf8e6, 0xf97c, 0xfcdc, 0xff2c, 0x019b,
  0x02ac, 0x046d, 0x02c9, 0x0385, 0x06b9, 0x076c, 0x0b32, 0x0c60, 0x0be7, 0x0ba2, 0x0a60, 0x0928, 0x0298, 0xf891, 0xfcbb, 0x0039,
  0x01f0, 0x08af, 0x0de5, 0x10d3, 0x0aa4, 0x096d, 0x0358, 0xfc70, 0xfa05, 0xf61f, 0xf8bf, 0xf7d3, 0xf6ef, 0xf61b, 0xf674, 0xf725,
  0xf5a3, 0xf804, 0xf727, 0xf627, 0xf948, 0xf85f, 0xf94e, 0xfc5f, 0xfee9, 0x018f, 0x02dc, 0x045a, 0x0251, 0x03b4, 0x06fa, 0x07d6,
  0x0b57, 0x0c64, 0x0c1e, 0x0bfa, 0x0ab2, 0x095f, 0x0225, 0xf8db, 0xfe19, 0x00b8, 0x0324, 0x0a3f, 0x0f2e, 0x10bf, 0x0a75, 0x0994,
  0x023b, 0xfbdd, 0xf97e, 0xf617, 0xf8da, 0xf77e, 0xf659, 0xf551, 0xf5ec, 0xf602, 0xf469, 0xf70e, 0xf621, 0xf5e3, 0xf94d, 0xf833,
  0xf9a0, 0xfcf8, 0xffc0, 0x01fe, 0x0323, 0x04a3, 0x02ac, 0x04ae, 0x0758, 0x0839, 0x0be8, 0x0c5d, 0x0bdc, 0x0ba0, 0x0a3b, 0x08e7,
  0x008b, 0xf85f, 0xfef8, 0x0080, 0x035a, 0x0a34, 0x0f67, 0x0ffc, 0x0979, 0x08e5, 0x00b5, 0xfb90, 0xf938, 0xf61b, 0xf8ba, 0xf744,
  0xf659, 0xf506, 0xf5d6, 0xf58a, 0xf480, 0xf7ae, 0xf662, 0xf6a6, 0xfa00, 0xf8cd, 0xfa9c, 0xfd7e, 0xffad, 0x01b9, 0x035c, 0x049d,
  0x0232, 0x04a6, 0x0709, 0x0819, 0x0be1, 0x0c07, 0x0bb3, 0x0b84, 0x0a48, 0x0864, 0xfede, 0xf85f, 0xff0c, 0xffda, 0x0438, 0x0b1c,
  0x1073, 0x0fe7, 0x09cf, 0x0967, 0x00a6, 0xfc5d, 0xf8ff, 0xf69a, 0xf93d, 0xf735, 0xf5e1, 0xf443, 0xf5ab, 0xf556, 0xf4d8, 0xf7b8,
  0xf5f1, 0xf719, 0xfa1b, 0xf889, 0xfaaa, 0xfd66, 0xffd0, 0x0187, 0x02ee, 0x03d4, 0x0182, 0x047e, 0x0674, 0x082c, 0x0c53, 0x0c8b,
  0x0c95, 0x0bea, 0x0ad6, 0x0895, 0xfde6, 0xf8fb, 0xffea, 0x0075, 0x056e, 0x0bdd, 0x1127, 0x0f72, 0x09fd, 0x0918, 0xff79, 0xfbfd,
  0xf84d, 0xf69b, 0xf88a, 0xf649, 0xf5b0, 0xf431, 0xf586, 0xf489, 0xf465, 0xf734, 0xf54c, 0xf6d9, 0xf92d, 0xf811, 0xfb0e, 0xfd94,
  0xfffc, 0x017e, 0x0314, 0x03f7, 0x01e2, 0x054b, 0x06dd, 0x08f5, 0x0ceb, 0x0c90, 0x0c74, 0x0b65, 0x0a40, 0x07ad, 0xfcce, 0xf959,
  0x0039, 0x0084, 0x0668, 0x0cba, 0x11b6, 0x0f2d, 0x09c5, 0x080d, 0xfe60, 0xfb60, 0xf71d, 0xf615, 0xf841, 0xf667, 0xf5e3, 0xf48d,
  0xf620, 0xf559, 0xf5d7, 0xf821, 0xf599, 0xf7aa, 0xf9ab, 0xf834, 0xfb14, 0xfd58, 0xfff8, 0x01a7, 0x034a, 0x03cd, 0x020b, 0x05f2,
  0x0747, 0x096f, 0x0d25, 0x0ca1, 0x0c56, 0x0b1c, 0x09f0, 0x06ee, 0xfb96, 0xf959, 0x0036, 0x00f9, 0x0797, 0x0d52, 0x1230, 0x0eb1,
  0x0a05, 0x07d6, 0xfe0c, 0xfb8b, 0xf6f4, 0xf6db, 0xf86a, 0xf62c, 0xf5b2, 0xf49d, 0xf674, 0xf546, 0xf5de, 0xf7f3, 0xf585, 0xf7ea,
  0xf92f, 0xf824, 0xfb46, 0xfd7e, 0x005c, 0x01a8, 0x034b, 0x0369, 0x01f5, 0x05ec, 0x0707, 0x09c2, 0x0cf2, 0x0c55, 0x0c4b, 0x0b18,
  0x0a07, 0x069f, 0xfb53, 0xfa8e, 0x014b, 0x0193, 0x0799, 0x0d3c, 0x1213, 0x0d79, 0x092b, 0x0698, 0xfd66, 0xfb3c, 0xf6a7, 0xf713,
  0xf850, 0xf6a3, 0xf605, 0xf4e8, 0xf64d, 0xf4b8, 0xf5ee, 0xf75e, 0xf4e8, 0xf7d1, 0xf906, 0xf880, 0xfbd4, 0xfdec, 0x00c1, 0x022d,
  0x0415, 0x039f, 0x026b, 0x067d, 0x0707, 0x09c7, 0x0c86, 0x0bd0, 0x0bdd, 0x0abd, 0x09d9, 0x0634, 0xfb12, 0xfb58, 0x0125, 0x0184,
  0x082d, 0x0d77, 0x11bb, 0x0c91, 0x0973, 0x064b, 0xfd1a, 0xfb2a, 0xf6ca, 0xf81b, 0xf8fd, 0xf6fc, 0xf5f7, 0xf52e, 0xf6aa, 0xf4cc,
  0xf62b, 0xf764, 0xf543, 0xf89d, 0xf928, 0xf8a5, 0xfbd5, 0xfdf0, 0x00ca, 0x01f5, 0x03e2, 0x02f8, 0x0223, 0x064c, 0x06f2, 0x0a60,
  0x0ce5, 0x0c10, 0x0c38, 0x0b3e, 0x0a80, 0x0631, 0xfac6, 0xfba6, 0x0166, 0x020a, 0x0822, 0x0d29, 0x11a2, 0x0c80, 0x09b7, 0x05a0,
  0xfce4, 0xfb0f, 0xf695, 0xf7e6, 0xf7c5, 0xf606, 0xf534, 0xf487, 0xf58d, 0xf3d3, 0xf5ce, 0xf6c2, 0xf523, 0xf8bf, 0xf924, 0xf90f,
  0xfc3c, 0xfe32, 0x00bb, 0x01d4, 0x039f, 0x0280, 0x028a, 0x06d0, 0x079c, 0x0b5d, 0x0d86, 0x0cbf, 0x0cd7, 0x0bae, 0x0a72, 0x05a6,
  0xfa7c, 0xfb80, 0x0071, 0x011b, 0x07c9, 0x0d16, 0x1120, 0x0bcb, 0x091d, 0x04a1, 0xfc65, 0xfa5c, 0xf615, 0xf7f5, 0xf7ff, 0xf645,
  0xf523, 0xf4bd, 0xf5bb, 0xf435, 0xf695, 0xf74c, 0xf60a, 0xf9c8, 0xf9c6, 0xf9ac, 0xfcb5, 0xfe9d, 0x00f6, 0x0224, 0x03ec, 0x02b8,
  0x0314, 0x06c1, 0x0745, 0x0b37, 0x0d29, 0x0c62, 0x0c18, 0x0ac0, 0x09a2, 0x0476, 0xf933, 0xfb53, 0x0105, 0x0227, 0x082a, 0x0d0a,
  0x1125, 0x0b1c, 0x08b1, 0x0435, 0xfc82, 0xfa87, 0xf693, 0xf8b3, 0xf7e4, 0xf669, 0xf597, 0xf583, 0xf6cd, 0xf555, 0xf787, 0xf7a4,
  0xf65f, 0xf99a, 0xf8e7, 0xf90b, 0xfbe7, 0xfdf1, 0x0096, 0x01f7, 0x03a3, 0x024d, 0x0357, 0x070b, 0x07b6, 0x0bba, 0x0d0d, 0x0c48,
  0x0c29, 0x0a5e, 0x08c8, 0x0383, 0xf969, 0xfc7d, 0x00c3, 0x020a, 0x0844, 0x0d41, 0x1127, 0x0b10, 0x0989, 0x0426, 0xfc67, 0xf9b3,
  0xf545, 0xf7b4, 0xf6b3, 0xf5c3, 0xf544, 0xf579, 0xf6ae, 0xf52f, 0xf778, 0xf70d, 0xf62f, 0xf986, 0xf8b0, 0xf967, 0xfc59, 0xfea4,
  0x0120, 0x023c, 0x0411, 0x02fa, 0x049b, 0x07e9, 0x084f, 0x0c32, 0x0d24, 0x0c78, 0x0c10, 0x0a2d, 0x08ec, 0x0300, 0xf948, 0xfcb8,
  0xffab, 0x0175, 0x0863, 0x0d89, 0x1002, 0x0a3b, 0x09a2, 0x02ba, 0xfb6c, 0xf918, 0xf588, 0xf885, 0xf78e, 0xf6d7, 0xf5ef, 0xf64d,
  0xf69b, 0xf4d0, 0xf794, 0xf6e5, 0xf68c, 0xf9fd, 0xf95a, 0xfa96, 0xfd77, 0xffa6, 0x0206, 0x038e, 0x053a, 0x0350, 0x04c1, 0x073b,
  0x0799, 0x0b5e, 0x0bb2, 0x0b27, 0x0b0e, 0x09ba, 0x086f, 0x012e, 0xf8d5, 0xfe5a, 0x0082, 0x02e2, 0x09a2, 0x0ede, 0x0ff8, 0x0996,
  0x0949, 0x016a, 0xfbab, 0xf994, 0xf693, 0xf98b, 0xf822, 0xf742, 0xf5a2, 0xf60b, 0xf5cf, 0xf43d, 0xf6fe, 0xf5a2, 0xf607, 0xf993,
  0xf891, 0xfa20, 0xfd14, 0xff9b, 0x01d7, 0x036f, 0x04ca, 0x0288, 0x04f6, 0x0744, 0x079e, 0x0b7d, 0x0ba2, 0x0b95, 0x0b55, 0x0a25,
  0x08f4, 0x0042, 0xf9ff, 0x0010, 0x00bd, 0x049b, 0x0b45, 0x106e, 0x0fb3, 0x097b, 0x0920, 0x0024, 0xfbaa, 0xf88e, 0xf60b, 0xf903,
  0xf6f8, 0xf5f6, 0xf444, 0xf533, 0xf44a, 0xf378, 0xf69f, 0xf51b, 0xf698, 0xf9ca, 0xf8cb, 0xfb2e, 0xfde4, 0x002d, 0x01ee, 0x03a7,
  0x0513, 0x02c3, 0x05a0, 0x0760, 0x087f, 0x0ca1, 0x0c78, 0x0cb0, 0x0c17, 0x0b16, 0x0945, 0xfe61, 0xf951, 0x0030, 0x0082, 0x056c,
  0x0c01, 0x1116, 0x0ecd, 0x0937, 0x0850, 0xfeaf, 0xfbb0, 0xf821, 0xf664, 0xf8fd, 0xf6df, 0xf5c0, 0xf3d7, 0xf512, 0xf3ec, 0xf433,
  0xf764, 0xf540, 0xf785, 0xfa6f, 0xf963, 0xfc08, 0xfe4d, 0x0097, 0x024d, 0x03d3, 0x0442, 0x01d3, 0x0532, 0x0690, 0x085c, 0x0c77,
  0x0c32, 0x0cb0, 0x0bd4, 0x0ade, 0x0834, 0xfcc7, 0xf9d0, 0x0061, 0x005b, 0x0628, 0x0c7c, 0x115c, 0x0de8, 0x0998, 0x08a3, 0xfe95,
  0xfc1b, 0xf7f0, 0xf6b7, 0xf86e, 0xf620, 0xf54d, 0xf3c5, 0xf582, 0xf411, 0xf46c, 0xf6f8, 0xf4b8, 0xf73a, 0xf92f, 0xf85f, 0xfb76,
  0xfd84, 0x000c, 0x0161, 0x0319, 0xffe4, 0xf6ca, 0x0103, 0x0668, 0x086b, 0x1417, 0x1abd, 0x1d42, 0x1556, 0x12db, 0x0ca9, 0x035d,
  0x018b, 0xfce5, 0xfec1, 0x0309, 0x0182, 0xfe84, 0xfca3, 0xfd0e, 0xf924, 0xf753, 0xf767, 0xf330, 0xf6ec, 0xf60a, 0xf358, 0xf5cf,
  0xf753, 0xf9c6, 0xfb12, 0xff2a, 0xfeca, 0xf5f0, 0xf8d6, 0xff61, 0xff38, 0x05a4, 0x0e22, 0x15d2, 0x128d, 0x0f37, 0x0bf7, 0x0334,
  0x03bf, 0x032d, 0x05d1, 0x09ee, 0x0a0b, 0x07a0, 0x0403, 0x0258, 0xfc83, 0xf84b, 0xf5b6, 0xf306, 0xf53a, 0xf6f0, 0xf6bb, 0xf7e1,
  0xf9fe, 0xfb71, 0xfcc2, 0xfe59, 0xfe64, 0xf9be, 0xf428, 0xf986, 0xfd67, 0xfee0, 0x07f9, 0x1150, 0x14cc, 0x109f, 0x0e38, 0x0743,
  0x021d, 0x0167, 0xffa0, 0x00cb, 0x0308, 0x041e, 0x0184, 0x00ab, 0xfd21, 0xf86b, 0xfa49, 0xfa88, 0xfd07, 0xff6f, 0xff3d, 0xfed5,
  0x005f, 0x002a, 0xfd79, 0xfeb6, 0xfda2, 0xfc6f, 0xf6a0, 0xf1a0, 0xf9e7, 0xfd2e, 0x00b4, 0x0bf0, 0x1410, 0x13ea, 0x0d82, 0x0a21,
  0x0389, 0xfed1, 0xfeb6, 0xfc37, 0xfe25, 0x010f, 0xfeb0, 0xfcd3, 0xfc6e, 0xf9a9, 0xf7f6, 0xf9bd, 0xfad2, 0xfb56, 0xfd72, 0xfe17,
  0xfda6, 0x00b5, 0xfdfa, 0xfd6d, 0x017d, 0x01ba, 0x0274, 0xf9b3, 0xf8b6, 0x0196, 0x0376, 0x0928, 0x1103, 0x16bb, 0x11df, 0x0c7d,
  0x0a66, 0x0230, 0xff87, 0xfe0f, 0xfc30, 0xff1f, 0xfff5, 0xfdf8, 0xfc16, 0xfb16, 0xf8e0, 0xf7a0, 0xf835, 0xf73f, 0xf7f5, 0xf938,
  0xf84a, 0xfa21, 0xfb97, 0xf9ae, 0xfd70, 0x00a3, 0x0209, 0xff33, 0xf6b9, 0xfc3c, 0x02fe, 0x0457, 0x0a1e, 0x1316, 0x18c2, 0x12b3,
  0x118c, 0x0da5, 0x05cb, 0x040a, 0x02c7, 0x01d1, 0x0264, 0x0131, 0xfce7, 0xfb9e, 0xfb1b, 0xf7ec, 0xf6db, 0xf6e7, 0xf717, 0xf84b,
  0xf984, 0xf9cc, 0xfb39, 0xfada, 0xfbcd, 0xfee1, 0xfe8b, 0xfe92, 0xf848, 0xf06f, 0xf847, 0xfcee, 0xfe9c, 0x0842, 0x12c6, 0x1684,
  0x1137, 0x10be, 0x0b24, 0x0471, 0x0412, 0x01fb, 0x0171, 0x0303, 0x0193, 0xff9b, 0x00c8, 0xfeb4, 0xfb44, 0xfbaf, 0xfc91, 0xfc15,
  0xfbfc, 0xfb9e, 0xf94a, 0xfb56, 0xfb31, 0xfc18, 0xfea1, 0xfed8, 0xff5e, 0xf57d, 0xf37d, 0xfd3e, 0xfd64, 0x030f, 0x0e43, 0x15ad,
  0x129b, 0x0da3, 0x0c84, 0x0219, 0xfded, 0xfdfe, 0xfbd6, 0xfde5, 0xffd1, 0xffa8, 0xffaf, 0xffa8, 0xfd9b, 0xfbbf, 0xfc77, 0xfc94,
  0xfab7, 0xfb84, 0xfb11, 0xfb82, 0xff8d, 0xfeaf, 0x0138, 0x038f, 0x04d4, 0x0111, 0xf54f, 0xf87a, 0xfe55, 0xfe74, 0x06f2, 0x0fde,
  0x1498, 0x0e36, 0x0c05, 0x08b3, 0x0033, 0x00ac, 0xfeb1, 0xff0d, 0x0285, 0x01e9, 0xfede, 0xfcd8, 0xfc6a, 0xf8a3, 0xf6d3, 0xf792,
  0xf6a7, 0xf6b2, 0xf881, 0xf873, 0xfb4e, 0xfd2c, 0xfda2, 0x0148, 0x0358, 0x046b, 0xfd4a, 0xf529, 0xfb61, 0xff7c, 0x02e5, 0x0c2f,
  0x14d7, 0x186a, 0x1357, 0x11ea, 0x0a3f, 0x031c, 0x015e, 0xff72, 0x00cf, 0x023c, 0x0102, 0xfda0, 0xfd0a, 0xfab0, 0xf700, 0xf6d8,
  0xf6d1, 0xf703, 0xf8f4, 0xfa3b, 0xf8f2, 0xfb1d, 0xfad3, 0xf9fb, 0xfc6e, 0xfd5c, 0xfca2, 0xf578, 0xf2b8, 0xfbb3, 0xfe26, 0x038f,
  0x0da5, 0x1603, 0x1759, 0x12d1, 0x1102, 0x08da, 0x04c7, 0x03ff, 0x0341, 0x042b, 0x0475, 0x0318, 0x00ee, 0x0015, 0xfcfe, 0xf92a,
  0xf85a, 0xf91f, 0xf94a, 0xfb10, 0xf9f8, 0xf93b, 0xfadd, 0xf8ae, 0xfadc, 0xfcce, 0xfd67, 0xfca4, 0xf4fe, 0xf641, 0xfd43, 0xfd37,
  0x038d, 0x0b5a, 0x1225, 0x0f02, 0x0b43, 0x09ad, 0x02c2, 0x01f8, 0x010a, 0x01be, 0x0420, 0x054d, 0x0471, 0x0317, 0x01a0, 0xfe16,
  0xfbc9, 0xfc41, 0xfd5c, 0xfd0d, 0xfda3, 0xfc7e, 0xfd86, 0xfd9f, 0xfbed, 0xfd4a, 0xfd57, 0xff78, 0xfc92, 0xf358, 0xf7ac, 0xfcd1,
  0xfcdd, 0x047c, 0x0d73, 0x11b6, 0x0c4a, 0x0d5d, 0x09da, 0x0254, 0x0141, 0xfecf, 0xff22, 0xffb1, 0xff6e, 0xfd26, 0xfbe3, 0xfb49,
  0xf87b, 0xf8eb, 0xfa93, 0xfb6a, 0xfcf5, 0xfe54, 0xfdfc, 0xff8d, 0xfe22, 0xfdd8, 0x0012, 0x0196, 0x034b, 0xfbd1, 0xf527, 0xfd62,
  0x0051, 0x02da, 0x0c07, 0x1380, 0x1351, 0x0eae, 0x0f4f, 0x0772, 0x014b, 0x007f, 0xfe71, 0xfe7d, 0x0027, 0xff40, 0xfc4f, 0xfd91,
  0xfcdc, 0xf9d8, 0xf96b, 0xf8d1, 0xf83b, 0xf863, 0xf826, 0xf738, 0xf895, 0xf85b, 0xfa3c, 0xfd3f, 0xff1e, 0xffd9, 0xf7dc, 0xf75f,
  0x00fd, 0x0172, 0x0699, 0x0fd8, 0x1645, 0x13c7, 0x11a7, 0x1072, 0x073a, 0x054c, 0x0496, 0x034e, 0x0486, 0x0463, 0x0124, 0xffdd,
  0x00de, 0xfcd7, 0xf944, 0xf90e, 0xf825, 0xf72d, 0xf84e, 0xf6ff, 0xf6e8, 0xfa3c, 0xfa28, 0xfbc1, 0xfcad, 0xfd7e, 0xfaae, 0xf033,
  0xf428, 0xfb26, 0xfbd5, 0x04dc, 0x0e9e, 0x1428, 0x106e, 0x1038, 0x0c9a, 0x0592, 0x060d, 0x04ba, 0x03fb, 0x0648, 0x05f0, 0x0386,
  0x0349, 0x023e, 0xfdc5, 0xfc27, 0xfc6b, 0xfa92, 0xfa76, 0xfa74, 0xf7b2, 0xfa18, 0xfb3f, 0xf9ec, 0xfc22, 0xfd2b, 0xfdf6, 0xf79d,
  0xf0ef, 0xf84b, 0xfb7f, 0xffba, 0x0970, 0x11a5, 0x12fe, 0x0d5b, 0x0d91, 0x0681, 0x011d, 0x00fe, 0xffd2, 0x01b1, 0x0430, 0x0359,
  0x00d8, 0x00c1, 0xfee2, 0xfb95, 0xfbdd, 0xfb2e, 0xfa31, 0xfba4, 0xfb47, 0xfaf3, 0xfdea, 0xfd7a, 0xfe2b, 0x00ce, 0x017e, 0x007a,
  0xf6d0, 0xf2d1, 0xfae2, 0xfcf4, 0x032b, 0x0bb4, 0x12b1, 0x10e7, 0x0c8e, 0x0c66, 0x048f, 0x0188, 0x0149, 0x0238, 0x04c9, 0x04d5,
  0x01e1, 0xfecb, 0xfe0c, 0xfa80, 0xf759, 0xf71a, 0xf6e6, 0xf79a, 0xf96d, 0xf903, 0xf9b7, 0xfc13, 0xfbb5, 0xfe79, 0x0148, 0x01fc,
  0xff7b, 0xf634, 0xf83a, 0xfffd, 0x0177, 0x08c7, 0x1131, 0x16e2, 0x1254, 0x0ff6, 0x0c8a, 0x02fb, 0x0224, 0x02b1, 0x0349, 0x04cd,
  0x040c, 0x010c, 0xfdf4, 0xfcb7, 0xf87b, 0xf5d1, 0xf693, 0xf6eb, 0xf83a, 0xf971, 0xf79c, 0xf848, 0xf9b7, 0xf958, 0xfbe8, 0xfcdf,
  0xfdc6, 0xf901, 0xf184, 0xf88a, 0xfcf2, 0xff99, 0x0960, 0x130a, 0x171f, 0x11bd, 0x1216, 0x0cdd, 0x06cb, 0x081d, 0x06fc, 0x0769,
  0x083d, 0x0685, 0x022c, 0xff8c, 0xfd4e, 0xf7a4, 0xf69a, 0xf779, 0xf73d, 0xf8a5, 0xf861, 0xf6b1, 0xf868, 0xf882, 0xf8ed, 0xfb45,
  0xfcbe, 0xfdfc, 0xf6a0, 0xf2de, 0xfa66, 0xfb9a, 0x0044, 0x0972, 0x11d0, 0x1115, 0x0d79, 0x0f3f, 0x07f6, 0x04bf, 0x059d, 0x0533,
  0x072e, 0x08aa, 0x075a, 0x0382, 0x0269, 0xff32, 0xfa75, 0xfaf1, 0xfa54, 0xf902, 0xf9f9, 0xf9a2, 0xf93b, 0xfb51, 0xf9e8, 0xf9bd,
  0xfc16, 0xfdc1, 0xfc9f, 0xf2af, 0xf3b4, 0xfbc6, 0xfbed, 0x0312, 0x0b7a, 0x1248, 0x0fbb, 0x0ea9, 0x0dc7, 0x05ac, 0x0452, 0x02c9,
  0x0265, 0x03c5, 0x0376, 0x00ef, 0xfe63, 0xfe59, 0xfb18, 0xf899, 0xf963, 0xf933, 0xfa8e, 0xfcf7, 0xfca1, 0xfd27, 0xfdb2, 0xfc59,
  0xfe4b, 0xffc9, 0x00c4, 0xfc5e, 0xf3ae, 0xf9da, 0xfead, 0xff92, 0x06d3, 0x0e00, 0x12d9, 0x0e86, 0x0f56, 0x0ac7, 0x03c3, 0x03ec,
  0x01e8, 0x0255, 0x030d, 0x0245, 0xfff8, 0xff06, 0xfdde, 0xf8c4, 0xf67f, 0xf611, 0xf50f, 0xf647, 0xf72e, 0xf64d, 0xf8e9, 0xfa0a,
  0xfabf, 0xfdad, 0xff46, 0x0105, 0xfb69, 0xf683, 0xfeea, 0x00d9, 0x0360, 0x0b5e, 0x13a5, 0x15b1, 0x11ff, 0x12ff, 0x0bb0, 0x072d,
  0x0683, 0x0493, 0x040f, 0x0330, 0x01d0, 0xff41, 0xfea7, 0xfb61, 0xf6f3, 0xf6b8, 0xf63f, 0xf60d, 0xf77a, 0xf777, 0xf7a4, 0xfa88,
  0xf9ac, 0xfa1d, 0xfb46, 0xfbb2, 0xfb89, 0xf34d, 0xf29d, 0xfaa2, 0xfc0d, 0x02cc, 0x0ca1, 0x14e4, 0x141e, 0x1289, 0x12b3, 0x0aed,
  0x08fa, 0x0720, 0x04e1, 0x0578, 0x0623, 0x050f, 0x0302, 0x02a0, 0xfec8, 0xfb42, 0xfac6, 0xf89e, 0xf714, 0xf80b, 0xf73e, 0xf84d,
  0xfa5c, 0xf83d, 0xf9cf, 0xfb67, 0xfc94, 0xfa32, 0xf146, 0xf58b, 0xfc24, 0xfdc5, 0x0569, 0x0d8e, 0x1277, 0x0e20, 0x0e8b, 0x0bd8,
  0x0416, 0x03a2, 0x0252, 0x02ac, 0x047f, 0x04b1, 0x02f6, 0x01f7, 0x01f3, 0xfdee, 0xfbc6, 0xfb02, 0xf957, 0xfa11, 0xfb95, 0xfb31,
  0xfd8a, 0xfe48, 0xfd3e, 0xfefa, 0xff06, 0xff25, 0xf828, 0xf048, 0xf7b7, 0xfbba, 0xfebd, 0x06ef, 0x0fa7, 0x12b4, 0x0e68, 0x0f6f,
  0x084b, 0x0285, 0x02ad, 0x0120, 0x0187, 0x0290, 0x01b9, 0xff19, 0xff44, 0xfe20, 0xf9d6, 0xf8e5, 0xf895, 0xf7ff, 0xf9f0, 0xfae2,
  0xfb1c, 0xfdad, 0xfdab, 0xfe56, 0x005f, 0x002f, 0xffe1, 0xf804, 0xf55a, 0xfe52, 0xffa9, 0x0422, 0x0c9f, 0x1456, 0x138b, 0x0fc1,
  0x0e5e, 0x0579, 0x0292, 0x0237, 0x00dc, 0x01c8, 0x02bf, 0x0162, 0xffb9, 0xff51, 0xfbea, 0xf799, 0xf741, 0xf6dd, 0xf6ae, 0xf8eb,
  0xf8ca, 0xfa25, 0xfcec, 0xfc3a, 0xfd09, 0xfd7a, 0xfdec, 0xfca7, 0xf372, 0xf4c5, 0xfd89, 0xfeb6, 0x0610, 0x0f90, 0x169b, 0x12a8,
  0x1018, 0x0e84, 0x06d8, 0x065c, 0x055d, 0x0452, 0x0577, 0x0518, 0x02bc, 0x0083, 0xfebc, 0xfa0a, 0xf74a, 0xf80a, 0xf6ec, 0xf7f7,
  0xfa91, 0xfa16, 0xfc6e, 0xfd37, 0xfb1d, 0xfbd2, 0xfbec, 0xfca4, 0xf899, 0xf078, 0xf654, 0xfc9d, 0xfe34, 0x063f, 0x0eb2, 0x12b9,
  0x0e40, 0x0eb3, 0x0a69, 0x03b8, 0x0445, 0x02b1, 0x02c2, 0x048d, 0x0440, 0x01f6, 0x00fa, 0xffe6, 0xfc22, 0xfba1, 0xfc05, 0xfae2,
  0xfd0b, 0xfe4f, 0xfdb4, 0xff7e, 0xfd7f, 0xfb98, 0xfcc0, 0xfcfd, 0xfd40, 0xf618, 0xf1cf, 0xfab4, 0xfd3f, 0x0088, 0x088b, 0x1030,
  0x109c, 0x0c4f, 0x0d46, 0x05f2, 0x01a0, 0x0171, 0xff62, 0xffc9, 0xffd3, 0xfe60, 0xfcbc, 0xfd96, 0xfc79, 0xf976, 0xfa4e, 0xfa2a,
  0xfb14, 0xfe3b, 0xfea8, 0xfed4, 0x00c9, 0xff85, 0xffb3, 0x0190, 0x01e6, 0x0119, 0xf888, 0xf7ec, 0x00e5, 0x00f2, 0x050c, 0x0ce6,
  0x1337, 0x104d, 0x0d58, 0x0c32, 0x037e, 0x017d, 0x0095, 0xfdec, 0xfe14, 0xfe45, 0xfc6c, 0xfb77, 0xfc41, 0xf92d, 0xf690, 0xf7a5,
  0xf6fa, 0xf772, 0xf970, 0xf921, 0xfb4e, 0xfdc0, 0xfc7f, 0xfe3a, 0xffab, 0x00b9, 0xfed0, 0xf6dc, 0xfb82, 0x01f3, 0x0279, 0x09eb,
  0x125e, 0x17cd, 0x132c, 0x1247, 0x0ee4, 0x06ea, 0x05e5, 0x0278, 0xffb7, 0xffd0, 0xff09, 0xfce9, 0xfc56, 0xfc6e, 0xf8fe, 0xf7b1,
  0xf7e0, 0xf632, 0xf74c, 0xf8b2, 0xf7eb, 0xfa78, 0xfaff, 0xf9df, 0xfbb3, 0xfc85, 0xfd76, 0xf8ca, 0xf298, 0xf9dd, 0xfe28, 0x00dd,
  0x090d, 0x117d, 0x148a, 0x0fef, 0x1120, 0x0c6a, 0x073b, 0x06a6, 0x0444, 0x0451, 0x0556, 0x04c9, 0x02c1, 0x02bb, 0x019e, 0xfd6c,
  0xfc0f, 0xf9e5, 0xf774, 0xf843, 0xf82f, 0xf846, 0xfb5c, 0xfa94, 0xfad7, 0xfcd0, 0xfd3d, 0xfd0d, 0xf48f, 0xf0d3, 0xf9b8, 0xfc26,
  0x0090, 0x0891, 0x109c, 0x110e, 0x0d08, 0x0db8, 0x0615, 0x02d3, 0x02f1, 0x0145, 0x0221, 0x02cf, 0x01ce, 0x00b2, 0x01c2, 0x0059,
  0xfd4f, 0xfcf4, 0xfbdc, 0xfb99, 0xfda9, 0xfd67, 0xfe32, 0x0048, 0xfeb0, 0xff87, 0x0017, 0xff2a, 0xfc14, 0xf23a, 0xf301, 0xfb14,
  0xfc0b, 0x0266, 0x0b61, 0x12ec, 0x0f93, 0x0ccf, 0x0b5a, 0x0329, 0x01af, 0x0027, 0xfea9, 0xff70, 0x0027, 0xffa4, 0xfef6, 0xffba,
  0xfc72, 0xf9f6, 0xf9fe, 0xf884, 0xf915, 0xfb2f, 0xfad6, 0xfd6c, 0xffab, 0xff51, 0x0134, 0x0150, 0x01df, 0xfda4, 0xf584, 0xfafc,
  0xffbd, 0x00ff, 0x088b, 0x1080, 0x1498, 0x0eb5, 0x0d9b, 0x090b, 0x022f, 0x01ba, 0xffbd, 0xffcf, 0x0128, 0x014c, 0xffc0, 0xff45,
  0xfe66, 0xf9bb, 0xf7d1, 0xf720, 0xf605, 0xf743, 0xf83c, 0xf8bd, 0xfc67, 0xfd10, 0xfc99, 0xfe19, 0xfec3, 0xff7b, 0xf921, 0xf376,
  0xfb75, 0xff7d, 0x0356, 0x0cc8, 0x1515, 0x167b, 0x1127, 0x1174, 0x0af8, 0x05d9, 0x0536, 0x026a, 0x0293, 0x03b4, 0x02df, 0xfffa,
  0xff45, 0xfd94, 0xf963, 0xf8c4, 0xf77e, 0xf64a, 0xf851, 0xf895, 0xf921, 0xfbb3, 0xfa69, 0xfa85, 0xfc00, 0xfcc1, 0xfc5c, 0xf468,
  0xf2ae, 0xfb5c, 0xfd68, 0x0286, 0x0b24, 0x12dd, 0x11ef, 0x0f0f, 0x0f02, 0x07b9, 0x052f, 0x0465, 0x033b, 0x04c4, 0x05b1, 0x03f0,
  0x01fb, 0x02a4, 0xfff1, 0xfc12, 0xfafb, 0xf91f, 0xf8d1, 0xfa4d, 0xf9ef, 0xfae1, 0xfc58, 0xfb11, 0xfc38, 0xfd2b, 0xfd69, 0xfafb,
  0xf20d, 0xf4ae, 0xfc56, 0xfd20, 0x03d5, 0x0c4f, 0x12de, 0x0ef9, 0x0d5d, 0x0b8b, 0x0449, 0x0358, 0x01b7, 0x00c3, 0x01ad, 0x01c5,
  0x0061, 0xffb2, 0x0034, 0xfcb5, 0xfa7f, 0xfa88, 0xf97b, 0xfad6, 0xfc07, 0xfb21, 0xfd50, 0xfdfb, 0xfd2c, 0xfee4, 0xff46, 0xfff6,
  0xfb46, 0xf3bc, 0xfaaf, 0xffdb, 0x00e2, 0x08d5, 0x1156, 0x151d, 0x0f4f, 0x0f07, 0x0a61, 0x03e5, 0x0374, 0x0093, 0xffb9, 0x0046,
  0xffa1, 0xfdb9, 0xfd32, 0xfc85, 0xf8ce, 0xf822, 0xf735, 0xf5f3, 0xf775, 0xf819, 0xf876, 0xfb58, 0xfb92, 0xfc0e, 0xfe22, 0xff0f,
  0xffe5, 0xf9e2, 0xf55d, 0xfd68, 0x0066, 0x0448, 0x0d71, 0x15c1, 0x168c, 0x11f7, 0x125a, 0x0be4, 0x0735, 0x05a6, 0x029a, 0x0226,
  0x022c, 0x009e, 0xfe08, 0xfe26, 0xfc74, 0xf8f1, 0xf814, 0xf610, 0xf539, 0xf646, 0xf61b, 0xf697, 0xf919, 0xf861, 0xf97f, 0xfba3,
  0xfcb6, 0xfc71, 0xf471, 0xf3a5, 0xfcd4, 0xfeb0, 0x0486, 0x0dd1, 0x1584, 0x142e, 0x11d9, 0x117f, 0x099b, 0x06e3, 0x0588, 0x0392,
  0x0453, 0x04c3, 0x032a, 0x01b5, 0x0248, 0xff42, 0xfbcd, 0xfa43, 0xf779, 0xf6e4, 0xf7c5, 0xf735, 0xf8a5, 0xfa8e, 0xfa08, 0xfbd9,
  0xfd1d, 0xfd94, 0xfa67, 0xf13b, 0xf502, 0xfc32, 0xfcee, 0x047e, 0x0db0, 0x1414, 0x104f, 0x0f9d, 0x0c76, 0x04fa, 0x0458, 0x01e2,
  0x00a0, 0x01e4, 0x01ea, 0x0043, 0x0086, 0x015e, 0xfd83, 0xfbaf, 0xfaf3, 0xf9bf, 0xfb3c, 0xfc29, 0xfba8, 0xfdd8, 0xfebb, 0xfe20,
  0xff9f, 0xff41, 0xfefe, 0xf9de, 0xf266, 0xf920, 0xfdb1, 0xffa1, 0x0840, 0x1151, 0x1472, 0x0f4a, 0x0f18, 0x0924, 0x029f, 0x0186,
  0xfeaf, 0xfdfa, 0xff3e, 0xff08, 0xfd7f, 0xfe3f, 0xfd34, 0xf967, 0xf8d4, 0xf7aa, 0xf739, 0xf8b8, 0xf953, 0xfa44, 0xfdd6, 0xfe6e,
  0xfeed, 0x00e4, 0x017e, 0x01ee, 0xfaaf, 0xf61c, 0xfe94, 0x00e1, 0x0497, 0x0d88, 0x159d, 0x14ec, 0x1047, 0x100f, 0x0806, 0x03c5,
  0x02b6, 0x0006, 0x0058, 0x0138, 0xffb8, 0xfd99, 0xfd87, 0xfa95, 0xf6e6, 0xf66c, 0xf4d5, 0xf48f, 0xf6b9, 0xf742, 0xf88a, 0xfb8d,
  0xfab6, 0xfbeb, 0xfdda, 0xfe47, 0xfd76, 0xf515, 0xf5a6, 0xfe52, 0x0024, 0x0736, 0x1086, 0x1820, 0x1563, 0x132e, 0x120c, 0x09d2,
  0x0754, 0x052f, 0x0336, 0x03f1, 0x03a1, 0x00e2, 0xff22, 0xff30, 0xfb7c, 0xf915, 0xf80c, 0xf65e, 0xf78b, 0xf92b, 0xf86b, 0xfa04,
  0xfb57, 0xf9df, 0xfbad, 0xfc22, 0xfc8a, 0xf8e7, 0xf089, 0xf576, 0xfb70, 0xfcfa, 0x052c, 0x0e72, 0x140d, 0x0fbc, 0x1039, 0x0cfc,
  0x0605, 0x0644, 0x0505, 0x04ce, 0x05e2, 0x052c, 0x02df, 0x024f, 0x01b5, 0xfd14, 0xfb47, 0xfa26, 0xf8f8, 0xfa72, 0xfaf2, 0xf9e7,
  0xfc4a, 0xfc69, 0xfb82, 0xfd57, 0xfd4d, 0xfd98, 0xf751, 0xf127, 0xf8ab, 0xfbb0, 0xfe6f, 0x0758, 0x1076, 0x124b, 0x0da2, 0x0e7a,
  0x07eb, 0x02df, 0x029d, 0x0014, 0xfffd, 0x0129, 0x0074, 0xfe7a, 0xff70, 0xfe19, 0xfaa5, 0xfb33, 0xfa8b, 0xfaa5, 0xfc9b, 0xfcbc,
  0xfccb, 0xff79, 0xfeb5, 0xff08, 0x005d, 0x0038, 0xffc8, 0xf72c, 0xf4a3, 0xfc64, 0xfd30, 0x0223, 0x0b75, 0x1397, 0x11b3, 0x0edd,
  0x0f02, 0x06ef, 0x03c7, 0x0201, 0xff26, 0xff5a, 0xffdd, 0xfe0b, 0xfc35, 0xfd0e, 0xfa09, 0xf742, 0xf74c, 0xf5e6, 0xf6f6, 0xf91b,
  0xf950, 0xfaef, 0xfdbc, 0xfd18, 0xfe91, 0x0013, 0x0159, 0xffbb, 0xf6c4, 0xf8ba, 0xffeb, 0x00b6, 0x07db, 0x10dd, 0x1702, 0x12ec,
  0x11e9, 0x1002, 0x0749, 0x04f4, 0x026a, 0x008b, 0x013b, 0x0119, 0xff26, 0xfe6b, 0xfed8, 0xfacb, 0xf898, 0xf77a, 0xf57c, 0xf663,
  0xf785, 0xf700, 0xf8ef, 0xf9d2, 0xf913, 0xfb10, 0xfc01, 0xfd22, 0xf96b, 0xf252, 0xf856, 0xfdbd, 0xffaf, 0x0851, 0x1217, 0x16c9,
  0x12fc, 0x1403, 0x0f02, 0x07bd, 0x06f9, 0x0452, 0x038a, 0x049e, 0x0415, 0x01d0, 0x0188, 0x0077, 0xfb6e, 0xf97c, 0xf780, 0xf629,
  0xf7ab, 0xf884, 0xf818, 0xfa9f, 0xfac8, 0xfa96, 0xfc17, 0xfc04, 0xfbcd, 0xf50c, 0xf0c4, 0xf7d7, 0xf9d1, 0xfe27, 0x07d4, 0x112e,
  0x12bf, 0x0fc0, 0x1123, 0x0a1b, 0x05b1, 0x04a9, 0x0254, 0x02bc, 0x0391, 0x036f, 0x0232, 0x0317, 0x0101, 0xfcd2, 0xfc0f, 0xfa29,
  0xfa36, 0xfbc1, 0xfb54, 0xfbb5, 0xfe14, 0xfcd3, 0xfc9f, 0xfd2f, 0xfd18, 0xfc3f, 0xf3d9, 0xf363, 0xfbcf, 0xfccc, 0x02eb, 0x0bf7,
  0x1335, 0x103a, 0x0d01, 0x0c44, 0x040e, 0x01a8, 0x0023, 0xfe90, 0x0053, 0x0154, 0x009c, 0xff92, 0x0036, 0xfcfd, 0xfa20, 0xf96f,
  0xf7cc, 0xf8d2, 0xfad3, 0xfb5c, 0xfdcd, 0xffe5, 0xfef2, 0x0029, 0x00c9, 0x0177, 0xfe83, 0xf55b, 0xf89d, 0xfe82, 0xff33, 0x06fd,
  0x1000, 0x14dd, 0x106f, 0x1023, 0x0ca9, 0x04d5, 0x0353, 0x00e9, 0xffe0, 0x00d0, 0x0088, 0xfe19, 0xfcac, 0xfc3c, 0xf7f2, 0xf677,
  0xf58d, 0xf4ed, 0xf784, 0xf9c0, 0xfa34, 0xfc9e, 0xfd7a, 0xfcc0, 0xfe41, 0xfe2e, 0xfedf, 0xf988, 0xf383, 0xfbdc, 0xff65, 0x02ab,
  0x0bf6, 0x1495, 0x167a, 0x11d1, 0x1365, 0x0c76, 0x06b5, 0x05be, 0x0290, 0x02b2, 0x02cd, 0x017a, 0xff21, 0xff05, 0xfd6d, 0xf8a5,
  0xf7bf, 0xf5df, 0xf5d2, 0xf7ed, 0xf828, 0xf890, 0xfa94, 0xf9fd, 0xfa47, 0xfbb2, 0xfc9a, 0xfdbd, 0xfd95, 0xfd72, 0xfd8e, 0xfebc,
  0xffe8, 0x0093, 0x0326, 0x0497, 0x0819, 0x0aa5, 0x0a56, 0x069b, 0xfd8f, 0x041a, 0x073e, 0x0508, 0x0c82, 0x133a, 0x1718, 0x0efb,
  0x0b08, 0x04bf, 0xfc9e, 0xfcda, 0xf8ec, 0xf987, 0xfc09, 0xfc09, 0xf858, 0xf675, 0xf594, 0xf293, 0xf356, 0xf1e4, 0xf051, 0xf395,
  0xf4bb, 0xf635, 0xf9b7, 0xfd3d, 0xff50, 0x0338, 0x06e2, 0x068c, 0x0722, 0x0798, 0x05a3, 0x05a2, 0x05ed, 0x0665, 0x07fd, 0x08b9,
  0x0931, 0x03e5, 0xfc41, 0x03f3, 0x0824, 0x0972, 0x0fb5, 0x1531, 0x15db, 0x0ca0, 0x098e, 0x01ae, 0xfb96, 0xfa00, 0xf472, 0xf4e4,
  0xf4c1, 0xf53d, 0xf362, 0xf3fe, 0xf587, 0xf3ec, 0xf8fb, 0xf9e4, 0xf8fd, 0xfa8b, 0xf91b, 0xf91f, 0xfa5e, 0xfc01, 0xfdc9, 0xff93,
  0x0393, 0x03e9, 0x03fb, 0x0436, 0x03ae, 0x0653, 0x072e, 0x0753, 0x07ca, 0x0648, 0x0745, 0x00b2, 0xf9d1, 0x0273, 0x0478, 0x06be,
  0x0c44, 0x1111, 0x12f1, 0x0aaf, 0x099c, 0x02d4, 0xffc9, 0x0159, 0xfe00, 0xfec7, 0xfb19, 0xf9e0, 0xf749, 0xf57e, 0xf68d, 0xf577,
  0xf8ea, 0xf8c9, 0xf74e, 0xf78d, 0xf3fc, 0xf5cf, 0xf83c, 0xf9bc, 0xfc4c, 0xfd3d, 0x0028, 0x0111, 0x01db, 0x03d9, 0x04bf, 0x07a4,
  0x07d1, 0x06dd, 0x0628, 0x0524, 0x068f, 0x0011, 0xfa0c, 0x0563, 0x08a8, 0x0b83, 0x11aa, 0x1644, 0x1639, 0x0d7a, 0x0bc0, 0x0354,
  0xfdf6, 0xfcd3, 0xf9a0, 0xf9c2, 0xf666, 0xf5b3, 0xf5a0, 0xf64a, 0xf6eb, 0xf621, 0xf917, 0xf805, 0xf6ab, 0xf712, 0xf47f, 0xf69d,
  0xf8d4, 0xf994, 0xfaf1, 0xfc0b, 0xfefe, 0xff6a, 0x015b, 0x0468, 0x0835, 0x0ba1, 0x0b7d, 0x0b79, 0x0a69, 0x0879, 0x085e, 0xffe0,
  0xfad3, 0x0421, 0x05b7, 0x0895, 0x0e02, 0x129c, 0x1166, 0x0bac, 0x0a62, 0x00a2, 0xfcd9, 0xfb1c, 0xf852, 0xf80f, 0xf5fb, 0xf6c6,
  0xf68b, 0xf7d3, 0xf762, 0xf662, 0xf8ca, 0xf6e7, 0xf727, 0xf7e3, 0xf586, 0xf92d, 0xfbc8, 0xfdb8, 0xffab, 0x00a1, 0x01fd, 0x0102,
  0x0485, 0x0659, 0x07a5, 0x0af9, 0x09b1, 0x083c, 0x058b, 0x048c, 0x059e, 0xfd35, 0xfa83, 0x0304, 0x036f, 0x07ac, 0x0cd3, 0x120c,
  0x10c8, 0x0c1b, 0x0b20, 0x00bb, 0xfd0d, 0xf947, 0xf660, 0xf809, 0xf704, 0xf89a, 0xf96a, 0xfb8f, 0xfaec, 0xf9bb, 0xfb4f, 0xf8ce,
  0xf94e, 0xfa70, 0xf769, 0xf9a2, 0xfadc, 0xfb4b, 0xfc04, 0xfc15, 0xff3a, 0x0042, 0x0469, 0x06a3, 0x07e8, 0x09c7, 0x07f7, 0x0678,
  0x0502, 0x0544, 0x0599, 0xfba5, 0xf8f2, 0x0189, 0x013a, 0x0674, 0x0da1, 0x148c, 0x1347, 0x0f7c, 0x0e97, 0x0407, 0x0042, 0xfb6a,
  0xf8aa, 0xf9ae, 0xf90d, 0xf8cd, 0xf7c8, 0xf85d, 0xf654, 0xf502, 0xf708, 0xf724, 0xf9b7, 0xfbc4, 0xf973, 0xfafb, 0xfb58, 0xfb93,
  0xfb6d, 0xfca0, 0xff14, 0xff74, 0x0355, 0x047a, 0x0606, 0x077d, 0x066c, 0x068c, 0x05cf, 0x0722, 0x0788, 0xfd8b, 0xfca6, 0x0329,
  0x0258, 0x07f8, 0x0d7f, 0x1487, 0x11a0, 0x0e2d, 0x0bcd, 0x018e, 0xfebe, 0xfa48, 0xfa05, 0xfae1, 0xf9e9, 0xf9f8, 0xf8b2, 0xf96f,
  0xf6dc, 0xf5d6, 0xf814, 0xf6ac, 0xf887, 0xf8d7, 0xf69b, 0xf86b, 0xf941, 0xfb6a, 0xfbef, 0xfdc4, 0x004d, 0x0064, 0x0422, 0x0596,
  0x071f, 0x0961, 0x0915, 0x09b0, 0x0904, 0x08a0, 0x06a5, 0xfac5, 0xfa51, 0xfffd, 0x009d, 0x0828, 0x0f7c, 0x1714, 0x137e, 0x102f,
  0x0cb5, 0x01f7, 0xff1e, 0xfa43, 0xf94d, 0xf91b, 0xf747, 0xf701, 0xf5a5, 0xf69e, 0xf5a1, 0xf621, 0xf91d, 0xf8e0, 0xfab7, 0xfab8,
  0xf8cb, 0xf9be, 0xf9fe, 0xfb5e, 0xfc58, 0xfdfc, 0xff1c, 0xfed7, 0x01a3, 0x0298, 0x042a, 0x073c, 0x081f, 0x09f2, 0x0a43, 0x0a14,
  0x074e, 0xfb37, 0xfbb8, 0x010c, 0x0109, 0x082f, 0x0e71, 0x14f5, 0x111c, 0x0e68, 0x0b61, 0x0303, 0x012f, 0xfc69, 0xfc41, 0xfb75,
  0xf959, 0xf822, 0xf65a, 0xf6de, 0xf553, 0xf70f, 0xf83d, 0xf6b1, 0xf856, 0xf70d, 0xf500, 0xf6c1, 0xf8cf, 0xfb97, 0xfdf4, 0x003b,
  0x0081, 0x00c6, 0x0336, 0x0310, 0x052d, 0x075a, 0x076f, 0x0864, 0x07d6, 0x07f6, 0x0455, 0xf9ca, 0xfdd7, 0x034d, 0x04f5, 0x0cad,
  0x12bc, 0x1835, 0x11cd, 0x0f28, 0x09d5, 0x013d, 0x0052, 0xfa3e, 0xf988, 0xf75e, 0xf55f, 0xf47e, 0xf449, 0xf6b8, 0xf5fc, 0xf935,
  0xfa67, 0xf86a, 0xfa16, 0xf7d6, 0xf66e, 0xf844, 0xf9bd, 0xfbd1, 0xfc6b, 0xfe37, 0xfe47, 0xff0e, 0x03a5, 0x0547, 0x07df, 0x0a91,
  0x0a60, 0x0a81, 0x0882, 0x07f4, 0x03d2, 0xf89f, 0xfda0, 0x029b, 0x0313, 0x0aa2, 0x1017, 0x148a, 0x0e7a, 0x0de9, 0x09e1, 0x02d1,
  0x0265, 0xfc2b, 0xfbb0, 0xf9a0, 0xf6e2, 0xf5d1, 0xf57d, 0xf69d, 0xf49e, 0xf6da, 0xf6e8, 0xf4ef, 0xf777, 0xf717, 0xf70f, 0xf98d,
  0xfbb8, 0xfd8c, 0xfe57, 0xfefc, 0xfdd2, 0xfe9e, 0x022f, 0x03a2, 0x06b9, 0x08b0, 0x0803, 0x0859, 0x07c0, 0x0827, 0x04fb, 0xfbd6,
  0x023e, 0x0709, 0x078f, 0x0e61, 0x126c, 0x1554, 0x0f27, 0x0d7d, 0x0773, 0xfff2, 0xfe6d, 0xf839, 0xf865, 0xf721, 0xf6be, 0xf625,
  0xf6a6, 0xf7b6, 0xf53c, 0xf792, 0xf60e, 0xf3dd, 0xf62f, 0xf542, 0xf640, 0xf8c2, 0xfaf2, 0xfc7d, 0xfd25, 0xfee4, 0xfe7f, 0x00df,
  0x0576, 0x077d, 0x0acc, 0x0ba9, 0x0aac, 0x09b9, 0x0831, 0x08ea, 0x04e4, 0xfb6b, 0x0153, 0x04f5, 0x057e, 0x0cb4, 0x12aa, 0x16d3,
  0x101d, 0x0f15, 0x082e, 0x006b, 0xfdde, 0xf6bf, 0xf705, 0xf53b, 0xf512, 0xf50c, 0xf502, 0xf581, 0xf2f4, 0xf595, 0xf515, 0xf484,
  0xf832, 0xf83c, 0xf9b4, 0xfb97, 0xfce0, 0xfdc3, 0xfd62, 0xfea7, 0xfe7e, 0x0126, 0x04fa, 0x0673, 0x094d, 0x0a3b, 0x0a25, 0x0b1b,
  0x0aad, 0x0b2e, 0x071f, 0xfcf7, 0x0239, 0x0444, 0x0396, 0x09e1, 0x0edf, 0x136a, 0x0df1, 0x0c7e, 0x05e7, 0xfed8, 0xfc45, 0xf6cc,
  0xf894, 0xf7bd, 0xf806, 0xf859, 0xf7c7, 0xf6bb, 0xf3cf, 0xf59a, 0xf50e, 0xf509, 0xf833, 0xf748, 0xf82d, 0xfa54, 0xfbce, 0xfd1a,
  0xfeaf, 0x001b, 0xffc7, 0x028e, 0x0587, 0x061d, 0x076b, 0x07ae, 0x076a, 0x07ff, 0x08cf, 0x0a42, 0x052f, 0xfbad, 0x0186, 0x03c7,
  0x053e, 0x0d89, 0x13c5, 0x1801, 0x1255, 0x0fef, 0x07ad, 0xffc6, 0xfc92, 0xf73f, 0xf8a2, 0xf732, 0xf687, 0xf60f, 0xf586, 0xf480,
  0xf2d0, 0xf65e, 0xf553, 0xf55c, 0xf838, 0xf684, 0xf656, 0xf74e, 0xf859, 0xf962, 0xfb1b, 0xfd9f, 0xfe27, 0x0189, 0x0551, 0x06fe,
  0x0a3f, 0x0c6f, 0x0dbf, 0x0f03, 0x0f12, 0x0eb5, 0x07ae, 0xfd7c, 0x0239, 0x03ee, 0x05cb, 0x0cce, 0x1203, 0x1552, 0x0e97, 0x0c47,
  0x04ec, 0xfef3, 0xfb7c, 0xf624, 0xf85a, 0xf624, 0xf51c, 0xf396, 0xf262, 0xf1ac, 0xf040, 0xf3d3, 0xf409, 0xf502, 0xf7a3, 0xf666,
  0xf7ae, 0xf9d8, 0xfbd4, 0xfe47, 0x00b0, 0x02a8, 0x0262, 0x0545, 0x0791, 0x07c8, 0x0ab7, 0x0bda, 0x0bdc, 0x0c13, 0x0bbb, 0x0b04,
  0x0475, 0xfc02, 0x020c, 0x0304, 0x04ec, 0x0c09, 0x10dc, 0x12cd, 0x0b06, 0x089e, 0x00dd, 0xface, 0xf835, 0xf561, 0xf83c, 0xf65f,
  0xf6a3, 0xf6a6, 0xf6d3, 0xf6d7, 0xf694, 0xf9e4, 0xf921, 0xf956, 0xfaba, 0xf7f3, 0xf7d0, 0xf945, 0xfad3, 0xfc6c, 0xfe3b, 0x003a,
  0x0079, 0x040a, 0x06f2, 0x0869, 0x0a3f, 0x0a89, 0x0ab5, 0x0a2b, 0x08ad, 0x073b, 0x0087, 0xf86a, 0xfed3, 0x01c7, 0x04ce, 0x0bd5,
  0x11ba, 0x13dc, 0x0cdc, 0x0b8c, 0x04ea, 0xffdf, 0xfd31, 0xf9e7, 0xfb3f, 0xf8be, 0xf7c6, 0xf6d0, 0xf6ad, 0xf5d6, 0xf4b7, 0xf7c0,
  0xf731, 0xf7bf, 0xf959, 0xf7bf, 0xf888, 0xf954, 0xfaca, 0xfc74, 0xfdf2, 0xff17, 0xfef0, 0x0263, 0x0455, 0x054c, 0x0863, 0x090e,
  0x08fe, 0x096b, 0x08e7, 0x08fa, 0x0345, 0xfc93, 0x037c, 0x0511, 0x07ef, 0x0e2b, 0x12fd, 0x13c1, 0x0c8b, 0x0af3, 0x037c, 0xfdde,
  0xfacf, 0xf7cc, 0xf9bd, 0xf7b2, 0xf78a, 0xf669, 0xf52e, 0xf445, 0xf3a4, 0xf62b, 0xf4a3, 0xf595, 0xf7b7, 0xf5e3, 0xf6fb, 0xf94e,
  0xfb4c, 0xfd08, 0xff42, 0x00b9, 0x0133, 0x056a, 0x0819, 0x0992, 0x0c24, 0x0bb1, 0x0b28, 0x0b13, 0x09e5, 0x0943, 0x026d, 0xfc46,
  0x025d, 0x0352, 0x066b, 0x0cbe, 0x122f, 0x129d, 0x0b95, 0x09e5, 0x0283, 0xfd87, 0xf9b9, 0xf6a3, 0xf844, 0xf5c5, 0xf4dc, 0xf3e9,
  0xf444, 0xf32b, 0xf2c8, 0xf605, 0xf57f, 0xf77f, 0xfa08, 0xf93e, 0xfac5, 0xfce0, 0xfe9d, 0xfff3, 0x016b, 0x020f, 0x01ba, 0x05b7,
  0x0769, 0x0860, 0x0b0f, 0x0ad0, 0x0a9d, 0x0ab5, 0x09d5, 0x0844, 0x0025, 0xfb8f, 0x025b, 0x024f, 0x05d9, 0x0be4, 0x10b8, 0x0f25,
  0x08fb, 0x08c0, 0x00b8, 0xfd43, 0xfa6b, 0xf8ab, 0xfa8f, 0xf820, 0xf757, 0xf563, 0xf522, 0xf3fc, 0xf42c, 0xf72a, 0xf643, 0xf85d,
  0xfaad, 0xf93d, 0xfac9, 0xfc7b, 0xfe42, 0xffa9, 0x0166, 0x01b5, 0x0092, 0x04c0, 0x0672, 0x07c7, 0x09f2, 0x094f, 0x0984, 0x093d,
  0x082c, 0x06d1, 0xfe37, 0xfb80, 0x029b, 0x023f, 0x0724, 0x0cee, 0x1244, 0x0fe1, 0x0a10, 0x08ff, 0x00bb, 0xfe30, 0xfa4b, 0xf944,
  0xfac8, 0xf80b, 0xf6d5, 0xf55e, 0xf591, 0xf440, 0xf56e, 0xf867, 0xf6c6, 0xf8ed, 0xfb1f, 0xf9e2, 0xfb76, 0xfca8, 0xfe41, 0xff43,
  0x005f, 0xffd9, 0xff82, 0x0400, 0x054a, 0x0760, 0x0997, 0x0945, 0x097d, 0x0919, 0x082c, 0x0683, 0xfd64, 0xfc21, 0x033a, 0x02bc,
  0x0805, 0x0da3, 0x1266, 0x0f09, 0x0a54, 0x08bc, 0x0060, 0xfe66, 0xfaf9, 0xfa1a, 0xfb01, 0xf94c, 0xf8be, 0xf74b, 0xf738, 0xf581,
  0xf6c0, 0xf89d, 0xf69d, 0xf8e0, 0xf991, 0xf845, 0xfa4b, 0xfb73, 0xfd0d, 0xfe4a, 0xffe0, 0xff3b, 0xff6d, 0x03f6, 0x0504, 0x0784,
  0x09ad, 0x08c9, 0x08a6, 0x07f8, 0x06e6, 0x04b1, 0xfb98, 0xfc60, 0x03aa, 0x03ac, 0x093d, 0x0edc, 0x14ad, 0x10bf, 0x0c22, 0x09d3,
  0x0177, 0xff30, 0xfa35, 0xfa1d, 0xfabf, 0xf80a, 0xf782, 0xf655, 0xf653, 0xf4bf, 0xf672, 0xf798, 0xf599, 0xf87f, 0xf8c7, 0xf7a4,
  0xf9b6, 0xfa9e, 0xfc20, 0xfd2d, 0xfe6c, 0xfdf8, 0xfebb, 0x037b, 0x04d0, 0x080a, 0x0a49, 0x0988, 0x0a2b, 0x09fd, 0x09b1, 0x0726,
  0xfd8a, 0xfeca, 0x0419, 0x03e3, 0x0a2c, 0x0f3f, 0x13b8, 0x0f23, 0x0c3e, 0x08f5, 0x0058, 0xfeaa, 0xf9e8, 0xfa20, 0xfa07, 0xf7b9,
  0xf6fe, 0xf5cb, 0xf5a1, 0xf35b, 0xf4e5, 0xf5c7, 0xf470, 0xf795, 0xf7c7, 0xf795, 0xfa5e, 0xfbaf, 0xfdac, 0xff33, 0x00f6, 0x004f,
  0x0124, 0x054c, 0x05d7, 0x0863, 0x09da, 0x0947, 0x097e, 0x08e6, 0x092c, 0x0624, 0xfc4d, 0xffc4, 0x050c, 0x048e, 0x0ad3, 0x0fc8,
  0x13ef, 0x0de6, 0x0b18, 0x06fc, 0xfe9f, 0xfcfb, 0xf83c, 0xf97f, 0xf9d2, 0xf841, 0xf781, 0xf654, 0xf5b6, 0xf38b, 0xf5c9, 0xf67f,
  0xf52b, 0xf879, 0xf863, 0xf7fd, 0xfa04, 0xfafc, 0xfcc4, 0xfddb, 0xffbe, 0xff24, 0x00c8, 0x0542, 0x0642, 0x0935, 0x0a69, 0x09e2,
  0x09fd, 0x095b, 0x08fb, 0x04ba, 0xfb60, 0xffc2, 0x03d4, 0x0479, 0x0b92, 0x1076, 0x1434, 0x0e1b, 0x0bda, 0x069d, 0xff63, 0xfe14,
  0xf9a9, 0xfbd3, 0xfb51, 0xf8ed, 0xf6de, 0xf50a, 0xf3dd, 0xf175, 0xf3b9, 0xf44b, 0xf470, 0xf8a0, 0xf889, 0xf8f8, 0xfad5, 0xfb70,
  0xfd1c, 0xfe0e, 0xffaf, 0xfea5, 0x00a6, 0x04b1, 0x058d, 0x08eb, 0x0aa6, 0x0ab2, 0x0b2e, 0x0aea, 0x0ae3, 0x051c, 0xfb38, 0x00a6,
  0x043a, 0x05e3, 0x0d23, 0x126d, 0x1521, 0x0d6c, 0x0b5b, 0x04ad, 0xfd31, 0xfb94, 0xf7a0, 0xfa60, 0xf9bc, 0xf8c5, 0xf780, 0xf5c5,
  0xf483, 0xf22f, 0xf4d3, 0xf4ab, 0xf475, 0xf7ed, 0xf75c, 0xf852, 0xfa24, 0xfb43, 0xfd3d, 0xfec1, 0x00f6, 0x000b, 0x0255, 0x05fb,
  0x075d, 0x0b40, 0x0c6b, 0x0cbf, 0x0cf8, 0x0b8b, 0x0a36, 0x0292, 0xf8fc, 0xfeb2, 0x0156, 0x044e, 0x0c3f, 0x1258, 0x1574, 0x0e8e,
  0x0d1a, 0x054c, 0xfe5d, 0xfc12, 0xf75f, 0xf99c, 0xf824, 0xf68d, 0xf4e2, 0xf42c, 0xf38b, 0xf1fc, 0xf546, 0xf549, 0xf577, 0xf8bf,
  0xf81e, 0xf954, 0xfb61, 0xfd0d, 0xff16, 0x003c, 0x0143, 0xfee5, 0x0125, 0x042f, 0x050d, 0x0941, 0x0b16, 0x0bd8, 0x0c93, 0x0c7d,
  0x0b93, 0x0325, 0xfacf, 0x00ab, 0x01e7, 0x0499, 0x0b7e, 0x110e, 0x130b, 0x0c96, 0x0b4a, 0x0386, 0xfe1d, 0xfb85, 0xf7eb, 0xfa14,
  0xf825, 0xf712, 0xf5fe, 0xf620, 0xf583, 0xf4d5, 0xf795, 0xf628, 0xf619, 0xf881, 0xf6fb, 0xf847, 0xfa5f, 0xfcb0, 0xff38, 0x0142,
  0x0318, 0x0114, 0x03cb, 0x0686, 0x077e, 0x0aca, 0x0b22, 0x0b00, 0x0aec, 0x0a06, 0x08a0, 0xffbd, 0xf7e7, 0xff10, 0x00f2, 0x049f,
  0x0bab, 0x1197, 0x1312, 0x0c1c, 0x0b3d, 0x0360, 0xfe50, 0xfb2c, 0xf70d, 0xf93c, 0xf775, 0xf64d, 0xf532, 0xf5a5, 0xf5c2, 0xf5e1,
  0xf97e, 0xf87d, 0xf89f, 0xfb2c, 0xf94b, 0xfa3f, 0xfb99, 0xfcf1, 0xfece, 0x0040, 0x015e, 0xff3a, 0x0248, 0x04cc, 0x05e6, 0x09b0,
  0x0a1a, 0x0a00, 0x0a29, 0x096f, 0x083e, 0xff28, 0xf8de, 0x003b, 0x010e, 0x0526, 0x0b7a, 0x10e8, 0x1126, 0x0ae7, 0x0a7f, 0x0258,
  0xfedf, 0xfc9a, 0xfa4a, 0xfca0, 0xfa95, 0xf942, 0xf72f, 0xf6e0, 0xf538, 0xf469, 0xf733, 0xf593, 0xf652, 0xf8a6, 0xf755, 0xf921,
  0xfb19, 0xfce5, 0xfe31, 0xffed, 0x00a5, 0xfee2, 0x02c9, 0x053c, 0x0745, 0x0a47, 0x09f3, 0x098e, 0x08f5, 0x0870, 0x0765, 0xff30,
  0xfb29, 0x02c9, 0x0412, 0x0874, 0x0e36, 0x137c, 0x1217, 0x0bb9, 0x0a35, 0x0127, 0xfd6d, 0xfa22, 0xf803, 0xf9af, 0xf7a2, 0xf6df,
  0xf59c, 0xf5f3, 0xf474, 0xf441, 0xf6fd, 0xf5e2, 0xf7ad, 0xfa41, 0xf98d, 0xfb71, 0xfc80, 0xfdf5, 0xfe8d, 0xff84, 0xffc8, 0xfe7a,
  0x038b, 0x05e5, 0x088c, 0x0c3a, 0x0bcd, 0x0b8d, 0x0ac0, 0x09b0, 0x0782, 0xfd3f, 0xf9c0, 0x0123, 0x01a0, 0x068f, 0x0c26, 0x11cc,
  0x0fb9, 0x0a6a, 0x0941, 0xffd8, 0xfd03, 0xf9b4, 0xf890, 0xfac5, 0xf956, 0xf898, 0xf722, 0xf734, 0xf4c5, 0xf45c, 0xf672, 0xf49f,
  0xf6ef, 0xf9b7, 0xf969, 0xfc42, 0xfdd1, 0xff09, 0xff72, 0x0089, 0x0017, 0xfe5b, 0x02f2, 0x04aa, 0x074f, 0x0aaf, 0x0a29, 0x0a3d,
  0x0a00, 0x099e, 0x0712, 0xfc79, 0xfa5c, 0x0115, 0x0179, 0x071d, 0x0cd2, 0x133a, 0x1109, 0x0c10, 0x09c3, 0x0041, 0xfd08, 0xf856,
  0xf7d2, 0xf9b6, 0xf893, 0xf8ba, 0xf7fa, 0xf850, 0xf5bf, 0xf5e2, 0xf76a, 0xf553, 0xf7bc, 0xf97f, 0xf8c6, 0xfb68, 0xfcb0, 0xfe02,
  0xfe82, 0xffcf, 0xff79, 0xfe8a, 0x0345, 0x04c8, 0x0817, 0x0b65, 0x0b92, 0x0c46, 0x0bbf, 0x0b4d, 0x07dd, 0xfcbe, 0xfa83, 0xffca,
  0x0025, 0x0642, 0x0cde, 0x13b3, 0x1113, 0x0d55, 0x0a42, 0x005b, 0xfcf3, 0xf7b4, 0xf785, 0xf892, 0xf753, 0xf75d, 0xf69d, 0xf6da,
  0xf4a0, 0xf582, 0xf715, 0xf598, 0xf82b, 0xf975, 0xf8d1, 0xfb42, 0xfc8c, 0xfe2d, 0xff09, 0x00ec, 0x0075, 0xff93, 0x0449, 0x0528,
  0x083e, 0x0b2f, 0x0b4e, 0x0c56, 0x0c38, 0x0c54, 0x088a, 0xfc6e, 0xfb76, 0x010b, 0x012f, 0x0733, 0x0d22, 0x1312, 0x0f42, 0x0bd1,
  0x07fa, 0xfe5a, 0xfc15, 0xf752, 0xf7b0, 0xf8bb, 0xf76b, 0xf6c2, 0xf5cb, 0xf63a, 0xf46c, 0xf62f, 0xf7b3, 0xf5de, 0xf880, 0xf95d,
  0xf881, 0xfaa2, 0xfc0b, 0xfe50, 0xfff6, 0x0261, 0x0213, 0x01c9, 0x0643, 0x06a8, 0x0932, 0x0af9, 0x0a81, 0x0b07, 0x0a43, 0x0a02,
  0x05eb, 0xfab3, 0xfb63, 0x00c0, 0x0136, 0x0784, 0x0da3, 0x1319, 0x0e6f, 0x0b9f, 0x0761, 0xfec1, 0xfcdf, 0xf85b, 0xf91e, 0xf930,
  0xf7c4, 0xf6d9, 0xf630, 0xf6bd, 0xf51d, 0xf768, 0xf8c1, 0xf7a6, 0xfa6a, 0xfa3f, 0xf930, 0xfb48, 0xfc5c, 0xfe06, 0xfedb, 0x00d8,
  0x0012, 0x0067, 0x04f2, 0x058a, 0x0930, 0x0b24, 0x0aac, 0x0acb, 0x09bf, 0x0972, 0x0528, 0xfa69, 0xfc5b, 0x01a2, 0x0295, 0x08a0,
  0x0de3, 0x1267, 0x0d33, 0x0b19, 0x06a1, 0xfede, 0xfd79, 0xf997, 0xfb26, 0xfa87, 0xf878, 0xf71c, 0xf608, 0xf5e8, 0xf3cc, 0xf57c,
  0xf64e, 0xf568, 0xf87f, 0xf8b3, 0xf8ac, 0xfb63, 0xfc93, 0xfe66, 0xff81, 0x011e, 0xffd3, 0x00aa, 0x054b, 0x0644, 0x09cf, 0x0b14,
  0x0a91, 0x0ac6, 0x09e4, 0x0980, 0x0499, 0xf9f9, 0xfd91, 0x031e, 0x0456, 0x0a69, 0x0fa0, 0x13ab, 0x0d24, 0x0a9b, 0x056a, 0xfdb6,
  0xfbc5, 0xf7ae, 0xf99f, 0xf94c, 0xf7cf, 0xf6c7, 0xf641, 0xf5de, 0xf3da, 0xf5a6, 0xf5d1, 0xf551, 0xf907, 0xf93a, 0xf9a0, 0xfc6d,
  0xfdbe, 0xff00, 0xff7a, 0x00cc, 0xfefc, 0x006c, 0x04f1, 0x063d, 0x0aa1, 0x0c45, 0x0c31, 0x0c33, 0x0acc, 0x0a01, 0x0425, 0xf94f,
  0xfc9d, 0x009a, 0x024c, 0x0928, 0x0ec9, 0x1338, 0x0da8, 0x0bef, 0x0602, 0xfe51, 0xfc05, 0xf7a3, 0xf9aa, 0xf924, 0xf7ed, 0xf711,
  0xf6b7, 0xf5b1, 0xf354, 0xf572, 0xf560, 0xf529, 0xf93b, 0xf9bd, 0xfad1, 0xfda8, 0xfec2, 0xffb9, 0xfff8, 0x00db, 0xfe74, 0xfffe,
  0x043d, 0x0517, 0x0944, 0x0af4, 0x0b41, 0x0be0, 0x0b57, 0x0afb, 0x0463, 0xf997, 0xfd64, 0x006a, 0x0221, 0x0900, 0x0f50, 0x135c,
  0x0d55, 0x0c13, 0x0529, 0xfd75, 0xfab1, 0xf6ae, 0xf8e7, 0xf85b, 0xf7c6, 0xf6e2, 0xf6d5, 0xf62d, 0xf3ec, 0xf5c2, 0xf53b, 0xf553,
  0xf970, 0xf984, 0xfa12, 0xfc74, 0xfdec, 0xff62, 0x003b, 0x01b2, 0xffd1, 0x0211, 0x0622, 0x06c2, 0x0a62, 0x0b88, 0x0bb1, 0x0c00,
  0x0b7f, 0x0ac8, 0x03b6, 0xf94c, 0xfd65, 0x0018, 0x01fc, 0x0834, 0x0e3f, 0x1279, 0x0cb9, 0x0b78, 0x049e, 0xfda4, 0xfa3c, 0xf6ae,
  0xf8f6, 0xf785, 0xf6b2, 0xf5d4, 0xf60b, 0xf5a8, 0xf4de, 0xf7b5, 0xf7d5, 0xf88d, 0xfbcf, 0xfae2, 0xfb32, 0xfce2, 0xfde5, 0xff5a,
  0x005a, 0x01e5, 0x000e, 0x0266, 0x0581, 0x0626, 0x0989, 0x0a33, 0x0a6e, 0x0aa7, 0x0ac6, 0x0a79, 0x0324, 0xf947, 0xfdbc, 0x0037,
  0x021d, 0x0827, 0x0e3f, 0x11a3, 0x0b8b, 0x0a80, 0x03ba, 0xfdd8, 0xfb02, 0xf7eb, 0xfa48, 0xf8d4, 0xf7f9, 0xf6e8, 0xf6e6, 0xf655,
  0xf5be, 0xf85e, 0xf7d2, 0xf864, 0xfb30, 0xf9d3, 0xfa15, 0xfb88, 0xfcea, 0xfe70, 0xffc9, 0x019e, 0x0018, 0x0336, 0x0629, 0x06e5,
  0x09f2, 0x0a2b, 0x0a6d, 0x0a35, 0x097f, 0x08e7, 0x0167, 0xf8d9, 0xfe5c, 0x0067, 0x0345, 0x09cc, 0x0fc8, 0x1196, 0x0b84, 0x0adb,
  0x0315, 0xfd7b, 0xfaab, 0xf84b, 0xfaaa, 0xf8c5, 0xf782, 0xf603, 0xf67e, 0xf56b, 0xf470, 0xf75c, 0xf708, 0xf874, 0xfb3b, 0xf9bf,
  0xfa41, 0xfbf2, 0xfdc4, 0xff36, 0x00ae, 0x01cd, 0x0018, 0x03e7, 0x0688, 0x07aa, 0x0b48, 0x0b6a, 0x0b86, 0x0b69, 0x0a9c, 0x0992,
  0x011f, 0xf93c, 0xff60, 0x011a, 0x0452, 0x0a43, 0x0fb8, 0x107b, 0x09f3, 0x08ed, 0x00f2, 0xfc39, 0xf9a1, 0xf7d3, 0xfa58, 0xf85c,
  0xf756, 0xf5e5, 0xf60f, 0xf4da, 0xf468, 0xf713, 0xf5fc, 0xf7ae, 0xfaf1, 0xfa00, 0xfb6b, 0xfd99, 0xff65, 0x00bb, 0x0214, 0x02ba,
  0x00b2, 0x04a3, 0x0721, 0x0873, 0x0bea, 0x0be4, 0x0bb5, 0x0b02, 0x09ac, 0x07de, 0xfe68, 0xf7d1, 0xfee6, 0xffc1, 0x0385, 0x09a6,
  0x0f25, 0x0ef1, 0x08a9, 0x083a, 0xfff6, 0xfbe7, 0xf8cf, 0xf775, 0xfa65, 0xf899, 0xf7cf, 0xf6d4, 0xf777, 0xf641, 0xf5e9, 0xf81a,
  0xf691, 0xf8b3, 0xfbf5, 0xfaa2, 0xfc77, 0xfe60, 0xffc0, 0x00a0, 0x0140, 0x0120, 0xff1c, 0x036e, 0x05cf, 0x07b6, 0x0b6b, 0x0b7c,
  0x0ba5, 0x0adb, 0x0982, 0x0785, 0xfd39, 0xf748, 0xfe68, 0xfedc, 0x0328, 0x092c, 0x0f6f, 0x0f9d, 0x0a41, 0x09ee, 0x0173, 0xfd95,
  0xf9e9, 0xf8ad, 0xfaf6, 0xf91a, 0xf87f, 0xf773, 0xf7c5, 0xf617, 0xf5cc, 0xf7a5, 0xf5fd, 0xf866, 0xfb52, 0xfa19, 0xfc5a, 0xfe25,
  0xff40, 0xffed, 0x00d1, 0x004e, 0xfe60, 0x0307, 0x052f, 0x0742, 0x0a7c, 0x0a6a, 0x0aff, 0x0ad8, 0x0a32, 0x0849, 0xfdcc, 0xf8d3,
  0xff88, 0xffbc, 0x046c, 0x0abf, 0x1154, 0x10b6, 0x0bcb, 0x0b2a, 0x0215, 0xfdac, 0xf91d, 0xf7d1, 0xf968, 0xf766, 0xf6b9, 0xf5b0,
  0xf650, 0xf4c3, 0xf4f8, 0xf6af, 0xf502, 0xf79b, 0xfa3a, 0xf969, 0xfb40, 0xfcf4, 0xfec3, 0xffe8, 0x0174, 0x017b, 0x0080, 0x0570,
  0x073a, 0x0932, 0x0c40, 0x0c23, 0x0c56, 0x0bc4, 0x0af8, 0x08c5, 0xfdb1, 0xf8e9, 0xfecc, 0xfeb5, 0x03b6, 0x0950, 0x0fec, 0x0f07,
  0x0aa7, 0x097a, 0x0037, 0xfc30, 0xf760, 0xf6ba, 0xf7ff, 0xf60c, 0xf5c7, 0xf539, 0xf681, 0xf570, 0xf64b, 0xf855, 0xf74e, 0xfa6e,
  0xfc26, 0xfb07, 0xfd12, 0xfe42, 0x000e, 0x0145, 0x02f0, 0x02b2, 0x01c2, 0x0649, 0x0732, 0x0919, 0x0b26, 0x0a5c, 0x0aad, 0x0a24,
  0x0950, 0x069c, 0xfb6d, 0xf7af, 0xfd68, 0xfd3a, 0x02a6, 0x0902, 0x103e, 0x0ec4, 0x0af7, 0x0997, 0x0087, 0xfcf2, 0xf85f, 0xf89f,
  0xf9e8, 0xf84c, 0xf815, 0xf781, 0xf861, 0xf703, 0xf7fe, 0xf984, 0xf804, 0xfb03, 0xfc01, 0xfa27, 0xfbd4, 0xfcd1, 0xfe64, 0xff8e,
  0x0142, 0x00da, 0x0098, 0x055a, 0x0606, 0x07dc, 0x09a4, 0x092a, 0x0974, 0x090b, 0x087b, 0x05df, 0xfad6, 0xf881, 0xff3c, 0xffca,
  0x05f4, 0x0c3c, 0x12c1, 0x101c, 0x0c58, 0x0a78, 0x0106, 0xfda9, 0xf943, 0xf9b5, 0xfa94, 0xf844, 0xf74b, 0xf61d, 0xf6a0, 0xf543,
  0xf60d, 0xf76e, 0xf625, 0xf940, 0xfa10, 0xf872, 0xfa4d, 0xfb92, 0xfd93, 0xfef0, 0x010c, 0x009b, 0x00b1, 0x057a, 0x0669, 0x0945,
  0x0b31, 0x0ad8, 0x0b52, 0x0ae2, 0x0a48, 0x0749, 0xfc4e, 0xfaeb, 0x0157, 0x01d5, 0x0768, 0x0c64, 0x1257, 0x0ee0, 0x0a76, 0x07a0,
  0xff1e, 0xfc29, 0xf7b4, 0xf8de, 0xf964, 0xf711, 0xf61a, 0xf50f, 0xf534, 0xf422, 0xf5ed, 0xf723, 0xf639, 0xfa15, 0xfaf4, 0xfa08,
  0xfc34, 0xfd85, 0xffe0, 0x015e, 0x02f5, 0x01b7, 0x022d, 0x06ee, 0x07a9, 0x0a78, 0x0c06, 0x0ba2, 0x0bdc, 0x0aaf, 0x0982, 0x05db,
  0xfa68, 0xf96f, 0xff81, 0xffdd, 0x05b9, 0x0b77, 0x1123, 0x0cc8, 0x0937, 0x0672, 0xfe03, 0xfb27, 0xf713, 0xf89e, 0xf931, 0xf768,
  0xf6a1, 0xf63b, 0xf6e3, 0xf5a0, 0xf762, 0xf872, 0xf7ac, 0xfba0, 0xfc3e, 0xfb65, 0xfd91, 0xfeb8, 0x0045, 0x00e8, 0x021e, 0x0088,
  0x00f3, 0x0564, 0x0637, 0x0965, 0x0ad6, 0x0a79, 0x0a98, 0x0988, 0x087d, 0x044a, 0xf86e, 0xf88b, 0xfef6, 0xff65, 0x05af, 0x0b4e,
  0x1140, 0x0db3, 0x0abd, 0x07a0, 0xff71, 0xfd28, 0xf91f, 0xfa87, 0xfab4, 0xf8be, 0xf7e2, 0xf746, 0xf780, 0xf5fa, 0xf769, 0xf7e8,
  0xf6ad, 0xfa3e, 0xfa98, 0xf9fb, 0xfc17, 0xfce6, 0xfe7d, 0xffa8, 0x008b, 0xfeaf, 0xff9e, 0x041e, 0x0581, 0x091d, 0x0a6e, 0x0a72,
  0x0b0c, 0x0a6b, 0x0998, 0x05aa, 0xfaac, 0xfb73, 0x00f7, 0x013e, 0x0744, 0x0cc9, 0x12fd, 0x0ec9, 0x0c32, 0x08d6, 0x0081, 0xfce4,
  0xf7ea, 0xf96c, 0xf8c9, 0xf6e1, 0xf658, 0xf5f8, 0xf661, 0xf549, 0xf6cb, 0xf6a6, 0xf5d4, 0xf98c, 0xf945, 0xf8e3, 0xfb10, 0xfc33,
  0xfdfc, 0xff4d, 0x00d6, 0xffb1, 0x01ab, 0x0610, 0x075e, 0x0b24, 0x0c39, 0x0c4f, 0x0c93, 0x0ba3, 0x0ad7, 0x066d, 0xfab8, 0xfafc,
  0x006e, 0x0103, 0x0689, 0x0c59, 0x125b, 0x0dad, 0x0b3d, 0x0716, 0xfe5d, 0xfa4d, 0xf5cf, 0xf790, 0xf6cf, 0xf5ba, 0xf584, 0xf584,
  0xf616, 0xf513, 0xf701, 0xf762, 0xf714, 0xfa92, 0xfa68, 0xfa2a, 0xfc0d, 0xfd62, 0xff49, 0x0092, 0x0247, 0x0146, 0x034c, 0x0765,
  0x08ac, 0x0bc8, 0x0c00, 0x0b96, 0x0b8e, 0x0a98, 0x093a, 0x0432, 0xf86a, 0xf9f2, 0xff7e, 0xffd4, 0x05ba, 0x0bb6, 0x11d9, 0x0cde,
  0x0a34, 0x0623, 0xfe49, 0xfb06, 0xf705, 0xf939, 0xf8b3, 0xf75f, 0xf6ed, 0xf6b1, 0xf74e, 0xf688, 0xf896, 0xf898, 0xf87e, 0xfc0a,
  0xfaea, 0xfa3c, 0xfbf5, 0xfd11, 0xfee0, 0x0046, 0x0184, 0x0028, 0x026d, 0x0606, 0x06d4, 0x09ba, 0x0a18, 0x09cd, 0x09e1, 0x091b,
  0x0858, 0x03bf, 0xf911, 0xfb77, 0x0013, 0x013a, 0x0798, 0x0d5d, 0x12bd, 0x0dae, 0x0c02, 0x0766, 0xffb8, 0xfc43, 0xf898, 0xfb0f,
  0xf9ab, 0xf7dd, 0xf747, 0xf72f, 0xf6e6, 0xf589, 0xf772, 0xf6c9, 0xf672, 0xf9c4, 0xf8a1, 0xf85b, 0xfa2d, 0xfb86, 0xfd98, 0xff7f,
  0x010e, 0xffd4, 0x0259, 0x05cf, 0x0735, 0x0a6b, 0x0ab3, 0x0ad1, 0x0b49, 0x0b0e, 0x0a68, 0x04f3, 0xfa5c, 0xfdee, 0x027a, 0x034b,
  0x0935, 0x0ef9, 0x1343, 0x0d5e, 0x0bb6, 0x05cd, 0xfdf3, 0xfa7d, 0xf6ae, 0xf8b9, 0xf766, 0xf626, 0xf531, 0xf502, 0xf4f7, 0xf3ce,
  0xf5c5, 0xf581, 0xf5ca, 0xf93d, 0xf89a, 0xf90c, 0xfb31, 0xfceb, 0xff2a, 0x0131, 0x026b, 0x0107, 0x0437, 0x07e0, 0x098a, 0x0caf,
  0x0d0b, 0x0d61, 0x0d81, 0x0c6b, 0x0af3, 0x0436, 0xf99d, 0xfdbf, 0x00b8, 0x01a3, 0x07b1, 0x0d63, 0x111b, 0x0ae2, 0x09aa, 0x0385,
  0xfcae, 0xf978, 0xf67f, 0xf90e, 0xf752, 0xf605, 0xf51c, 0xf546, 0xf51d, 0xf462, 0xf6c1, 0xf675, 0xf7a0, 0xfb50, 0xfa9d, 0xfbb4,
  0xfe00, 0xff9a, 0x0142, 0x0289, 0x0321, 0x012d, 0x03f0, 0x06aa, 0x081f, 0x0b5a, 0x0b60, 0x0b6e, 0x0b76, 0x0a8d, 0x093f, 0x0199,
  0xf767, 0xfc9c, 0xff79, 0x0120, 0x075d, 0x0d77, 0x10b2, 0x0adf, 0x0a3e, 0x0340, 0xfcf3, 0xf9c2, 0xf72c, 0xf99c, 0xf822, 0xf7b2,
  0xf6d8, 0xf740, 0xf6fd, 0xf600, 0xf832, 0xf746, 0xf800, 0xfb18, 0xf9c9, 0xfa8a, 0xfc1f, 0xfd84, 0xff37, 0x008c, 0x011a, 0xff6d,
  0x02cb, 0x05c0, 0x07cb, 0x0b07, 0x0b18, 0x0b5f, 0x0b7d, 0x0a80, 0x08e5, 0x00b2, 0xf7cc, 0xfe05, 0x0090, 0x0337, 0x09bd, 0x106d,
  0x12fb, 0x0cf0, 0x0c70, 0x04e8, 0xfeb3, 0xfa5a, 0xf78a, 0xf971, 0xf6a8, 0xf5a5, 0xf494, 0xf4e7, 0xf4a8, 0xf445, 0xf6a9, 0xf5cc,
  0xf733, 0xf9ee, 0xf87f, 0xf9a5, 0xfb4e, 0xfce3, 0xfe91, 0x0019, 0x00fc, 0x001c, 0x040c, 0x06af, 0x08ec, 0x0c84, 0x0cf9, 0x0d79,
  0x0d5b, 0x0c8a, 0x0b2c, 0x020d, 0xf9c9, 0xffad, 0x00b5, 0x0383, 0x0972, 0x0fc0, 0x115a, 0x0b81, 0x0aab, 0x0246, 0xfceb, 0xf8a4,
  0xf614, 0xf7de, 0xf541, 0xf460, 0xf3d2, 0xf4aa, 0xf40a, 0xf449, 0xf70e, 0xf622, 0xf7ed, 0xfa6c, 0xf929, 0xfac0, 0xfc88, 0xfe68,
  0x0062, 0x0278, 0x0363, 0x0259, 0x0639, 0x084f, 0x0a28, 0x0cbf, 0x0c3e, 0x0c5d, 0x0bd2, 0x0acf, 0x092f, 0xff83, 0xf8af, 0xfedc,
  0xff5f, 0x028e, 0x083b, 0x0eca, 0x0f61, 0x09e1, 0x093b, 0x0087, 0xfb89, 0xf743, 0xf5dd, 0xf7ee, 0xf5fe, 0xf5b0, 0xf562, 0xf6b1,
  0xf647, 0xf69a, 0xf8dc, 0xf790, 0xf975, 0xfb81, 0xf9e2, 0xfb6b, 0xfd09, 0xff15, 0x00a9, 0x0235, 0x026f, 0x0158, 0x0576, 0x0744,
  0x0927, 0x0b61, 0x0b17, 0x0b55, 0x0aa6, 0x098c, 0x07c4, 0xfd80, 0xf7f0, 0xfeb9, 0xff61, 0x03ae, 0x098b, 0x101b, 0x0fa4, 0x0b03,
  0x0a2a, 0x0127, 0xfd2a, 0xf91a, 0xf878, 0xfa46, 0xf825, 0xf790, 0xf6c9, 0xf76d, 0xf610, 0xf62a, 0xf802, 0xf659, 0xf87d, 0xfa1a,
  0xf87d, 0xfa5e, 0xfc08, 0xfdc8, 0xff2e, 0x011e, 0x011f, 0x0040, 0x0480, 0x0656, 0x0929, 0x0b9d, 0x0b5e, 0x0bb9, 0x0b65, 0x0ae6,
  0x083d, 0xfd1c, 0xf9d7, 0x00b6, 0x00e5, 0x062b, 0x0c53, 0x12cc, 0x1099, 0x0c13, 0x0a42, 0x00b4, 0xfce8, 0xf811, 0xf7a0, 0xf8d2,
  0xf683, 0xf56d, 0xf45f, 0xf500, 0xf38b, 0xf42b, 0xf5fa, 0xf4b3, 0xf7d5, 0xf99f, 0xf89c, 0xfac8, 0xfc68, 0xfe9f, 0x0007, 0x01d0,
  0x015d, 0x010f, 0x05ed, 0x07d1, 0x0b0d, 0x0d61, 0x0d67, 0x0e0e, 0x0d4c, 0x0c67, 0x090d, 0xfcf1, 0xfab7, 0x00f0, 0x0102, 0x0615,
  0x0b02, 0x1139, 0x0da5, 0x094c, 0x06d0, 0xfdf5, 0xfb06, 0xf616, 0xf70e, 0xf80b, 0xf594, 0xf4c4, 0xf461, 0xf535, 0xf3e7, 0xf521,
  0xf6d2, 0xf61a, 0xf9dd, 0xfb26, 0xfa80, 0xfd32, 0xfe9a, 0x00a4, 0x01e5, 0x03a4, 0x02d7, 0x02d7, 0x0720, 0x07e9, 0x0b14, 0x0cd9,
  0x0c2e, 0x0c30, 0x0b5d, 0x0aa8, 0x063b, 0xf9e8, 0xf985, 0xff04, 0xff15, 0x04f1, 0x0a7c, 0x10af, 0x0cfa, 0x0a55, 0x0712, 0xfe53,
  0xfb72, 0xf69f, 0xf81b, 0xf8d9, 0xf6fe, 0xf641, 0xf65c, 0xf764, 0xf619, 0xf806, 0xf939, 0xf814, 0xfb7c, 0xfb86, 0xfa83, 0xfc4a,
  0xfcde, 0xfe96, 0xff7f, 0x0181, 0x0063, 0x00a5, 0x053a, 0x0666, 0x09e1, 0x0b44, 0x0b43, 0x0b83, 0x0a77, 0x0a18, 0x04fa, 0xf8f8,
  0xfa33, 0xfee3, 0xffdf, 0x066e, 0x0c59, 0x1286, 0x0e17, 0x0c57, 0x083d, 0x0028, 0xfd40, 0xf80d, 0xf9b6, 0xf978, 0xf6fe, 0xf568,
  0xf57a, 0xf659, 0xf4d7, 0xf6aa, 0xf752, 0xf670, 0xf9d9, 0xf959, 0xf8c8, 0xfae1, 0xfc11, 0xfe5e, 0xff54, 0x017a, 0x006c, 0x0164,
  0x05b5, 0x06b7, 0x0abd, 0x0bf7, 0x0c05, 0x0c61, 0x0b9f, 0x0ba1, 0x05a6, 0xfa1f, 0xfcec, 0x009f, 0x01bf, 0x0835, 0x0db7, 0x1260,
  0x0cf3, 0x0b9d, 0x05eb, 0xfde7, 0xfaf7, 0xf61f, 0xf816, 0xf75e, 0xf57e, 0xf47c, 0xf51b, 0xf5c8, 0xf4a1, 0xf6fb, 0xf73b, 0xf683,
  0xfa15, 0xf951, 0xf945, 0xfbc9, 0xfd5d, 0xffdf, 0x015a, 0x03d0, 0x0239, 0x03a0, 0x07b9, 0x08a7, 0x0c2c, 0x0c65, 0x0c42, 0x0c03,
  0x0abe, 0x0a3d, 0x02fb, 0xf864, 0xfc78, 0xff24, 0x0072, 0x06d3, 0x0d04, 0x10f5, 0x0b2c, 0x0a5f, 0x042e, 0xfd59, 0xf9ef, 0xf5c7,
  0xf879, 0xf7cc, 0xf674, 0xf576, 0xf67e, 0xf70c, 0xf5fa, 0xf875, 0xf82f, 0xf7ef, 0xfb94, 0xfa9d, 0xfac2, 0xfc9c, 0xfe37, 0x0073,
  0x0119, 0x02b8, 0x00a8, 0x027d, 0x05e6, 0x06bf, 0x0a4e, 0x0a48, 0x0a78, 0x0a1a, 0x08f9, 0x08b4, 0x00b7, 0xf70c, 0xfc97, 0xff48,
  0x01ee, 0x08b0, 0x0f2e, 0x11ef, 0x0c0f, 0x0bb1, 0x0434, 0xfe03, 0xfacc, 0xf7b6, 0xfab9, 0xf9a7, 0xf81d, 0xf6b5, 0xf77c, 0xf6ff,
  0xf56a, 0xf796, 0xf6cb, 0xf6ea, 0xfa2d, 0xf8be, 0xf9a1, 0xfba4, 0xfd13, 0xff09, 0x002a, 0x01ec, 0xff99, 0x026d, 0x0609, 0x0730,
  0x0b0a, 0x0b0c, 0x0b62, 0x0b3a, 0x0aaa, 0x0a4b, 0x0130, 0xf8e7, 0xff8b, 0x0158, 0x0441, 0x0a94, 0x10fe, 0x126e, 0x0c4b, 0x0b97,
  0x034b, 0xfe26, 0xfa30, 0xf6f0, 0xf954, 0xf7b2, 0xf60f, 0xf435, 0xf519, 0xf468, 0xf38e, 0xf61d, 0xf52d, 0xf626, 0xf9ae, 0xf876,
  0xf9e1, 0xfc2b, 0xfe28, 0x001b, 0x0144, 0x02cf, 0x006f, 0x03e4, 0x0740, 0x08bb, 0x0c84, 0x0c96, 0x0d3a, 0x0caf, 0x0c1e, 0x0b62,
  0x0162, 0xf9dd, 0x0026, 0x00bf, 0x03e0, 0x09d6, 0x0fb5, 0x0fb5, 0x0a39, 0x0989, 0x00b5, 0xfc1e, 0xf800, 0xf5f6, 0xf857, 0xf6c8,
  0xf573, 0xf455, 0xf5f2, 0xf528, 0xf4cb, 0xf729, 0xf601, 0xf7ae, 0xfaab, 0xf91e, 0xfb11, 0xfd50, 0xff3f, 0x00e0, 0x0248, 0x03b5,
  0x0163, 0x0512, 0x0791, 0x0923, 0x0c8e, 0x0be3, 0x0bf2, 0x0ae7, 0x0a57, 0x0921, 0xfe69, 0xf86b, 0xfea4, 0xff15, 0x0347, 0x0954,
  0x0ff3, 0x0fbf, 0x0b6f, 0x0a87, 0x014b, 0xfd2f, 0xf873, 0xf6dd, 0xf8cf, 0xf749, 0xf66f, 0xf5ad, 0xf74c, 0xf660, 0xf6ba, 0xf920,
  0xf74c, 0xf8ed, 0xfb93, 0xf9bc, 0xfb2c, 0xfc79, 0xfe2f, 0xff43, 0x0066, 0x0156, 0xff62, 0x03b5, 0x05fb, 0x0838, 0x0bab, 0x0b80,
  0x0c20, 0x0b2d, 0x0ae4, 0x094a, 0xfdcc, 0xf8f3, 0xff92, 0xff9e, 0x048a, 0x0b31, 0x11f9, 0x1095, 0x0c5c, 0x0b4d, 0x020c, 0xfe00,
  0xf8bf, 0xf7a3, 0xf990, 0xf7ae, 0xf5eb, 0xf48f, 0xf5e1, 0xf482, 0xf4b0, 0xf6c7, 0xf523, 0xf768, 0xf9b6, 0xf82e, 0xfa2f, 0xfbdc,
  0xfe16, 0xff8f, 0x0132, 0x01ea, 0x0055, 0x0502, 0x06ac, 0x0901, 0x0c4d, 0x0c05, 0x0c63, 0x0b67, 0x0b81, 0x09be, 0xfe0b, 0xfa41,
  0x0109, 0x0139, 0x0655, 0x0c3c, 0x1254, 0x0fe8, 0x0b81, 0x0925, 0xff9b, 0xfbb7, 0xf668, 0xf61f, 0xf7a3, 0xf608, 0xf4eb, 0xf45c,
  0xf5b3, 0xf46f, 0xf55f, 0xf753, 0xf59b, 0xf7f7, 0xf9b0, 0xf82a, 0xfa64, 0xfbf7, 0xfe4b, 0x0016, 0x0273, 0x02fa, 0x01c4, 0x06de,
  0x0896, 0x0b25, 0x0d95, 0x0cf5, 0x0d29, 0x0bc1, 0x0b53, 0x088e, 0xfcba, 0xf9ff, 0x0076, 0x0087, 0x05a5, 0x0ba6, 0x1192, 0x0e7a,
  0x0a36, 0x0798, 0xfeff, 0xfb83, 0xf609, 0xf61c, 0xf792, 0xf604, 0xf4bb, 0xf44e, 0xf5ca, 0xf4e3, 0xf636, 0xf7b5, 0xf635, 0xf923,
  0xfa9d, 0xf907, 0xfb50, 0xfd15, 0xff46, 0x00c7, 0x0303, 0x02f4, 0x0204, 0x06e1, 0x07db, 0x0a74, 0x0ca8, 0x0bea, 0x0bd0, 0x0a88,
  0x0a5a, 0x0788, 0xfbb4, 0xf9c7, 0xfff2, 0x0069, 0x0608, 0x0b9c, 0x1149, 0x0e07, 0x0ac8, 0x0782, 0xfe74, 0xfb19, 0xf641, 0xf734,
  0xf82a, 0xf69d, 0xf58c, 0xf52a, 0xf664, 0xf539, 0xf6c9, 0xf7c9, 0xf5eb, 0xf905, 0xf9f7, 0xf894, 0xfad1, 0xfc77, 0xfeba, 0x000a,
  0x0274, 0x022c, 0x016e, 0x0669, 0x0792, 0x0ac2, 0x0cb0, 0x0be6, 0x0c22, 0x0b71, 0x0b57, 0x079e, 0xfba8, 0xfabf, 0x014f, 0x012c,
  0x065a, 0x0bf9, 0x118c, 0x0e09, 0x0a8f, 0x076b, 0xff24, 0xfba8, 0xf6b0, 0xf79f, 0xf82c, 0xf635, 0xf4bb, 0xf46a, 0xf540, 0xf403,
  0xf5a4, 0xf691, 0xf519, 0xf8b3, 0xfa03, 0xf90e, 0xfbab, 0xfd95, 0x0002, 0x0135, 0x02fc, 0x023c, 0x0221, 0x0727, 0x0822, 0x0b2d,
  0x0d21, 0x0cb8, 0x0cc9, 0x0bfa, 0x0c05, 0x0876, 0xfc9c, 0xfbb4, 0x0134, 0x016e, 0x0698, 0x0b5d, 0x1086, 0x0cad, 0x097d, 0x05ce,
  0xfda1, 0xf9d6, 0xf50d, 0xf6f2, 0xf75b, 0xf5a1, 0xf4b5, 0xf4cf, 0xf5c9, 0xf4b0, 0xf694, 0xf75d, 0xf65e, 0xf9d0, 0xfa3f, 0xf99f,
  0xfc13, 0xfdc9, 0x0038, 0x019b, 0x03c2, 0x02f8, 0x035d, 0x0821, 0x0945, 0x0c9f, 0x0d98, 0x0ca0, 0x0c0e, 0x0acf, 0x0a5a, 0x05da,
  0xfa25, 0xf9c6, 0xff39, 0x0000, 0x055c, 0x0a95, 0x101d, 0x0c7b, 0x09ab, 0x05dc, 0xfe07, 0xfa12, 0xf54c, 0xf72c, 0xf745, 0xf57a,
  0xf4a3, 0xf50f, 0xf658, 0xf613, 0xf885, 0xf92e, 0xf86d, 0xfc29, 0xfc50, 0xfb63, 0xfd50, 0xfe5a, 0x0021, 0x0129, 0x0290, 0x0105,
  0x01f5, 0x06b3, 0x07a9, 0x0b12, 0x0c11, 0x0bac, 0x0b88, 0x0a15, 0x0998, 0x04fc, 0xf977, 0xfa66, 0xff6b, 0xfff6, 0x05b3, 0x0b1b,
  0x109a, 0x0c6a, 0x0a46, 0x06b3, 0xff23, 0xfb8b, 0xf742, 0xf96f, 0xf93b, 0xf759, 0xf637, 0xf659, 0xf72c, 0xf61b, 0xf7c5, 0xf7de,
  0xf710, 0xfab4, 0xfa53, 0xf99c, 0xfbff, 0xfd85, 0xff79, 0x00a0, 0x02ab, 0x0176, 0x02b0, 0x06e2, 0x076e, 0x0aa3, 0x0b15, 0x0a23,
  0x0a12, 0x0978, 0x0981, 0x04bb, 0xf9f4, 0xfcc0, 0x014a, 0x0278, 0x0883, 0x0d84, 0x1217, 0x0cf5, 0x0ab5, 0x054d, 0xfd8a, 0xf9a7,
  0xf527, 0xf792, 0xf6f9, 0xf5a8, 0xf50f, 0xf563, 0xf610, 0xf56d, 0xf7f9, 0xf7bd, 0xf6e8, 0xfa52, 0xf975, 0xf90a, 0xfb27, 0xfc94,
  0xff01, 0x00ef, 0x0370, 0x0230, 0x0448, 0x08b2, 0x0960, 0x0cce, 0x0ce0, 0x0c30, 0x0c1e, 0x0b37, 0x0a7e, 0x0426, 0xf983, 0xfcd7,
  0x0036, 0x0197, 0x07ba, 0x0cc5, 0x10d0, 0x0b2d, 0x0964, 0x03b4, 0xfcbc, 0xf8df, 0xf4b9, 0xf783, 0xf65d, 0xf4af, 0xf3e4, 0xf479,
  0xf532, 0xf4ea, 0xf7af, 0xf785, 0xf7cc, 0xfbbb, 0xfac7, 0xfaee, 0xfd3d, 0xff0e, 0x016f, 0x02bb, 0x04a4, 0x0301, 0x051b, 0x0871,
  0x088c, 0x0c11, 0x0c1d, 0x0ba7, 0x0b43, 0x0a4f, 0x0a15, 0x0304, 0xf8f2, 0xfcf4, 0xff4f, 0x00eb, 0x0681, 0x0bec, 0x0f39, 0x09ab,
  0x0905, 0x029c, 0xfc8c, 0xf8f5, 0xf5e4, 0xf8ed, 0xf785, 0xf65a, 0xf57a, 0xf64e, 0xf658, 0xf5e1, 0xf8b3, 0xf7f6, 0xf83b, 0xfb84,
  0xfa55, 0xfb22, 0xfd05, 0xfe97, 0x00d8, 0x0252, 0x042b, 0x01d5, 0x0405, 0x0704, 0x07aa, 0x0b20, 0x0ab9, 0x0a80, 0x0a45, 0x098a,
  0x094e, 0x015c, 0xf82d, 0xfdaf, 0xfff3, 0x028e, 0x0841, 0x0df2, 0x1065, 0x0a86, 0x0a17, 0x032c, 0xfda1, 0xf9c9, 0xf6d3, 0xf977,
  0xf7c0, 0xf62d, 0xf49c, 0xf546, 0xf56e, 0xf51f, 0xf77b, 0xf65a, 0xf72f, 0xfa5f, 0xf8fe, 0xfa29, 0xfc36, 0xfe33, 0x007a, 0x01d3,
  0x0339, 0x012a, 0x0480, 0x0790, 0x0876, 0x0c25, 0x0c1a, 0x0c3d, 0x0bc6, 0x0aef, 0x0a91, 0x0199, 0xf997, 0xfff5, 0x015d, 0x0497,
  0x0a16, 0x0f83, 0x1084, 0x0a9d, 0x0a35, 0x0223, 0xfca4, 0xf802, 0xf583, 0xf7c3, 0xf59d, 0xf45d, 0xf315, 0xf44a, 0xf466, 0xf4a8,
  0xf77f, 0xf666, 0xf7ce, 0xfa96, 0xf90a, 0xfadd, 0xfcd0, 0xfe90, 0x00a7, 0x0273, 0x0407, 0x0241, 0x060b, 0x08c9, 0x0a93, 0x0e43,
  0x0d79, 0x0d3a, 0x0c5a, 0x0b59, 0x0a19, 0xffc7, 0xf88f, 0xfe9e, 0xff3a, 0x02f0, 0x086f, 0x0e68, 0x0ecd, 0x097a, 0x092e, 0x0126,
  0xfc9d, 0xf797, 0xf577, 0xf788, 0xf569, 0xf46b, 0xf36c, 0xf4cb, 0xf50d, 0xf615, 0xf8e3, 0xf770, 0xf969, 0xfc4b, 0xfaa4, 0xfc5e,
  0xfdc1, 0xff9c, 0x01ab, 0x032a, 0x03c6, 0x017e, 0x0566, 0x0742, 0x08f6, 0x0c51, 0x0b74, 0x0bb0, 0x0afd, 0x0a33, 0x08e3, 0xfe1a,
  0xf7fa, 0xfe8b, 0xff1f, 0x0358, 0x090a, 0x0f66, 0x0eb4, 0x09ef, 0x098b, 0x0106, 0xfcb8, 0xf7ed, 0xf700, 0xf8f4, 0xf701, 0xf632,
  0xf572, 0xf710, 0xf68b, 0xf6d5, 0xf8e9, 0xf6dd, 0xf89a, 0xfa57, 0xf8be, 0xfad0, 0xfc68, 0xfeba, 0x00a9, 0x0295, 0x0365, 0x0197,
  0x05d1, 0x077c, 0x0965, 0x0c6b, 0x0b4e, 0x0b24, 0x0a3f, 0x09b4, 0x0873, 0xfd99, 0xf8b4, 0x0018, 0x013a, 0x05db, 0x0b54, 0x11b5,
  0x1099, 0x0bb2, 0x0a0d, 0x00fe, 0xfc96, 0xf73b, 0xf63f, 0xf766, 0xf59a, 0xf4fd, 0xf446, 0xf5bc, 0xf52f, 0xf647, 0xf868, 0xf62c,
  0xf82c, 0xf9ad, 0xf864, 0xfa83, 0xfb9d, 0xfdcd, 0xffbb, 0x01ff, 0x029d, 0x0162, 0x0650, 0x084c, 0x0abb, 0x0d8b, 0x0c91, 0x0c93,
  0x0bc0, 0x0b11, 0x095e, 0xfe0d, 0xf944, 0x000f, 0x00c2, 0x0575, 0x0ab6, 0x10d8, 0x0f2e, 0x0a59, 0x08a9, 0xffe5, 0xfbb5, 0xf681,
  0xf613, 0xf766, 0xf530, 0xf405, 0xf355, 0xf4cf, 0xf446, 0xf54a, 0xf744, 0xf5d4, 0xf8c0, 0xfa6d, 0xf94a, 0xfbe5, 0xfd9b, 0x0013,
  0x0200, 0x03c0, 0x03b2, 0x029c, 0x06ef, 0x0855, 0x0aac, 0x0ce3, 0x0bd3, 0x0bf6, 0x0b40, 0x0aa5, 0x0908, 0xfdc6, 0xf9ad, 0x0029,
  0x00a0, 0x04de, 0x091d, 0x0f0d, 0x0cf0, 0x08a6, 0x0711, 0xfe77, 0xfab1, 0xf659, 0xf708, 0xf82c, 0xf622, 0xf592, 0xf54a, 0xf68a,
  0xf5d8, 0xf6fc, 0xf8a3, 0xf6e9, 0xf99e, 0xfaae, 0xf9b7, 0xfc37, 0xfda0, 0xfff4, 0x01c6, 0x038e, 0x02f6, 0x0217, 0x0630, 0x0767,
  0x0a1b, 0x0bf6, 0x0ade, 0x0b1b, 0x0a4f, 0x09a6, 0x0775, 0xfc34, 0xf923, 0xffcd, 0x0046, 0x04ec, 0x09f6, 0x1032, 0x0deb, 0x09f9,
  0x0823, 0xffb1, 0xfbc0, 0xf735, 0xf806, 0xf8d5, 0xf6bf, 0xf5a6, 0xf4f8, 0xf65c, 0xf5bc, 0xf6da, 0xf812, 0xf66b, 0xf969, 0xfa30,
  0xf927, 0xfb56, 0xfc97, 0xff08, 0x00a6, 0x0230, 0x0176, 0x013a, 0x05c2, 0x0744, 0x0a81, 0x0cb2, 0x0bfa, 0x0c28, 0x0b34, 0x0a59,
  0x0799, 0xfbe0, 0xf999, 0x0041, 0x00ed, 0x05b7, 0x0ac2, 0x10d9, 0x0dc2, 0x0a92, 0x084a, 0xff83, 0xfb58, 0xf692, 0xf79f, 0xf7aa,
  0xf599, 0xf49b, 0xf411, 0xf5ab, 0xf4e8, 0xf670, 0xf7e4, 0xf67f, 0xf9a2, 0xfa31, 0xf9a7, 0xfc25, 0xfd6c, 0xffbc, 0x013b, 0x02cd,
  0x01eb, 0x0227, 0x0705, 0x08a1, 0x0c20, 0x0e01, 0x0d34, 0x0d30, 0x0c0f, 0x0ac3, 0x06d1, 0xfa83, 0xf9bb, 0x0033, 0x0030, 0x056a,
  0x0a9c, 0x1090, 0x0c96, 0x0977, 0x06e5, 0xfe9a, 0xfae8, 0xf600, 0xf747, 0xf78f, 0xf5c4, 0xf49f, 0xf43c, 0xf591, 0xf4e5, 0xf69e,
  0xf7e6, 0xf6d5, 0xfa5e, 0xfaff, 0xfa9b, 0xfd5d, 0xfeae, 0x00dd, 0x0253, 0x03a6, 0x025e, 0x029e, 0x06d7, 0x07e7, 0x0b16, 0x0c5e,
  0x0b8b, 0x0b98, 0x0a44, 0x099a, 0x057a, 0xf99c, 0xfade, 0x0057, 0x0099, 0x069d, 0x0ba3, 0x10d7, 0x0bec, 0x09da, 0x0647, 0xfdae,
  0xfa75, 0xf5f0, 0xf80d, 0xf833, 0xf6a6, 0xf5d5, 0xf5e6, 0xf701, 0xf59f, 0xf757, 0xf7bd, 0xf678, 0xf9ce, 0xf999, 0xf95e, 0xfbeb,
  0xfd56, 0xffe9, 0x0192, 0x0369, 0x021e, 0x02f8, 0x073a, 0x0842, 0x0be8, 0x0c8d, 0x0b89, 0x0b60, 0x09d4, 0x0936, 0x0435, 0xf8d2,
  0xfbb1, 0x010e, 0x0202, 0x0842, 0x0d84, 0x1267, 0x0cee, 0x0b16, 0x068d, 0xfe5e, 0xfad8, 0xf5fa, 0xf79c, 0xf6e0, 0xf536, 0xf452,
  0xf4a8, 0xf5bd, 0xf4cc, 0xf6f7, 0xf763, 0xf6a5, 0xfa3e, 0xf9db, 0xfa21, 0xfcac, 0xfdc7, 0x0011, 0x0143, 0x02cd, 0x017c, 0x02e3,
  0x0750, 0x0897, 0x0ca1, 0x0d60, 0x0cd6, 0x0cae, 0x0b06, 0x0a99, 0x04d3, 0xf993, 0xfced, 0x0116, 0x01a9, 0x0758, 0x0c52, 0x109d,
  0x0afb, 0x0a0a, 0x055d, 0xfd9c, 0xfa13, 0xf5eb, 0xf817, 0xf701, 0xf561, 0xf412, 0xf410, 0xf4bb, 0xf3d5, 0xf624, 0xf634, 0xf615,
  0xfa1f, 0xf9e0, 0xfad6, 0xfd9e, 0xfefa, 0x0146, 0x0290, 0x0414, 0x0266, 0x03e3, 0x07c6, 0x08d6, 0x0c67, 0x0c74, 0x0bc5, 0x0b97,
  0x0a4d, 0x0a28, 0x03df, 0xf947, 0xfd61, 0x00fd, 0x01c7, 0x0709, 0x0bfe, 0x0fb9, 0x09da, 0x08f3, 0x039c, 0xfc91, 0xf92a, 0xf5d1,
  0xf86e, 0xf76a, 0xf632, 0xf520, 0xf56f, 0xf620, 0xf566, 0xf776, 0xf729, 0xf76b, 0xfb08, 0xfa28, 0xfaf1, 0xfd38, 0xfe84, 0x00e6,
  0x0233, 0x0363, 0x0192, 0x03c3, 0x078d, 0x08aa, 0x0c12, 0x0bd0, 0x0b68, 0x0b0d, 0x0980, 0x0939, 0x0238, 0xf808, 0xfd67, 0x00b6,
  0x0205, 0x0813, 0x0d9f, 0x10c9, 0x0acf, 0x0a5e, 0x0481, 0xfdb7, 0xfa34, 0xf6dc, 0xf925, 0xf7c3, 0xf62f, 0xf4e1, 0xf51c, 0xf55d,
  0xf4b9, 0xf725, 0xf6b4, 0xf71f, 0xfab5, 0xf983, 0xfa94, 0xfcc1, 0xfdca, 0xfffd, 0x0158, 0x0292, 0x0102, 0x03b7, 0x074b, 0x08c4,
  0x0cc0, 0x0c98, 0x0c24, 0x0bd9, 0x0a5d, 0x09fb, 0x021f, 0xf849, 0xfe26, 0x00d3, 0x02a2, 0x08c7, 0x0e0a, 0x1072, 0x0a9a, 0x0a1a,
  0x0376, 0xfceb, 0xf946, 0xf62f, 0xf841, 0xf6b8, 0xf502, 0xf394, 0xf41b, 0xf474, 0xf46f, 0xf72b, 0xf6b5, 0xf767, 0xfae5, 0xf9ea,
  0xfb43, 0xfd38, 0xfe1b, 0x0077, 0x0219, 0x030c, 0x016a, 0x0467, 0x07ed, 0x09a6, 0x0d5d, 0x0d11, 0x0c91, 0x0c34, 0x0a9e, 0x09f2,
  0x01a1, 0xf844, 0xfe72, 0x00b7, 0x02ab, 0x080b, 0x0d4a, 0x0f6d, 0x097e, 0x091d, 0x026e, 0xfc89, 0xf8de, 0xf670, 0xf88b, 0xf69c,
  0xf556, 0xf45f, 0xf4ef, 0xf538, 0xf552, 0xf7d2, 0xf72f, 0xf840, 0xfb4d, 0xfa13, 0xfbc8, 0xfdea, 0xff50, 0x019a, 0x02f6, 0x03c0,
  0x0253, 0x055e, 0x07fa, 0x095c, 0x0c6c, 0x0b96, 0x0b13, 0x0a92, 0x094d, 0x08db, 0x0070, 0xf80d, 0xfed1, 0x00ad, 0x0314, 0x0888,
  0x0de8, 0x0fa0, 0x09d5, 0x0949, 0x0201, 0xfc62, 0xf86a, 0xf64c, 0xf8a7, 0xf71d, 0xf634, 0xf58b, 0xf658, 0xf64c, 0xf651, 0xf8a6,
  0xf773, 0xf825, 0xfa87, 0xf8e5, 0xfa88, 0xfc50, 0xfdc7, 0x0060, 0x0227, 0x0342, 0x0224, 0x056f, 0x0825, 0x09cd, 0x0cb4, 0x0bb1,
  0x0b6a, 0x0ae5, 0x096f, 0x08d6, 0xffcf, 0xf7da, 0xfeeb, 0x00e7, 0x0431, 0x0982, 0x0ec7, 0x1028, 0x0a2c, 0x0991, 0x0224, 0xfc95,
  0xf86d, 0xf670, 0xf864, 0xf61b, 0xf4c9, 0xf432, 0xf503, 0xf51e, 0xf5a5, 0xf7f7, 0xf718, 0xf8aa, 0xfb3d, 0xf9ab, 0xfb6b, 0xfd51,
  0xfef1, 0x015f, 0x02a7, 0x031b, 0x021f, 0x0576, 0x07ec, 0x0a1a, 0x0d30, 0x0c8c, 0x0c6c, 0x0be8, 0x0a57, 0x098a, 0xffff, 0xf906,
  0xfff8, 0x0048, 0x0304, 0x07ad, 0x0d09, 0x0d8b, 0x0845, 0x0862, 0x00db, 0xfc3b, 0xf853, 0xf72b, 0xf938, 0xf6c6, 0xf5a9, 0xf506,
  0xf5d2, 0xf57d, 0xf5c7, 0xf7f9, 0xf703, 0xf909, 0xfb87, 0xfa51, 0xfc8c, 0xfeae, 0x005d, 0x027f, 0x03dc, 0x03df, 0x0291, 0x05d1,
  0x079d, 0x098e, 0x0bcd, 0x0ab9, 0x0aa6, 0x09ea, 0x08df, 0x07e3, 0xfdf9, 0xf8c8, 0xff9f, 0xffd8, 0x0389, 0x0871, 0x0e20, 0x0d4b,
  0x08a3, 0x084d, 0x000e, 0xfbd3, 0xf7af, 0xf779, 0xf964, 0xf734, 0xf64a, 0xf588, 0xf659, 0xf5e3, 0xf6a9, 0xf86d, 0xf727, 0xf96c,
  0xfb6c, 0xfa10, 0xfbfa, 0xfd98, 0xff70, 0x0185, 0x0315, 0x02fb, 0x0218, 0x05e5, 0x07b4, 0x09f9, 0x0c0d, 0x0b12, 0x0b17, 0x0a35,
  0x0922, 0x0729, 0xfbed, 0xf8bf, 0xffeb, 0xffee, 0x04f1, 0x0a02, 0x0fa2, 0x0daa, 0x09b9, 0x08d8, 0x0023, 0xfc72, 0xf7bc, 0xf7b0,
  0xf8fe, 0xf65e, 0xf4e4, 0xf423, 0xf52d, 0xf4a2, 0xf5ff, 0xf7ec, 0xf6fb, 0xfa14, 0xfbb5, 0xfa77, 0xfcdd, 0xfe3a, 0xffd5, 0x01a8,
  0x0346, 0x02b2, 0x01ec, 0x0613, 0x07e9, 0x0ac6, 0x0cdc, 0x0bf7, 0x0bfe, 0x0b08, 0x0a09, 0x0701, 0xfaca, 0xf9c9, 0x0034, 0xff58,
  0x0507, 0x0a32, 0x0f9a, 0x0c19, 0x091f, 0x079a, 0xff03, 0xfc12, 0xf719, 0xf77a, 0xf857, 0xf5ed, 0xf46a, 0xf3fc, 0xf517, 0xf46c,
  0xf671, 0xf82a, 0xf72e, 0xfaa1, 0xfbe3, 0xfaf4, 0xfd9c, 0xfefc, 0x00b2, 0x025b, 0x040f, 0x02e9, 0x024a, 0x0627, 0x073c, 0x0a4d,
  0x0bec, 0x0b2f, 0x0b4f, 0x0a2d, 0x099d, 0x0582, 0xf95b, 0xfa27, 0xffb7, 0xff9f, 0x05e3, 0x0b09, 0x1015, 0x0b80, 0x0939, 0x068e,
  0xfe50, 0xfb89, 0xf6ca, 0xf802, 0xf885, 0xf66c, 0xf513, 0xf521, 0xf624, 0xf578, 0xf77c, 0xf82e, 0xf706, 0xfa3c, 0xfa7f, 0xfa34,
  0xfd3a, 0xfeb8, 0x00e8, 0x0289, 0x0460, 0x02e8, 0x02b0, 0x0676, 0x0733, 0x0a88, 0x0bb3, 0x0adc, 0x0ae4, 0x0988, 0x0919, 0x0408,
  0xf88d, 0xfb87, 0x00a2, 0x0142, 0x07bf, 0x0ccd, 0x116f, 0x0c3e, 0x0a5b, 0x065d, 0xfe43, 0xfb18, 0xf628, 0xf79f, 0xf7a2, 0xf5e5,
  0xf4fb, 0xf5c0, 0xf6a9, 0xf5f8, 0xf812, 0xf819, 0xf6e9, 0xf9f9, 0xf9a3, 0xf9b1, 0xfc91, 0xfdd5, 0x001c, 0x0191, 0x037c, 0x0222,
  0x02d7, 0x06e0, 0x07e6, 0x0bba, 0x0cab, 0x0be9, 0x0bb8, 0x0a2d, 0x09d4, 0x0410, 0xf87b, 0xfbf6, 0x0041, 0x012e, 0x0795, 0x0cfd,
  0x114d, 0x0bc5, 0x0a58, 0x0599, 0xfdfe, 0xfab4, 0xf643, 0xf7e2, 0xf77c, 0xf5d4, 0xf479, 0xf4cf, 0xf543, 0xf4a8, 0xf6f7, 0xf72b,
  0xf6d8, 0xfa55, 0xfa1b, 0xfaae, 0xfda7, 0xff15, 0x014a, 0x027c, 0x03e8, 0x0207, 0x02ec, 0x0689, 0x07ac, 0x0b79, 0x0c2c, 0x0bc3,
  0x0bc8, 0x0a9b, 0x0a62, 0x03ed, 0xf8e2, 0xfd44, 0x00bf, 0x01ee, 0x07ce, 0x0c8f, 0x0fa1, 0x09ba, 0x08b8, 0x0382, 0xfd2c, 0xfa51,
  0xf6c5, 0xf91d, 0xf87c, 0xf6a8, 0xf53f, 0xf582, 0xf575, 0xf4da, 0xf714, 0xf6b3, 0xf6b2, 0xfa4c, 0xf9e6, 0xfae7, 0xfded, 0xffb4,
  0x0206, 0x0365, 0x0498, 0x026c, 0x03fe, 0x0741, 0x085a, 0x0bd6, 0x0bd0, 0x0b3a, 0x0aec, 0x0988, 0x093d, 0x026c, 0xf85c, 0xfd9f,
  0x00be, 0x0269, 0x0823, 0x0d52, 0x0fea, 0x09eb, 0x0946, 0x0349, 0xfd0e, 0xf9d2, 0xf6a1, 0xf8dc, 0xf7dd, 0xf658, 0xf525, 0xf5cc,
  0xf5c0, 0xf579, 0xf7f5, 0xf75b, 0xf7b2, 0xfb11, 0xfa0d, 0xfaf3, 0xfd45, 0xfe79, 0x006d, 0x01af, 0x0317, 0x0145, 0x0379, 0x06dd,
  0x0882, 0x0c4d, 0x0c37, 0x0ba2, 0x0b4c, 0x09a4, 0x0917, 0x0146, 0xf73b, 0xfce7, 0xff7e, 0x01ed, 0x0814, 0x0e0b, 0x1079, 0x0ad2,
  0x0aa0, 0x044d, 0xfe46, 0xfa6d, 0xf747, 0xf913, 0xf77b, 0xf59d, 0xf41d, 0xf4ac, 0xf485, 0xf4a8, 0xf796, 0xf6ec, 0xf7bf, 0xfb24,
  0xfa16, 0xfb53, 0xfd74, 0xfec9, 0x00bf, 0x0209, 0x02d7, 0x00d4, 0x037c, 0x06ca, 0x08da, 0x0cca, 0x0cdc, 0x0c79, 0x0c22, 0x0a92,
  0x09b7, 0x0122, 0xf78b, 0xfd73, 0xffbe, 0x027c, 0x0840, 0x0dfd, 0x0fe4, 0x0a54, 0x0a34, 0x038f, 0xfd9f, 0xf993, 0xf6f6, 0xf89c,
  0xf6e2, 0xf565, 0xf41d, 0xf4b7, 0xf493, 0xf4a8, 0xf721, 0xf671, 0xf772, 0xfab0, 0xf9fa, 0xfbbe, 0xfe0a, 0xffa1, 0x0181, 0x02ee,
  0x03cd, 0x01ef, 0x04c1, 0x0777, 0x096a, 0x0cde, 0x0c52, 0x0bb7, 0x0b17, 0x09c2, 0x0916, 0x0026, 0xf764, 0xfdd2, 0xffe4, 0x02e6,
  0x08af, 0x0ea8, 0x1016, 0x0a51, 0x0958, 0x01ee, 0xfc44, 0xf7f6, 0xf5e5, 0xf80b, 0xf6cb, 0xf5bb, 0xf4e3, 0xf5d4, 0xf592, 0xf5c2,
  0xf7d1, 0xf6b1, 0xf7d3, 0xfa95, 0xf975, 0xfaf8, 0xfd2a, 0xff03, 0x0124, 0x031d, 0x03db, 0x0229, 0x0561, 0x07a7, 0x09b2, 0x0cd2,
  0x0bff, 0x0b6f, 0x0a9c, 0x08f7, 0x07d3, 0xfebd, 0xf6a5, 0xfdaa, 0x0068, 0x03f4, 0x0999, 0x0f6a, 0x1074, 0x0a63, 0x0955, 0x0246,
  0xfc8e, 0xf819, 0xf666, 0xf848, 0xf69e, 0xf568, 0xf4bb, 0xf5b4, 0xf5bc, 0xf643, 0xf839, 0xf738, 0xf8b5, 0xfb2f, 0xf9ce, 0xfb76,
  0xfdbe, 0xff82, 0x0140, 0x02a8, 0x030b, 0x01a9, 0x04fa, 0x0735, 0x09b9, 0x0ce7, 0x0c63, 0x0c24, 0x0b3f, 0x09b8, 0x0877, 0xff67,
  0xf813, 0xfe89, 0x000e, 0x0394, 0x0885, 0x0dd6, 0x0ec6, 0x0984, 0x08df, 0x01ad, 0xfc9f, 0xf855, 0xf709, 0xf8cc, 0xf6d4, 0xf5b3,
  0xf4de, 0xf57d, 0xf53f, 0xf5d0, 0xf7a9, 0xf69a, 0xf88c, 0xfb28, 0xfa4a, 0xfc7a, 0xfeab, 0x009f, 0x0265, 0x03b7, 0x03a6, 0x023b,
  0x056f, 0x0724, 0x0978, 0x0beb, 0x0b17, 0x0afb, 0x0a67, 0x0922, 0x07fc, 0xfec9, 0xf89a, 0xff26, 0x0004, 0x03b1, 0x08d9, 0x0e66,
  0x0df6, 0x08c6, 0x0829, 0x0087, 0xfbc3, 0xf785, 0xf72a, 0xf8ff, 0xf72e, 0xf647, 0xf57e, 0xf682, 0xf608, 0xf69b, 0xf815, 0xf6e1,
  0xf8fe, 0xfb33, 0xfa10, 0xfbc8, 0xfde7, 0x0003, 0x01d8, 0x035f, 0x0331, 0x0215, 0x05db, 0x07a2, 0x0a32, 0x0c53, 0x0b63, 0x0b1d,
  0x0a39, 0x08e6, 0x0735, 0xfd16, 0xf838, 0xff74, 0x0052, 0x04cc, 0x09ee, 0x0fac, 0x0e6c, 0x09a2, 0x08d0, 0x00e8, 0xfc8d, 0xf7ec,
  0xf791, 0xf8ac, 0xf677, 0xf54c, 0xf485, 0xf595, 0xf504, 0xf630, 0xf809, 0xf713, 0xf9b4, 0xfba8, 0xfa96, 0xfca9, 0xfe5c, 0x000a,
  0x0169, 0x02df, 0x027a, 0x0195, 0x059f, 0x0775, 0x0ac0, 0x0ce9, 0x0c11, 0x0c11, 0x0b2c, 0x0a0d, 0x07ac, 0xfc83, 0xf922, 0xffc4,
  0xffa5, 0x0471, 0x0987, 0x0fb1, 0x0d78, 0x092b, 0x081e, 0x0041, 0xfc50, 0xf736, 0xf76b, 0xf843, 0xf604, 0xf493, 0xf3b4, 0xf49d,
  0xf422, 0xf5e0, 0xf774, 0xf6a4, 0xf9bd, 0xfb8f, 0xfabe, 0xfd19, 0xfec5, 0x009d, 0x022e, 0x03c2, 0x02f0, 0x0231, 0x061c, 0x0769,
  0x0ade, 0x0cd6, 0x0c15, 0x0c35, 0x0af5, 0x09e3, 0x070e, 0xfb6c, 0xf909, 0xff51, 0xffab, 0x0545, 0x09e3, 0x0fa0, 0x0caf, 0x08a9,
  0x06f4, 0xff08, 0xfb86, 0xf697, 0xf770, 0xf813, 0xf5ed, 0xf51d, 0xf4de, 0xf5da, 0xf56a, 0xf72c, 0xf821, 0xf720, 0xfa23, 0xfb23,
  0xfa7b, 0xfd32, 0xfed0, 0x00ce, 0x0270, 0x03f9, 0x02e9, 0x0259, 0x064b, 0x0768, 0x0b19, 0x0caa, 0x0b98, 0x0b52, 0x0a05, 0x0939,
  0x05cf, 0xfa36, 0xf985, 0x001a, 0x005a, 0x05e0, 0x0aab, 0x104f, 0x0cab, 0x0924, 0x070a, 0xff00, 0xfb5d, 0xf675, 0xf76c, 0xf7e1,
  0xf640, 0xf5ad, 0xf57d, 0xf66a, 0xf5e9, 0xf795, 0xf803, 0xf6c2, 0xf9a8, 0xfa3a, 0xf9ba, 0xfc35, 0xfdae, 0x0002, 0x019c, 0x0348,
  0x0289, 0x02e5, 0x0710, 0x0830, 0x0bcb, 0x0cec, 0x0be5, 0x0b82, 0x09f9, 0x0933, 0x0585, 0xfa3e, 0xfa53, 0xffd6, 0x0061, 0x062c,
  0x0af6, 0x1045, 0x0c37, 0x096e, 0x0693, 0xfe89, 0xfacd, 0xf616, 0xf77d, 0xf748, 0xf583, 0xf4c3, 0xf4a4, 0xf58e, 0xf527, 0xf727,
  0xf7ce, 0xf720, 0xfa3a, 0xfa8f, 0xfa6b, 0xfce7, 0xfe38, 0x00bf, 0x0283, 0x042f, 0x0324, 0x03bc, 0x0763, 0x082b, 0x0bd8, 0x0cc8,
  0x0be9, 0x0b97, 0x0a41, 0x09a1, 0x0572, 0xfa05, 0xfb0c, 0xffdb, 0x0020, 0x0577, 0x0a26, 0x0f18, 0x0a7f, 0x0892, 0x0587, 0xfe4c,
  0xfb18, 0xf6b9, 0xf88e, 0xf815, 0xf63f, 0xf563, 0xf531, 0xf5c6, 0xf53c, 0xf761, 0xf7c3, 0xf720, 0xfa54, 0xfa79, 0xfac5, 0xfd72,
  0xff29, 0x0203, 0x03c0, 0x0543, 0x0387, 0x041e, 0x076e, 0x07f4, 0x0b1e, 0x0b4b, 0x0a85, 0x0aad, 0x098d, 0x08fa, 0x046d, 0xf95d,
  0xfbc0, 0xffe2, 0x006c, 0x0652, 0x0b3c, 0x0f98, 0x0a64, 0x0922, 0x052a, 0xfdcf, 0xfa79, 0xf649, 0xf863, 0xf7dc, 0xf641, 0xf555,
  0xf597, 0xf615, 0xf587, 0xf7ca, 0xf7e6, 0xf77c, 0xfa9a, 0xfa49, 0xfaa1, 0xfd17, 0xfec9, 0x01a8, 0x0334, 0x0496, 0x02ea, 0x041c,
  0x0728, 0x07fc, 0x0b84, 0x0bc6, 0x0b36, 0x0b25, 0x09c0, 0x08f3, 0x0344, 0xf815, 0xfb6c, 0xff4a, 0x00d4, 0x06f5, 0x0c2a, 0x106e,
  0x0b02, 0x0a10, 0x0539, 0xfe3c, 0xfad0, 0xf6a7, 0xf891, 0xf73e, 0xf59d, 0xf4a6, 0xf4cb, 0xf52d, 0xf4ed, 0xf78b, 0xf786, 0xf78b,
  0xfaf5, 0xfa90, 0xfb53, 0xfdde, 0xff4f, 0x01a6, 0x030e, 0x041b, 0x01de, 0x036b, 0x0695, 0x0822, 0x0c35, 0x0c73, 0x0c2e, 0x0c16,
  0x0ab2, 0x09c9, 0x0300, 0xf841, 0xfce1, 0xffe3, 0x017d, 0x07af, 0x0d18, 0x1090, 0x0a78, 0x09c3, 0x0454, 0xfde5, 0xfa5a, 0xf662,
  0xf87d, 0xf709, 0xf56b, 0xf452, 0xf4a1, 0xf4c5, 0xf463, 0xf6ea, 0xf6af, 0xf724, 0xfab3, 0xfa55, 0xfb57, 0xfde3, 0xffbc, 0x0216,
  0x0363, 0x043b, 0x0228, 0x043e, 0x0723, 0x0886, 0x0c5b, 0x0c67, 0x0c0d, 0x0ba1, 0x0a2d, 0x0962, 0x01fb, 0xf7b3, 0xfcfa, 0xffaf,
  0x0246, 0x087c, 0x0d2b, 0x100d, 0x09b3, 0x08b8, 0x028e, 0xfc69, 0xf8f6, 0xf599, 0xf82d, 0xf692, 0xf530, 0xf4a9, 0xf525, 0xf547,
  0xf56e, 0xf808, 0xf773, 0xf811, 0xfb2f, 0xfa2b, 0xfba3, 0xfe21, 0xff9f, 0x021c, 0x03aa, 0x048d, 0x02a2, 0x04db, 0x0747, 0x08da,
  0x0c79, 0x0c14, 0x0b7c, 0x0adc, 0x0933, 0x0826, 0x003b, 0xf721, 0xfd48, 0xff68, 0x0220, 0x0807, 0x0d35, 0x0f8e, 0x0960, 0x08fd,
  0x0298, 0xfd04, 0xf930, 0xf608, 0xf875, 0xf6ba, 0xf59a, 0xf511, 0xf62c, 0xf69c, 0xf6dc, 0xf955, 0xf818, 0xf8a6, 0xfb5c, 0xfa3b,
  0xfba0, 0xfdb5, 0xff76, 0x01ee, 0x0356, 0x03c0, 0x01bb, 0x047a, 0x06df, 0x0896, 0x0bf9, 0x0b95, 0x0b3b, 0x0a5a, 0x08c5, 0x07f7,
  0x0011, 0xf7e2, 0xfdae, 0xff2c, 0x021a, 0x07ec, 0x0dda, 0x0f6f, 0x09cd, 0x09c6, 0x02e6, 0xfd51, 0xf924, 0xf6d3, 0xf8bc, 0xf6cf,
  0xf610, 0xf531, 0xf629, 0xf628, 0xf5eb, 0xf7f8, 0xf6fa, 0xf81c, 0xfa69, 0xf99a, 0xfb97, 0xfdc3, 0xffd7, 0x01ff, 0x0355, 0x03ce,
  0x01ee, 0x0490, 0x06a1, 0x08d0, 0x0c01, 0x0b90, 0x0b82, 0x0b0a, 0x09ec, 0x08e9, 0xffce, 0xf860, 0xfe7f, 0xff6e, 0x031d, 0x08aa,
  0x0e14, 0x0ea1, 0x08d8, 0x080c, 0x0098, 0xfc0c, 0xf808, 0xf65e, 0xf8c4, 0xf700, 0xf61e, 0xf525, 0xf5a4, 0xf52a, 0xf592, 0xf7c6,
  0xf67c, 0xf824, 0xfac8, 0xfa3c, 0xfcb7, 0xfeda, 0x0117, 0x0381, 0x0502, 0x04ef, 0x02ef, 0x05e9, 0x07b2, 0x09e9, 0x0ca2, 0x0baa,
  0x0b68, 0x0a93, 0x08c2, 0x0722, 0xfd06, 0xf78e, 0xfec4, 0xff22, 0x03b0, 0x08d7, 0x0e77, 0x0dba, 0x0815, 0x07a8, 0xffc6, 0xfc19,
  0xf7ee, 0xf6ee, 0xf956, 0xf73a, 0xf620, 0xf557, 0xf675, 0xf5e9, 0xf685, 0xf8bb, 0xf77f, 0xf9e4, 0xfc38, 0xfb24, 0xfd5d, 0xff0d,
  0x00e6, 0x028c, 0x0380, 0x030d, 0x0179, 0x04fa, 0x069c, 0x0974, 0x0c48, 0x0b54, 0x0b22, 0x0a0c, 0x08a5, 0x06b5, 0xfbd2, 0xf7ac,
  0xfeea, 0xff18, 0x03dc, 0x095a, 0x0f81, 0x0dd5, 0x0916, 0x08a5, 0x00c0, 0xfd63, 0xf8fd, 0xf849, 0xf9a6, 0xf75e, 0xf601, 0xf4f9,
  0xf5b6, 0xf497, 0xf598, 0xf7d6, 0xf6c0, 0xf929, 0xfb12, 0xfa6d, 0xfcdc, 0xfe71, 0x0054, 0x0203, 0x0363, 0x0297, 0x0133, 0x04ef,
  0x068f, 0x09d0, 0x0c73, 0x0bfd, 0x0c28, 0x0b23, 0x09f0, 0x0755, 0xfbf4, 0xf95a, 0x001e, 0x0017, 0x0565, 0x0a6f, 0x100f, 0x0d1f,
  0x08ef, 0x07cb, 0xffa8, 0xfc71, 0xf782, 0xf79d, 0xf8ad, 0xf65a, 0xf533, 0xf467, 0xf5a1, 0xf4d7, 0xf611, 0xf7b4, 0xf66a, 0xf957,
  0xfac2, 0xfa52, 0xfd23, 0xfeda, 0x0153, 0x0311, 0x047e, 0x03a3, 0x02b1, 0x06b7, 0x07e1, 0x0b29, 0x0d5d, 0x0c8f, 0x0c37, 0x0a42,
  0x090c, 0x05ed, 0xfa64, 0xf8da, 0xff2e, 0xff87, 0x0512, 0x09fc, 0x0fd6, 0x0c84, 0x08f3, 0x06ea, 0xfe85, 0xfb72, 0xf6af, 0xf748,
  0xf7ed, 0xf600, 0xf57f, 0xf564, 0xf6be, 0xf5d5, 0xf745, 0xf8c6, 0xf785, 0xfa4d, 0xfb0e, 0xfad2, 0xfd6a, 0xfe94, 0x00d2, 0x0283,
  0x0407, 0x0301, 0x0242, 0x060e, 0x074c, 0x0abd, 0x0c69, 0x0b50, 0x0b15, 0x0959, 0x0826, 0x049c, 0xf949, 0xf931, 0xff17, 0xff7a,
  0x05a7, 0x0b23, 0x10df, 0x0cd7, 0x0980, 0x070f, 0xff43, 0xfc4d, 0xf757, 0xf815, 0xf887, 0xf6d0, 0xf601, 0xf576, 0xf672, 0xf58a,
  0xf72d, 0xf829, 0xf6d1, 0xf9da, 0xfa33, 0xf9e2, 0xfc8c, 0xfdf9, 0x008b, 0x0232, 0x0385, 0x0224, 0x0232, 0x061f, 0x072c, 0x0abb,
  0x0c57, 0x0bab, 0x0b77, 0x09e6, 0x08ec, 0x0517, 0xf9db, 0xfaf2, 0x0086, 0x00ff, 0x0700, 0x0c2d, 0x10dd, 0x0be0, 0x0965, 0x063a,
  0xfe6c, 0xfb7b, 0xf704, 0xf868, 0xf84d, 0xf678, 0xf584, 0xf52c, 0xf5f3, 0xf4a0, 0xf63f, 0xf707, 0xf62e, 0xf940, 0xf99f, 0xfa37,
  0xfd19, 0xfed0, 0x015d, 0x02e8, 0x045e, 0x02e3, 0x0351, 0x06db, 0x07d6, 0x0b61, 0x0c51, 0x0b77, 0x0b2a, 0x09ad, 0x08e8, 0x04b2,
  0xf99c, 0xfb93, 0x00ab, 0x00fa, 0x0685, 0x0bd7, 0x107c, 0x0aee, 0x086f, 0x0489, 0xfd46, 0xfa96, 0xf66f, 0xf835, 0xf844, 0xf6d2,
  0xf5dd, 0xf57b, 0xf5d3, 0xf4a0, 0xf6b6, 0xf744, 0xf695, 0xfa08, 0xfa46, 0xfad8, 0xfd33, 0xfeb9, 0x0144, 0x02fe, 0x0444, 0x0276,
  0x0361, 0x06c7, 0x07bf, 0x0b42, 0x0c02, 0x0b58, 0x0b0c, 0x096d, 0x088e, 0x0446, 0xf938, 0xfae0, 0xffea, 0x00a0, 0x0681, 0x0bef,
  0x106c, 0x0b59, 0x09a0, 0x0646, 0xfe9e, 0xfb97, 0xf7cc, 0xf902, 0xf82d, 0xf66b, 0xf56c, 0xf51a, 0xf5aa, 0xf49d, 0xf69d, 0xf76c,
  0xf6f6, 0xfa23, 0xfa35, 0xfa9d, 0xfd39, 0xfec3, 0x0105, 0x0213, 0x02e7, 0xfb5d, 0xf702, 0x0310, 0x06b2, 0x0c4a, 0x161f, 0x1c24,
  0x1b96, 0x1382, 0x113d, 0x0858, 0x00d4, 0xff82, 0xfbe8, 0xff42, 0x00c7, 0xfe91, 0xfc29, 0xfbd3, 0xfc2e, 0xf89c, 0xf9ef, 0xf6df,
  0xf515, 0xf946, 0xf55f, 0xf430, 0xf69a, 0xf834, 0xf97c, 0xfc01, 0xffe1, 0xfc2e, 0xf583, 0xfc45, 0x00d9, 0x0206, 0x09fb, 0x12a1,
  0x1751, 0x11e8, 0x0eed, 0x0838, 0x028f, 0x03e6, 0x0431, 0x0773, 0x095f, 0x092f, 0x05b8, 0x02c8, 0xffce, 0xfa0a, 0xf6de, 0xf3bf,
  0xf26c, 0xf4d1, 0xf50d, 0xf510, 0xf772, 0xfa18, 0xfc01, 0xfec0, 0x002b, 0xfe19, 0xf879, 0xf545, 0xfb62, 0xfcc5, 0x0074, 0x0a23,
  0x1257, 0x1390, 0x0f7b, 0x0db4, 0x06cc, 0x038f, 0x027a, 0x00dc, 0x0208, 0x0416, 0x03bd, 0x01a2, 0x0023, 0xfb53, 0xf95f, 0xfaa9,
  0xfca9, 0xff1e, 0xfffc, 0xffc3, 0xff13, 0x00f5, 0xfe79, 0xfcc4, 0xfd26, 0xfbd5, 0xfb1c, 0xf4a8, 0xf252, 0xfa6a, 0xfd12, 0x02ea,
  0x0e13, 0x15e7, 0x13cf, 0x0c3f, 0x08b3, 0x01a8, 0xfd89, 0xfc63, 0xfb6e, 0xfe80, 0x003c, 0xff07, 0xfe1a, 0xfd7f, 0xfbdf, 0xfb07,
  0xfc5a, 0xfd59, 0xfcf1, 0xfe65, 0xfe33, 0xffbc, 0x0024, 0xfc1a, 0xff2a, 0x013e, 0x0357, 0x02cf, 0xf801, 0xfaa6, 0x02ef, 0x032a,
  0x07d8, 0x0f59, 0x1354, 0x0c6c, 0x0862, 0x0620, 0xfe66, 0xfd63, 0xfc45, 0xfc4a, 0x0052, 0x01b2, 0xffc4, 0xfcdc, 0xfc62, 0xfa37,
  0xf84b, 0xf86d, 0xf7d8, 0xf87a, 0xfa02, 0xf9b9, 0xfc27, 0xfc3d, 0xfc98, 0x00a7, 0x0209, 0x03c0, 0xfde2, 0xf568, 0xfcc6, 0x0309,
  0x0352, 0x0a66, 0x150b, 0x1772, 0x1236, 0x113a, 0x0ae5, 0x033d, 0x01c8, 0xfff8, 0xfef5, 0x00f3, 0xff63, 0xfc0e, 0xfc13, 0xfaf2,
  0xf719, 0xf607, 0xf713, 0xf697, 0xf8d0, 0xfbb5, 0xfbdb, 0xfccc, 0xfbe4, 0xfd9b, 0xfe9d, 0xfdfd, 0xfe4c, 0xf589, 0xf149, 0xfb06,
  0xfd09, 0x00e3, 0x0bf4, 0x14f3, 0x15c1, 0x1192, 0x10c5, 0x0835, 0x03a1, 0x03f1, 0x00bf, 0x0164, 0x032c, 0x016c, 0x0141, 0x01b3,
  0xfdcb, 0xfaf8, 0xfb76, 0xfbfa, 0xfaf5, 0xfbf7, 0xfac7, 0xf95c, 0xfbe3, 0xfa83, 0xfbcb, 0xfd4f, 0xfed7, 0xfd9b, 0xf33f, 0xf658,
  0xff05, 0xfe88, 0x05cd, 0x0f85, 0x144d, 0x0eec, 0x0bb0, 0x088d, 0xfec5, 0xfdd9, 0xfcf1, 0xfc03, 0xffc6, 0x0126, 0x00e8, 0x010e,
  0x0094, 0xfe1b, 0xfcb3, 0xfd72, 0xfbf5, 0xfaca, 0xfc9c, 0xfaaf, 0xfd83, 0xff76, 0xfe4c, 0x01b2, 0x0302, 0x04a9, 0xfef9, 0xf587,
  0xf982, 0xfd82, 0xfea4, 0x06e2, 0x0ede, 0x119e, 0x0cdf, 0x0bb2, 0x0674, 0x00a7, 0x0102, 0xfe7c, 0xff84, 0x020e, 0x0053, 0xfcc3,
  0xfc4a, 0xfb09, 0xf7d0, 0xf731, 0xf7f9, 0xf7c5, 0xf8f6, 0xfa1e, 0xf971, 0xfd72, 0xfd9a, 0xfe5a, 0x01fd, 0x037a, 0x030e, 0xfb0e,
  0xf4d0, 0xfc0a, 0x00c4, 0x047d, 0x0d20, 0x163a, 0x1834, 0x12a8, 0x10e7, 0x0953, 0x02fe, 0x00c7, 0xff40, 0xffcc, 0x0071, 0xff0b,
  0xfcb3, 0xfcc2, 0xfb9a, 0xf9dd, 0xf973, 0xf9b8, 0xf947, 0xfa85, 0xf955, 0xf72d, 0xf8f9, 0xf752, 0xf899, 0xfba0, 0xfcae, 0xfc65,
  0xf5a9, 0xf48a, 0xfd8b, 0xffd3, 0x0535, 0x0e89, 0x1750, 0x1670, 0x1104, 0x0fdb, 0x083a, 0x04b3, 0x0411, 0x02e4, 0x0384, 0x0427,
  0x031a, 0x015b, 0x0148, 0xff55, 0xfb7a, 0xfae0, 0xfb24, 0xf9ee, 0xfabd, 0xf826, 0xf82e, 0xf947, 0xf89a, 0xfbc5, 0xfc62, 0xfd5d,
  0xfbba, 0xf2e9, 0xf42f, 0xfa4c, 0xfb0f, 0x024a, 0x0b9d, 0x12cf, 0x0ee7, 0x0d07, 0x0b6c, 0x03d0, 0x0256, 0x0128, 0x00ea, 0x0292,
  0x0484, 0x038d, 0x0209, 0x028e, 0x006f, 0xfe4b, 0xff99, 0xff0f, 0xfe54, 0xfe79, 0xfc23, 0xfd55, 0xfccf, 0xfc5e, 0xfd56, 0xfd65,
  0xff8d, 0xfac2, 0xf1fe, 0xf73b, 0xfbca, 0xfd09, 0x05a0, 0x0f0a, 0x1188, 0x0c1b, 0x0cd8, 0x078f, 0x0014, 0xfe30, 0xfc41, 0xfc7a,
  0xfe32, 0xff7c, 0xfe04, 0xfecf, 0xffa9, 0xfd1a, 0xfcec, 0xfdca, 0xfce5, 0xfd86, 0xfe11, 0xfd42, 0xfe62, 0xfdf3, 0xfeed, 0x011a,
  0x0324, 0x0382, 0xfb7c, 0xf5cc, 0xfe06, 0xffe5, 0x0333, 0x0c7d, 0x1310, 0x1211, 0x0db7, 0x0d17, 0x04a5, 0xff1a, 0xfde2, 0xfc05,
  0xfd69, 0x0009, 0xfea2, 0xfce4, 0xff0f, 0xfe4b, 0xfab6, 0xf981, 0xf95c, 0xf840, 0xf901, 0xf820, 0xf782, 0xf9e3, 0xfa2e, 0xfc2b,
  0xfec2, 0x006c, 0x0057, 0xf7f4, 0xf803, 0x0128, 0x015d, 0x0790, 0x108a, 0x16da, 0x14a8, 0x1195, 0x0f44, 0x0625, 0x03a8, 0x020f,
  0x0098, 0x01fe, 0x0228, 0xffde, 0xff9c, 0x00f7, 0xfd83, 0xfa00, 0xf99e, 0xf867, 0xf767, 0xf889, 0xf609, 0xf6c9, 0xf972, 0xf93a,
  0xfb08, 0xfbf5, 0xfd70, 0xfa3b, 0xf0f5, 0xf535, 0xfc1e, 0xfddc, 0x06dd, 0x102e, 0x157f, 0x11e9, 0x1049, 0x0cbd, 0x0653, 0x05a1,
  0x03a8, 0x0319, 0x04ec, 0x0500, 0x033e, 0x02d3, 0x02b4, 0xff06, 0xfd1a, 0xfc60, 0xfa7c, 0xfa41, 0xf935, 0xf676, 0xf8f0, 0xf96c,
  0xf93e, 0xfbb3, 0xfc32, 0xfda5, 0xf912, 0xf260, 0xf841, 0xfc62, 0xffe1, 0x088c, 0x1051, 0x11ae, 0x0d48, 0x0d20, 0x073e, 0x0108,
  0x0069, 0x0005, 0x014c, 0x0354, 0x032e, 0x0188, 0x0222, 0x0190, 0xff49, 0xfdf6, 0xfc9a, 0xfbf9, 0xfc0d, 0xfb65, 0xfa9c, 0xfcc0,
  0xfce0, 0xfde7, 0x0029, 0x001b, 0x0026, 0xf75e, 0xf1d8, 0xfa4c, 0xfcfa, 0x01f8, 0x09e2, 0x10cd, 0x104a, 0x0b98, 0x0bfc, 0x04e8,
  0x00d4, 0x0139, 0x00b4, 0x01c7, 0x0137, 0xff01, 0xfd77, 0xfdc5, 0xfc41, 0xf938, 0xf8a9, 0xf95d, 0xf9e7, 0xfadb, 0xf9c7, 0xfa80,
  0xfcf5, 0xfd19, 0x0048, 0x01fe, 0x020b, 0x0126, 0xf743, 0xf6dc, 0xffa7, 0x0082, 0x0695, 0x0fd4, 0x1641, 0x1233, 0x0f27, 0x0c90,
  0x0320, 0x0126, 0x0139, 0x001c, 0x00d2, 0x0180, 0xff03, 0xfd0f, 0xfe8a, 0xfb76, 0xf842, 0xf8aa, 0xf8ad, 0xf85a, 0xf800, 0xf5aa,
  0xf6bb, 0xf979, 0xfa22, 0xfcbe, 0xfdeb, 0xffa7, 0xfd35, 0xf4a9, 0xf942, 0xfead, 0x0081, 0x0925, 0x12dc, 0x1719, 0x1217, 0x11f1,
  0x0d95, 0x06f1, 0x069d, 0x04f7, 0x0463, 0x054d, 0x0491, 0x0056, 0xff10, 0xfe48, 0xf977, 0xf812, 0xf8b7, 0xf824, 0xf7c5, 0xf70c,
  0xf54b, 0xf7de, 0xf988, 0xfa09, 0xfc70, 0xfdda, 0xff53, 0xf8db, 0xf0e1, 0xf7ba, 0xfbfe, 0xffd1, 0x09a1, 0x1206, 0x1394, 0x0f4f,
  0x104d, 0x0a5f, 0x052a, 0x05cb, 0x042c, 0x04fe, 0x06fc, 0x055f, 0x01c1, 0x0226, 0x00bd, 0xfcbc, 0xfc28, 0xfafc, 0xf930, 0xf98f,
  0xf8b2, 0xf743, 0xf9a2, 0xf8e7, 0xf9b3, 0xfc63, 0xfdc7, 0xfe57, 0xf5f9, 0xf2ff, 0xfb2a, 0xfcfd, 0x0264, 0x0aed, 0x125e, 0x11dd,
  0x0ec8, 0x0e0c, 0x0586, 0x0199, 0x0111, 0x0034, 0x016a, 0x0274, 0x011e, 0xff38, 0x00de, 0xfebd, 0xfb6c, 0xfb33, 0xfad3, 0xfb01,
  0xfc28, 0xfaad, 0xfa32, 0xfc75, 0xfc50, 0xfeef, 0x0097, 0x0133, 0xff84, 0xf5f2, 0xf6e5, 0xfd2f, 0xfdf9, 0x0441, 0x0ccf, 0x133b,
  0x10e6, 0x0fad, 0x0c86, 0x047f, 0x0294, 0x01b5, 0x00a2, 0x00f0, 0x0160, 0xff8d, 0xfe8f, 0xfeac, 0xfa26, 0xf73b, 0xf733, 0xf74f,
  0xf7e8, 0xf7ff, 0xf6d7, 0xf8d7, 0xfb18, 0xfbdc, 0xff36, 0x00cb, 0x030d, 0x000c, 0xf70f, 0xfc78, 0x0125, 0x01f2, 0x09f6, 0x1303,
  0x1718, 0x11dc, 0x1126, 0x0c10, 0x04e7, 0x03ef, 0x0170, 0xffe8, 0x00b7, 0x00dc, 0xfee6, 0xfe1d, 0xfd67, 0xf9b5, 0xf865, 0xf870,
  0xf7d5, 0xf7f4, 0xf766, 0xf703, 0xf96f, 0xf9a6, 0xfa46, 0xfbee, 0xfcca, 0xfe78, 0xf88a, 0xf211, 0xf930, 0xfc95, 0x007a, 0x0a58,
  0x13ce, 0x15d6, 0x127b, 0x1348, 0x0c7b, 0x0681, 0x04b6, 0x01e5, 0x01e6, 0x03f8, 0x03c2, 0x0186, 0x026a, 0x00ce, 0xfc86, 0xfb24,
  0xf9aa, 0xf846, 0xf8c2, 0xf815, 0xf842, 0xfa99, 0xf9c3, 0xfb27, 0xfca6, 0xfda8, 0xfe03, 0xf567, 0xf2c4, 0xfae8, 0xfc9d, 0x0144,
  0x09f0, 0x1130, 0x1010, 0x0e46, 0x0d50, 0x04e7, 0x01e5, 0x0134, 0x000d, 0x013f, 0x030c, 0x0287, 0x01f0, 0x03dc, 0x0114, 0xfd55,
  0xfc61, 0xfb5f, 0xfad9, 0xfc0b, 0xfb8e, 0xfca3, 0xfeb0, 0xfdd4, 0xff3f, 0xff66, 0xff94, 0xfc2f, 0xf1bc, 0xf424, 0xfbbe, 0xfcb3,
  0x03db, 0x0d61, 0x139f, 0x1045, 0x0e9e, 0x0ab6, 0x025a, 0x014a, 0xff9d, 0xfdac, 0xfee1, 0xffd4, 0xfe97, 0xfeef, 0xffd6, 0xfbe5,
  0xf9e7, 0xfa14, 0xf9c5, 0xfadc, 0xfc39, 0xfb81, 0xfdb4, 0xff36, 0xfef0, 0x000e, 0xff7a, 0x00cb, 0xfc0c, 0xf3d6, 0xfa6e, 0xff58,
  0x0157, 0x09f6, 0x131a, 0x15b8, 0x104c, 0x0f57, 0x08ab, 0x0192, 0x00ea, 0xfe5e, 0xfdf4, 0x0004, 0x010e, 0xff73, 0xff91, 0xfeda,
  0xf994, 0xf827, 0xf751, 0xf67a, 0xf7a7, 0xf854, 0xf898, 0xfbac, 0xfc35, 0xfbfa, 0xfd2e, 0xfdcb, 0xfeec, 0xf793, 0xf33b, 0xfb71,
  0xfe2b, 0x035a, 0x0d14, 0x1548, 0x14c4, 0x1180, 0x1184, 0x0a16, 0x0614, 0x04f0, 0x0277, 0x023e, 0x033c, 0x0240, 0xff31, 0xff41,
  0xfcce, 0xf946, 0xf96f, 0xf8b6, 0xf975, 0xfb23, 0xfb8b, 0xfc4e, 0xfda3, 0xfba0, 0xfb36, 0xfbc8, 0xfbf7, 0xfac2, 0xf1d5, 0xf226,
  0xfa7f, 0xfc22, 0x0285, 0x0b66, 0x1276, 0x102b, 0x0ec9, 0x0d46, 0x053a, 0x02d0, 0x0159, 0x0060, 0x01c8, 0x031f, 0x0234, 0x01bd,
  0x037f, 0x0138, 0xfeb7, 0xfe22, 0xfd77, 0xfe26, 0xff17, 0xfd8c, 0xfd66, 0xfd55, 0xfbc6, 0xfce0, 0xfd51, 0xfe41, 0xfbaf, 0xf31b,
  0xf790, 0xfd41, 0xfde3, 0x04c5, 0x0c72, 0x10a6, 0x0bc5, 0x0b1b, 0x06b3, 0xffa8, 0xfec5, 0xfce0, 0xfc41, 0xfd1d, 0xfe0e, 0xfd71,
  0xfea6, 0x005e, 0xfd5d, 0xfbef, 0xfc6e, 0xfd49, 0xfee1, 0xffba, 0xff1d, 0x013a, 0x0160, 0x0109, 0x0222, 0x01e5, 0x033b, 0xfcb8,
  0xf56a, 0xfd22, 0xff99, 0x00ba, 0x08c7, 0x1132, 0x1263, 0x0d72, 0x0d90, 0x063f, 0x00ba, 0xff7f, 0xfbc3, 0xfa98, 0xfb88, 0xfbe9,
  0xfa3d, 0xfb7e, 0xfb13, 0xf7c2, 0xf834, 0xf87c, 0xf84a, 0xf9ca, 0xfa8b, 0xfb0e, 0xfdc1, 0xfdbe, 0xff01, 0x006a, 0x01dd, 0x0373,
  0xfb51, 0xf902, 0x0182, 0x0295, 0x0798, 0x10e0, 0x181e, 0x1575, 0x124b, 0x1137, 0x0856, 0x0424, 0x0097, 0xfd2c, 0xfd0f, 0xfe36,
  0xfda7, 0xfc18, 0xfe02, 0xfbcd, 0xf8e0, 0xf84c, 0xf6c9, 0xf6aa, 0xf790, 0xf723, 0xf7d9, 0xf9b8, 0xf938, 0xfb1e, 0xfc79, 0xfe5c,
  0xfcf5, 0xf3ba, 0xf674, 0xfdd5, 0xffa0, 0x0786, 0x10dd, 0x16fd, 0x1379, 0x1345, 0x105e, 0x0825, 0x0628, 0x038d, 0x0229, 0x02f1,
  0x0379, 0x0214, 0x01cd, 0x02fe, 0xff86, 0xfc20, 0xfa00, 0xf7fa, 0xf7ad, 0xf7fa, 0xf77a, 0xf991, 0xfaa1, 0xfaa4, 0xfcad, 0xfccd,
  0xfdb0, 0xf8b6, 0xf065, 0xf662, 0xfae8, 0xfc83, 0x04ab, 0x0e12, 0x11dd, 0x0dd6, 0x0e7a, 0x08b6, 0x02fb, 0x02b0, 0x0064, 0x0091,
  0x0239, 0x02fd, 0x0273, 0x03d2, 0x0422, 0xffd5, 0xfdb0, 0xfccf, 0xfbb1, 0xfca5, 0xfcda, 0xfc7b, 0xff08, 0xfedc, 0xff74, 0xffda,
  0xfe80, 0xfe50, 0xf6ab, 0xf13f, 0xf8ac, 0xfafe, 0xfef6, 0x07e6, 0x10df, 0x1122, 0x0d13, 0x0cbd, 0x04b5, 0x006c, 0xfe5b, 0xfbc7,
  0xfc31, 0xfe16, 0xfeeb, 0xfe60, 0x0058, 0xff31, 0xfbd0, 0xfb79, 0xfad0, 0xfae3, 0xfc8a, 0xfc60, 0xfddb, 0x00cd, 0x0036, 0x00e0,
  0x00fa, 0x01c8, 0x01ba, 0xf8d4, 0xf724, 0xfef0, 0xffe1, 0x050b, 0x0db3, 0x1452, 0x1082, 0x0dae, 0x0c14, 0x03d2, 0x00bd, 0xfe3f,
  0xfca5, 0xfd87, 0xff78, 0xff12, 0xfe16, 0xff1f, 0xfbe5, 0xf882, 0xf77f, 0xf5e8, 0xf5f2, 0xf7cd, 0xf879, 0xfae0, 0xfcd2, 0xfcb8,
  0xfe98, 0xff7c, 0x0124, 0xfebe, 0xf53f, 0xf8b9, 0x0033, 0x01b8, 0x0980, 0x12ce, 0x178b, 0x1341, 0x12cd, 0x0e7a, 0x0602, 0x03a9,
  0x007c, 0xfec2, 0x0034, 0x00f9, 0xfeaf, 0xfe6a, 0xfefe, 0xfafa, 0xf896, 0xf76f, 0xf63b, 0xf74b, 0xf8db, 0xf880, 0xfa8a, 0xfacb,
  0xfa64, 0xfbda, 0xfbd1, 0xfd2c, 0xf83e, 0xf19b, 0xf92e, 0xfe18, 0x00de, 0x09a5, 0x1319, 0x15b6, 0x115e, 0x1211, 0x0b5d, 0x04f3,
  0x0427, 0x01c5, 0x01df, 0x036b, 0x034f, 0x01c5, 0x02ad, 0x0232, 0xfd32, 0xfb07, 0xf998, 0xf877, 0xf9b3, 0xf9c5, 0xf90a, 0xfb33,
  0xfb2f, 0xfbc7, 0xfce8, 0xfd3e, 0xfe2f, 0xf677, 0xf33c, 0xfb9a, 0xfd05, 0x00f1, 0x0951, 0x119d, 0x106c, 0x0d19, 0x0d3a, 0x05d1,
  0x02ea, 0x0185, 0xff22, 0xff9c, 0x0137, 0x011c, 0x000d, 0x01ab, 0xffba, 0xfc1f, 0xfbfb, 0xfb07, 0xfb20, 0xfc5a, 0xfb50, 0xfc23,
  0xfe43, 0xfd8f, 0xfe5d, 0xff1b, 0xffce, 0xff1a, 0xf5ec, 0xf5a3, 0xfdce, 0xfe7f, 0x04c3, 0x0e8a, 0x154f, 0x119e, 0x0f7a, 0x0d56,
  0x0504, 0x023f, 0xff8e, 0xfcbc, 0xfd66, 0xfed5, 0xfd7a, 0xfcf0, 0xfea0, 0xfc32, 0xf9c3, 0xf933, 0xf7a0, 0xf76d, 0xf8b5, 0xf7fc,
  0xf9ff, 0xfc39, 0xfc4f, 0xfe87, 0xffbf, 0x0197, 0xfeae, 0xf5af, 0xf9dd, 0xffe8, 0x019b, 0x09e6, 0x1330, 0x17b0, 0x12c8, 0x12c2,
  0x0e1a, 0x0607, 0x03cd, 0x009b, 0xff06, 0x004c, 0x009f, 0xfe4c, 0xfeb0, 0xff4d, 0xfb88, 0xf958, 0xf815, 0xf5ea, 0xf5f5, 0xf69b,
  0xf5c3, 0xf82b, 0xf92f, 0xfa05, 0xfc9b, 0xfd87, 0xfe91, 0xf898, 0xf28f, 0xfa90, 0xfed4, 0x0248, 0x0b2a, 0x14a3, 0x16f8, 0x1249,
  0x12c4, 0x0c48, 0x0662, 0x04f3, 0x01fa, 0x01b0, 0x02d0, 0x02a5, 0x0104, 0x020b, 0x016e, 0xfcdf, 0xfac0, 0xf8eb, 0xf775, 0xf889,
  0xf886, 0xf7ff, 0xfac1, 0xfb53, 0xfcbb, 0xfde7, 0xfdef, 0xfdc3, 0xf4ea, 0xf1ca, 0xf9d6, 0xfb5e, 0x00e1, 0x0ae1, 0x135b, 0x121b,
  0x0eab, 0x0df9, 0x05f8, 0x026c, 0x0112, 0xfed3, 0xff70, 0x012b, 0x0115, 0x007f, 0x0236, 0x001e, 0xfca5, 0xfc1d, 0xfafa, 0xfaa0,
  0xfbc2, 0xfb1d, 0xfbe1, 0xfebe, 0xfe32, 0xfef8, 0xfeea, 0xff40, 0xfd8b, 0xf3a3, 0xf586, 0xfd33, 0xfed3, 0x06d3, 0x0fee, 0x1658,
  0x119e, 0x0ef0, 0x0b8c, 0x0293, 0x0062, 0xfd3f, 0xfb4a, 0xfcbc, 0xfdf4, 0xfd55, 0xfd31, 0xfe97, 0xfbe4, 0xf9cd, 0xf985, 0xf895,
  0xf8ef, 0xfa2a, 0xfa44, 0xfcbb, 0xfeb9, 0xfe77, 0x0017, 0x00bd, 0x022d, 0xfd70, 0xf449, 0xfad9, 0x0041, 0x029e, 0x0af2, 0x1377,
  0x167d, 0x1085, 0x1050, 0x0ad5, 0x041f, 0x02ca, 0xffa9, 0xff30, 0x0090, 0x008f, 0xfe40, 0xfde2, 0xfdb3, 0xf941, 0xf6f6, 0xf594,
  0xf482, 0xf614, 0xf749, 0xf740, 0xfa83, 0xfb32, 0xfbb7, 0xfd98, 0xfe15, 0xff54, 0xf82a, 0xf34a, 0xfcac, 0x006a, 0x04e5, 0x0e42,
  0x1707, 0x1754, 0x12a1, 0x12a7, 0x0aa8, 0x05a3, 0x0410, 0x014b, 0x0152, 0x01b3, 0x0079, 0xfeda, 0x0038, 0xfee0, 0xfadd, 0xf9ae,
  0xf88e, 0xf856, 0xf999, 0xf8de, 0xf89f, 0xfacc, 0xf99c, 0xfa0e, 0xfa85, 0xfad4, 0xfb06, 0xf316, 0xf250, 0xfb24, 0xfd0b, 0x0258,
  0x0bca, 0x13ec, 0x118d, 0x0f2c, 0x0f02, 0x07d2, 0x05b3, 0x04a8, 0x02e6, 0x0311, 0x03f3, 0x0326, 0x0225, 0x0345, 0x0019, 0xfc98,
  0xfbb7, 0xfa5f, 0xf9a4, 0xfa36, 0xf903, 0xf9d2, 0xfbd9, 0xfb3a, 0xfcb5, 0xfd4f, 0xfe89, 0xfca8, 0xf39c, 0xf5fc, 0xfc63, 0xfca5,
  0x0338, 0x0c0f, 0x11a7, 0x0d72, 0x0d25, 0x0af1, 0x03ba, 0x0257, 0x0014, 0xfeae, 0xfff1, 0x00f2, 0xfff1, 0x006e, 0x0193, 0xfed5,
  0xfd76, 0xfcf7, 0xfc29, 0xfc4b, 0xfcb4, 0xfb8c, 0xfd5c, 0xfe67, 0xfdbf, 0xfeb2, 0xfeff, 0x00b6, 0xfbe8, 0xf2e9, 0xf8b9, 0xfe23,
  0xffbd, 0x0836, 0x113b, 0x144c, 0x0f8e, 0x1024, 0x0a9a, 0x0344, 0x0152, 0xfdc1, 0xfcc2, 0xfde9, 0xfe05, 0xfc23, 0xfd3c, 0xfdac,
  0xfa72, 0xf977, 0xf8bf, 0xf801, 0xf900, 0xf9d0, 0xf97d, 0xfc89, 0xfd1d, 0xfd87, 0xffd5, 0x010d, 0x0231, 0xfaa9, 0xf4ff, 0xfd5d,
  0x0002, 0x035a, 0x0c3b, 0x14e9, 0x150e, 0x11a9, 0x120b, 0x09b8, 0x04b8, 0x02f6, 0x0005, 0xffd4, 0x00e8, 0x0071, 0xfe7a, 0xfff3,
  0xfe15, 0xfa2c, 0xf8ea, 0xf6ca, 0xf5db, 0xf689, 0xf62d, 0xf640, 0xf930, 0xf930, 0xfa95, 0xfc82, 0xfd7d, 0xfd75, 0xf560, 0xf4a0,
  0xfd4d, 0xfeb8, 0x0488, 0x0ede, 0x1738, 0x1539, 0x1384, 0x122d, 0x096c, 0x0625, 0x03e8, 0x0184, 0x01e9, 0x033f, 0x01e6, 0x010a,
  0x026c, 0xfec2, 0xfb49, 0xfa0c, 0xf88c, 0xf824, 0xf8b7, 0xf78e, 0xf897, 0xfb28, 0xfa7d, 0xfbe7, 0xfc62, 0xfcce, 0xfa88, 0xf14a,
  0xf3c7, 0xfa30, 0xfbd8, 0x03b4, 0x0e13, 0x1474, 0x10ef, 0x1161, 0x0df1, 0x0638, 0x048e, 0x0294, 0x010d, 0x0264, 0x0406, 0x0264,
  0x02eb, 0x0313, 0xfe81, 0xfc85, 0xfb67, 0xfa03, 0xfa1e, 0xfafc, 0xfa4c, 0xfc6c, 0xfd79, 0xfc09, 0xfd2e, 0xfdb1, 0xfec2, 0xfa08,
  0xf1a0, 0xf812, 0xfcd8, 0xff15, 0x07a0, 0x10e7, 0x13c2, 0x0e78, 0x0e97, 0x087b, 0x01b6, 0x003d, 0xfdbf, 0xfd75, 0xffbe, 0x0096,
  0xfec4, 0xffe3, 0xff7a, 0xfbc4, 0xfacd, 0xf9bb, 0xf8fc, 0xfa91, 0xfbcf, 0xfb40, 0xfde6, 0xfe04, 0xfde9, 0xff63, 0x0024, 0x00ec,
  0xf98d, 0xf452, 0xfc7d, 0xff20, 0x0298, 0x0bb7, 0x1451, 0x1455, 0x1102, 0x10d4, 0x08bd, 0x036b, 0x01a4, 0xff35, 0xfe97, 0x003d,
  0xfefc, 0xfc4b, 0xfd9b, 0xfb15, 0xf770, 0xf6c2, 0xf670, 0xf6f5, 0xf8d8, 0xf94e, 0xf940, 0xfc41, 0xfbcc, 0xfc25, 0xfd9a, 0xfee2,
  0xfe74, 0xf5c7, 0xf6cc, 0xfef2, 0x0055, 0x06b7, 0x1006, 0x1792, 0x1506, 0x13c8, 0x11c0, 0x08d9, 0x05ef, 0x035e, 0x0087, 0x0032,
  0x00f8, 0xff90, 0xfed0, 0xfff2, 0xfc26, 0xf9d8, 0xf90b, 0xf81e, 0xf858, 0xf927, 0xf7f3, 0xf82f, 0xf9dc, 0xf879, 0xf9a6, 0xfafa,
  0xfce0, 0xfd2a, 0xfd28, 0xfd5a, 0xfd77, 0xffc2, 0x00b0, 0x02d1, 0x0500, 0x06d9, 0x0aa6, 0x0a59, 0x0a0c, 0x00c6, 0xfcc4, 0x04cc,
  0x0296, 0x06a5, 0x0dff, 0x14fa, 0x140c, 0x0cbd, 0x0b06, 0x010f, 0xfdf3, 0xfb3b, 0xf7d9, 0xf9d5, 0xfb2c, 0xfa3d, 0xf69b, 0xf6a0,
  0xf4f7, 0xf3ee, 0xf44f, 0xf194, 0xf231, 0xf4d5, 0xf5f7, 0xf846, 0xfb97, 0xfd7d, 0x00db, 0x0504, 0x0615, 0x0561, 0x05c5, 0x0520,
  0x0342, 0x0407, 0x04d2, 0x0616, 0x08d7, 0x0a1c, 0x0a14, 0x0129, 0x002f, 0x089b, 0x073e, 0x0b2b, 0x0fef, 0x14e5, 0x1067, 0x0988,
  0x0771, 0xfeb5, 0xfca4, 0xf812, 0xf4fe, 0xf665, 0xf6b7, 0xf6fb, 0xf519, 0xf770, 0xf636, 0xf7bd, 0xfaba, 0xf8a2, 0xf8ea, 0xf874,
  0xf6d5, 0xf6f8, 0xf906, 0xfb74, 0xfd57, 0x01ed, 0x04bb, 0x0469, 0x0523, 0x0436, 0x045e, 0x05d6, 0x05f2, 0x05d9, 0x0585, 0x06d1,
  0x06ac, 0xfd04, 0xfdeb, 0x0546, 0x04ae, 0x0a08, 0x0e86, 0x1382, 0x0fa2, 0x0b22, 0x0991, 0x014c, 0x0281, 0xffb2, 0xfe85, 0xfd86,
  0xfa38, 0xf8af, 0xf51e, 0xf68a, 0xf5af, 0xf724, 0xfa4f, 0xf7b1, 0xf7f2, 0xf5ce, 0xf408, 0xf66e, 0xf758, 0xf930, 0xfab1, 0xfdb4,
  0x0043, 0xffa2, 0x0235, 0x03be, 0x05c5, 0x07d5, 0x0765, 0x0718, 0x067d, 0x0808, 0x07db, 0xfd5e, 0x0030, 0x0994, 0x0889, 0x0e45,
  0x1295, 0x16e5, 0x109f, 0x0b89, 0x099e, 0xffcc, 0xfea7, 0xfbb5, 0xfa4c, 0xf99d, 0xf748, 0xf6ec, 0xf55b, 0xf63f, 0xf4cc, 0xf5bb,
  0xf783, 0xf4de, 0xf539, 0xf4a4, 0xf463, 0xf766, 0xf88f, 0xfa1a, 0xfaf2, 0xfda6, 0xff6f, 0x003b, 0x0359, 0x06cc, 0x0b31, 0x0cba,
  0x0d8d, 0x0ccd, 0x0ad8, 0x09b2, 0x06e0, 0xfc66, 0xfe38, 0x05d4, 0x0580, 0x0bac, 0x1075, 0x1415, 0x0ec9, 0x0b2a, 0x06d9, 0xfd5a,
  0xfc7d, 0xf96e, 0xf844, 0xf77f, 0xf6c5, 0xf6f6, 0xf6c8, 0xf72e, 0xf569, 0xf6ca, 0xf7cd, 0xf65d, 0xf88b, 0xf71c, 0xf820, 0xfbbd,
  0xfd2d, 0xff41, 0xffa3, 0x014f, 0xffe4, 0x00d4, 0x04ce, 0x04c9, 0x08dc, 0x0ab9, 0x0a49, 0x0907, 0x06d3, 0x07d6, 0x045b, 0xf9fc,
  0xfd47, 0x02b4, 0x0374, 0x08ac, 0x0d32, 0x1227, 0x0d2c, 0x0bb7, 0x06bc, 0xfdde, 0xfc43, 0xf760, 0xf879, 0xf8f6, 0xf91a, 0xfa95,
  0xfa8f, 0xfc22, 0xf9d6, 0xfa1e, 0xf977, 0xf69b, 0xf8f9, 0xf75b, 0xf6cb, 0xf9d7, 0xfa34, 0xfc46, 0xfc8f, 0xff0f, 0x0038, 0x01c4,
  0x05ba, 0x059e, 0x08c8, 0x0957, 0x078d, 0x069e, 0x0556, 0x06f2, 0x02ee, 0xf878, 0xfcf6, 0x00a5, 0x01ae, 0x09e1, 0x1051, 0x15ec,
  0x1132, 0x10eb, 0x0b2e, 0x01a6, 0xfdfc, 0xf79d, 0xf7ea, 0xf7fc, 0xf768, 0xf740, 0xf7e6, 0xf809, 0xf657, 0xf748, 0xf857, 0xf801,
  0xfacf, 0xf97a, 0xf88c, 0xfb49, 0xfb37, 0xfbb8, 0xfc44, 0xff42, 0x0013, 0x0202, 0x0521, 0x053d, 0x07c1, 0x087c, 0x0831, 0x0757,
  0x0780, 0x0968, 0x0495, 0xfad0, 0xffa6, 0x0153, 0x01b9, 0x081b, 0x0e87, 0x129b, 0x0da6, 0x0e49, 0x075a, 0x0021, 0xfd62, 0xf9b6,
  0xfab6, 0xf9e6, 0xf922, 0xf823, 0xf905, 0xf80e, 0xf565, 0xf733, 0xf7bf, 0xf707, 0xf8fd, 0xf75f, 0xf77f, 0xf987, 0xfb52, 0xfd11,
  0xfe0c, 0x01c9, 0x0146, 0x0310, 0x05b7, 0x05bf, 0x0846, 0x087c, 0x088e, 0x08c2, 0x0765, 0x084a, 0x0149, 0xf844, 0xfe94, 0xffe8,
  0x02d2, 0x09bc, 0x10f7, 0x13fa, 0x0e02, 0x0e39, 0x05e8, 0xff7c, 0xfc9b, 0xf8e9, 0xfaa0, 0xf953, 0xf8c1, 0xf72d, 0xf717, 0xf76e,
  0xf5f1, 0xf850, 0xf931, 0xf91d, 0xfb58, 0xf96e, 0xf969, 0xfa72, 0xfaf2, 0xfce7, 0xfdf5, 0xffb4, 0xff54, 0x00ae, 0x02e3, 0x02f7,
  0x065b, 0x0821, 0x08d9, 0x09d8, 0x0860, 0x092b, 0x018b, 0xf8c2, 0xfeb5, 0xff45, 0x030e, 0x0a1b, 0x10a9, 0x1325, 0x0db6, 0x0e34,
  0x06d6, 0x01ab, 0xfee9, 0xfbff, 0xfd6b, 0xfbaf, 0xfacf, 0xf89c, 0xf7c3, 0xf62a, 0xf593, 0xf7c7, 0xf6c1, 0xf707, 0xf85a, 0xf6a5,
  0xf74d, 0xf9a8, 0xfb4d, 0xfd2e, 0xff25, 0x00ae, 0xffb7, 0x01a4, 0x02fe, 0x03e7, 0x07a1, 0x0888, 0x093d, 0x095b, 0x085c, 0x0804,
  0xfee0, 0xf961, 0x012a, 0x025a, 0x06e8, 0x0d3e, 0x1443, 0x1420, 0x0d9f, 0x0ceb, 0x036b, 0x0038, 0xfc7a, 0xf913, 0xf9de, 0xf71e,
  0xf701, 0xf515, 0xf697, 0xf632, 0xf646, 0xf97e, 0xf7f2, 0xf8d2, 0xf9e2, 0xf7a8, 0xf8f4, 0xfabc, 0xfc9d, 0xfd96, 0xfe82, 0xffca,
  0xfe4f, 0x0217, 0x0513, 0x0614, 0x0ad6, 0x0b9a, 0x0bb9, 0x0ac5, 0x08a0, 0x07e4, 0xfcfc, 0xf891, 0x0011, 0xff24, 0x03ea, 0x09af,
  0x1043, 0x0fb2, 0x0b77, 0x0cbf, 0x03fa, 0x01ec, 0xfde7, 0xfb1f, 0xfba0, 0xf83e, 0xf7e8, 0xf699, 0xf810, 0xf6c4, 0xf66c, 0xf8f2,
  0xf6f7, 0xf7c5, 0xf983, 0xf86a, 0xfa97, 0xfd58, 0xfe6b, 0xff48, 0x0017, 0x003c, 0xfe45, 0x009f, 0x02fa, 0x0515, 0x08be, 0x0937,
  0x088a, 0x086c, 0x07d0, 0x070e, 0xfdb2, 0xfb8e, 0x03af, 0x02c1, 0x07e3, 0x0cdd, 0x11eb, 0x1046, 0x0c13, 0x0b04, 0x01bb, 0xffe5,
  0xfafd, 0xf8aa, 0xf97b, 0xf889, 0xf8b9, 0xf813, 0xf9fa, 0xf7b5, 0xf853, 0xf96b, 0xf5e1, 0xf628, 0xf680, 0xf634, 0xf88e, 0xfa49,
  0xfc22, 0xfcc1, 0xfef3, 0xffb6, 0xff5d, 0x03d2, 0x05e6, 0x08de, 0x0ba5, 0x0b6e, 0x0a70, 0x08b6, 0x084c, 0x0692, 0xfbbd, 0xfb61,
  0x0282, 0x0137, 0x0768, 0x0de5, 0x14af, 0x10f2, 0x0e7d, 0x0cb4, 0x0211, 0x001d, 0xf991, 0xf78f, 0xf704, 0xf593, 0xf624, 0xf51c,
  0xf6aa, 0xf453, 0xf52e, 0xf714, 0xf4f9, 0xf7ae, 0xf8da, 0xf8b3, 0xfb58, 0xfc99, 0xfe0d, 0xfdb0, 0xff4c, 0xffcd, 0xff9e, 0x03f9,
  0x055a, 0x0897, 0x0b52, 0x0b43, 0x0be0, 0x0b38, 0x0afe, 0x0989, 0xfdf4, 0xfe75, 0x0334, 0x00b5, 0x0618, 0x0a0e, 0x0fe9, 0x0cc8,
  0x0b5b, 0x0855, 0xff18, 0xfe68, 0xf8ec, 0xf8b0, 0xf940, 0xf859, 0xf910, 0xf86a, 0xf87d, 0xf4fe, 0xf58f, 0xf666, 0xf464, 0xf756,
  0xf797, 0xf833, 0xfb3a, 0xfc9b, 0xfe90, 0xffc7, 0x022c, 0x01e2, 0x02dc, 0x0646, 0x05f3, 0x077d, 0x0884, 0x0796, 0x06e1, 0x06e9,
  0x0889, 0x05d3, 0xfb3e, 0xfe61, 0x0340, 0x02b7, 0x09b2, 0x0f83, 0x14e6, 0x101e, 0x0ddc, 0x0920, 0x000e, 0xfdc1, 0xf7f4, 0xf8d7,
  0xf8cf, 0xf7d0, 0xf808, 0xf72a, 0xf71e, 0xf44f, 0xf6c8, 0xf707, 0xf539, 0xf8a0, 0xf76f, 0xf711, 0xf89a, 0xf905, 0xf9ee, 0xfa29,
  0xfdac, 0xfe62, 0xffe7, 0x0490, 0x05bf, 0x09bb, 0x0c04, 0x0d1f, 0x0da5, 0x0c80, 0x0d42, 0x07e2, 0xfc87, 0xff75, 0x025c, 0x0275,
  0x0902, 0x0e47, 0x12c0, 0x0df5, 0x0cd5, 0x0735, 0x0055, 0xff34, 0xf8e9, 0xfaae, 0xf9d3, 0xf7d6, 0xf671, 0xf491, 0xf3ba, 0xf01c,
  0xf2a5, 0xf416, 0xf3d0, 0xf774, 0xf6ec, 0xf823, 0xfb3a, 0xfc60, 0xfe4d, 0xff5d, 0x023f, 0x01d1, 0x02f1, 0x06a6, 0x0669, 0x09ff,
  0x0bf3, 0x0c16, 0x0c06, 0x0b46, 0x0bc6, 0x0558, 0xfafc, 0x007c, 0x02c8, 0x02b4, 0x0a88, 0x100e, 0x1299, 0x0b80, 0x09e6, 0x02d1,
  0xfb4d, 0xfa60, 0xf665, 0xf905, 0xf8bf, 0xf837, 0xf799, 0xf75c, 0xf6ff, 0xf4c6, 0xf7c9, 0xf830, 0xf758, 0xf9ff, 0xf860, 0xf845,
  0xfa70, 0xfb93, 0xfd12, 0xfdfb, 0x013d, 0x0087, 0x02a7, 0x0659, 0x072f, 0x0a6f, 0x0b6a, 0x0c43, 0x0b55, 0x09f0, 0x0951, 0x0163,
  0xf7b1, 0xfd36, 0xff69, 0x0236, 0x0a49, 0x10a1, 0x1325, 0x0d1e, 0x0ca3, 0x04ad, 0xff13, 0xfd74, 0xf98c, 0xfb4d, 0xf9c4, 0xf8c1,
  0xf72e, 0xf7a0, 0xf69e, 0xf401, 0xf72b, 0xf731, 0xf705, 0xf96a, 0xf783, 0xf90e, 0xfaac, 0xfbca, 0xfd6b, 0xfe2c, 0x00b0, 0xfeff,
  0x01b3, 0x03d8, 0x041c, 0x088f, 0x09ba, 0x0a31, 0x09c6, 0x094a, 0x093e, 0x013b, 0xfa09, 0x008f, 0x0202, 0x0578, 0x0c89, 0x137c,
  0x1467, 0x0e03, 0x0d4a, 0x0473, 0xff4c, 0xfc3d, 0xf8e9, 0xfa7a, 0xf8bf, 0xf8a9, 0xf746, 0xf6f9, 0xf60e, 0xf478, 0xf72d, 0xf5ca,
  0xf57e, 0xf7f5, 0xf571, 0xf6e9, 0xf974, 0xfb4f, 0xfcd8, 0xfe4b, 0x0117, 0xfff0, 0x036c, 0x067f, 0x07c1, 0x0bd7, 0x0c5e, 0x0c25,
  0x0b5a, 0x09c0, 0x0946, 0x00d5, 0xfa4a, 0x0115, 0x0283, 0x069e, 0x0ce9, 0x131a, 0x130f, 0x0c72, 0x0b33, 0x02fb, 0xfec5, 0xfb5f,
  0xf810, 0xf94a, 0xf735, 0xf5e2, 0xf406, 0xf4a7, 0xf3d8, 0xf2a5, 0xf5cd, 0xf51d, 0xf5ea, 0xf81b, 0xf6e4, 0xf8e5, 0xfba8, 0xfda8,
  0xfee6, 0x00b7, 0x027d, 0x0128, 0x0497, 0x06c4, 0x07ad, 0x0bc2, 0x0c29, 0x0b89, 0x0aa6, 0x0a32, 0x08dc, 0xff49, 0xfaec, 0x0255,
  0x02f2, 0x068c, 0x0c81, 0x1190, 0x0f84, 0x0910, 0x07f6, 0xffde, 0xfcfc, 0xfabd, 0xf8fc, 0xfacb, 0xf90f, 0xf7ec, 0xf589, 0xf60e,
  0xf429, 0xf397, 0xf6c0, 0xf54e, 0xf6b0, 0xf8b9, 0xf76a, 0xf99d, 0xfc68, 0xfe63, 0xff43, 0x013f, 0x0319, 0x00dd, 0x04db, 0x0747,
  0x0825, 0x0b95, 0x0b58, 0x0b06, 0x096d, 0x083d, 0x06f7, 0xfd95, 0xfa5e, 0x0214, 0x0285, 0x06d2, 0x0c81, 0x1151, 0x0f03, 0x0891,
  0x0708, 0xfecf, 0xfd22, 0xfa36, 0xf8f7, 0xfb17, 0xf949, 0xf84a, 0xf680, 0xf76b, 0xf593, 0xf580, 0xf8d2, 0xf726, 0xf7f8, 0xfa5b,
  0xf93c, 0xfb7d, 0xfda6, 0xfed7, 0xff4e, 0x003d, 0x0110, 0xff67, 0x036e, 0x0513, 0x06fa, 0x0afd, 0x0ad5, 0x0a3c, 0x08d7, 0x076f,
  0x05c9, 0xfc61, 0xf93c, 0x007c, 0x0108, 0x0595, 0x0ab3, 0x0fe9, 0x0dd5, 0x0931, 0x0836, 0x00b2, 0xfeea, 0xfbec, 0xfb81, 0xfc8d,
  0xfb26, 0xfab7, 0xf8e8, 0xf917, 0xf6a5, 0xf6ae, 0xf88d, 0xf67a, 0xf7bd, 0xf8ec, 0xf7d9, 0xfaa0, 0xfce7, 0xfde4, 0xfe1f, 0xff86,
  0xff36, 0xfdd2, 0x01f9, 0x0391, 0x0646, 0x09aa, 0x09c0, 0x0989, 0x084e, 0x0733, 0x05a9, 0xfc9b, 0xfa5f, 0x014e, 0x0237, 0x06f1,
  0x0c60, 0x12ac, 0x10da, 0x0c86, 0x0a78, 0x0290, 0x000c, 0xfb96, 0xfb23, 0xfbec, 0xfa3e, 0xf976, 0xf82d, 0xf871, 0xf56f, 0xf585,
  0xf6c5, 0xf485, 0xf66f, 0xf79e, 0xf700, 0xf998, 0xfba8, 0xfcdf, 0xfcf4, 0xfe43, 0xfe79, 0xfeb9, 0x037a, 0x0511, 0x0865, 0x0c27,
  0x0be7, 0x0bbe, 0x0b1a, 0x0a4e, 0x0828, 0xfdb7, 0xfc3b, 0x0290, 0x025c, 0x0783, 0x0cd6, 0x123d, 0x0ed0, 0x0b0d, 0x08fe, 0x0084,
  0xfe15, 0xf9b9, 0xf9a0, 0xfa07, 0xf834, 0xf768, 0xf5d4, 0xf65b, 0xf3d9, 0xf489, 0xf62a, 0xf4cf, 0xf7bf, 0xf8cf, 0xf82d, 0xfb45,
  0xfd41, 0xfe22, 0xff21, 0x0197, 0x01be, 0x01ca, 0x0643, 0x0722, 0x0971, 0x0bfd, 0x0b05, 0x0a65, 0x08fe, 0x07ed, 0x05b4, 0xfb74,
  0xfb97, 0x01fa, 0x01ae, 0x06ed, 0x0bda, 0x10cc, 0x0ced, 0x0946, 0x06f1, 0xff48, 0xfd21, 0xf8b3, 0xf9e5, 0xfad9, 0xf9a1, 0xf8cd,
  0xf79a, 0xf7c7, 0xf557, 0xf716, 0xf880, 0xf6fc, 0xf993, 0xfa11, 0xf8a8, 0xfa9b, 0xfc01, 0xfcb8, 0xfd9b, 0xffce, 0x0014, 0x014c,
  0x05e6, 0x06ba, 0x098f, 0x0bac, 0x0ac6, 0x09c9, 0x0865, 0x0770, 0x043f, 0xfa9b, 0xfbc3, 0x00c9, 0x0160, 0x0810, 0x0dec, 0x12f2,
  0x0e71, 0x0c57, 0x0897, 0x00b3, 0xff10, 0xfb0f, 0xfd17, 0xfc85, 0xfac7, 0xf8e9, 0xf699, 0xf5ed, 0xf25a, 0xf3ea, 0xf4c3, 0xf450,
  0xf7b4, 0xf828, 0xf855, 0xfaf2, 0xfc2a, 0xfcf4, 0xfda0, 0x003b, 0x0025, 0x012b, 0x054b, 0x05f9, 0x095d, 0x0b6c, 0x0b5c, 0x0b14,
  0x0a17, 0x09b5, 0x0573, 0xfb5d, 0xfe1a, 0x029f, 0x0399, 0x0a4c, 0x0fa0, 0x137d, 0x0d19, 0x0a89, 0x050c, 0xfd24, 0xfb63, 0xf7b0,
  0xfac2, 0xfad6, 0xfa55, 0xf90a, 0xf71e, 0xf5f8, 0xf2a2, 0xf466, 0xf499, 0xf3b8, 0xf6ee, 0xf709, 0xf7a9, 0xfa7b, 0xfc0e, 0xfdb7,
  0xff34, 0x01f9, 0x017e, 0x02fe, 0x06d9, 0x07c1, 0x0bb2, 0x0d84, 0x0d63, 0x0d1a, 0x0b33, 0x0945, 0x0286, 0xf805, 0xfc71, 0xffcc,
  0x01e3, 0x0a20, 0x1054, 0x139c, 0x0d1d, 0x0b56, 0x04b3, 0xfd6c, 0xfb92, 0xf7c8, 0xfa38, 0xf96d, 0xf83a, 0xf5ee, 0xf4cf, 0xf467,
  0xf21a, 0xf529, 0xf59d, 0xf5a3, 0xf901, 0xf8bd, 0xf9ed, 0xfd16, 0xfeea, 0x0033, 0x016e, 0x031d, 0x00a1, 0x01bd, 0x04c3, 0x0529,
  0x098d, 0x0c07, 0x0ce0, 0x0cf5, 0x0bf4, 0x0acc, 0x01f9, 0xf89e, 0xfe75, 0x000f, 0x02d6, 0x0a4a, 0x0fbf, 0x10f8, 0x0a2d, 0x0950,
  0x0206, 0xfd4c, 0xfbf2, 0xf8a8, 0xfbae, 0xfa0a, 0xf8db, 0xf6af, 0xf63b, 0xf55a, 0xf3af, 0xf720, 0xf59a, 0xf55c, 0xf82c, 0xf6f4,
  0xf8d1, 0xfbea, 0xfded, 0xffe0, 0x01d6, 0x044c, 0x01fa, 0x03ce, 0x0660, 0x06c9, 0x0b5b, 0x0c38, 0x0bfb, 0x0b71, 0x09e3, 0x083f,
  0xfeb1, 0xf7a2, 0xfe5c, 0xff63, 0x039a, 0x0a95, 0x1023, 0x106b, 0x09e8, 0x09c6, 0x01cc, 0xfdd4, 0xfb5a, 0xf7e3, 0xfa5a, 0xf819,
  0xf70a, 0xf4fa, 0xf56d, 0xf552, 0xf4cc, 0xf8c8, 0xf7f1, 0xf8b4, 0xfb34, 0xf95e, 0xfad0, 0xfd02, 0xfe43, 0xff4b, 0x00cd, 0x02d2,
  0x00ab, 0x03b8, 0x061c, 0x06f6, 0x0b69, 0x0bfb, 0x0b9e, 0x0ab7, 0x09a4, 0x0834, 0xfdfb, 0xf884, 0xffe3, 0xffdc, 0x0414, 0x0a1f,
  0x0f26, 0x0e39, 0x0881, 0x0890, 0x00cd, 0xfe7e, 0xfc3b, 0xfa79, 0xfc6d, 0xf9dc, 0xf8db, 0xf682, 0xf6fd, 0xf57c, 0xf50e, 0xf88e,
  0xf6c5, 0xf7ae, 0xf98a, 0xf824, 0xfa54, 0xfc28, 0xfd88, 0xfe56, 0x0070, 0x02bf, 0x00ec, 0x04d9, 0x070a, 0x08e1, 0x0cb5, 0x0bf4,
  0x0b12, 0x0975, 0x0855, 0x0680, 0xfc67, 0xf987, 0x011f, 0x0140, 0x065e, 0x0bf8, 0x111a, 0x0e68, 0x0900, 0x07eb, 0xff2a, 0xfd1b,
  0xf98b, 0xf841, 0xfa00, 0xf812, 0xf752, 0xf567, 0xf6ae, 0xf55c, 0xf59a, 0xf906, 0xf746, 0xf965, 0xfb34, 0xf9f6, 0xfc8e, 0xfdbd,
  0xff0f, 0xff50, 0x00ec, 0x0226, 0x004b, 0x0526, 0x074e, 0x09a1, 0x0da2, 0x0d06, 0x0bcb, 0x09ea, 0x087e, 0x05d6, 0xfa47, 0xf82b,
  0xff13, 0xfee2, 0x04f0, 0x0a91, 0x0fd7, 0x0c2b, 0x0806, 0x06bb, 0xfda2, 0xfc41, 0xf958, 0xf9a1, 0xfbc6, 0xfa81, 0xfa2c, 0xf871,
  0xf922, 0xf67a, 0xf61b, 0xf880, 0xf622, 0xf865, 0xf9f8, 0xf98d, 0xfd23, 0xff2a, 0x00ae, 0x00c2, 0x0294, 0x02b7, 0x010e, 0x0553,
  0x0625, 0x08b3, 0x0c1e, 0x0b0e, 0x0a2d, 0x08be, 0x07c1, 0x04af, 0xf941, 0xf90c, 0xff84, 0x0009, 0x06c4, 0x0c29, 0x1196, 0x0d67,
  0x096e, 0x065d, 0xfd95, 0xfc23, 0xf823, 0xf920, 0xfac4, 0xf9fc, 0xfa26, 0xf8df, 0xf9a6, 0xf6e2, 0xf761, 0xf8d9, 0xf63e, 0xf8d1,
  0xf942, 0xf8b6, 0xfc03, 0xfd9f, 0xff23, 0xff4b, 0x016e, 0x0163, 0x0077, 0x04ed, 0x0589, 0x08d7, 0x0c6e, 0x0c11, 0x0bfd, 0x0a80,
  0x096e, 0x0572, 0xf966, 0xf9ab, 0xfe5b, 0xfe85, 0x055e, 0x0b9c, 0x1146, 0x0ccd, 0x0ac6, 0x0766, 0xfe96, 0xfd15, 0xf8ac, 0xf9cd,
  0xfa4f, 0xf8e5, 0xf816, 0xf6cc, 0xf799, 0xf4d5, 0xf653, 0xf811, 0xf624, 0xf92f, 0xf999, 0xf966, 0xfcc9, 0xfec1, 0x006b, 0x0094,
  0x02c7, 0x0250, 0x0119, 0x04f6, 0x0553, 0x0871, 0x0b9c, 0x0b3f, 0x0b62, 0x0abf, 0x0a4d, 0x05cf, 0xf96e, 0xfadf, 0xff7e, 0xff84,
  0x0646, 0x0bb7, 0x104b, 0x0aff, 0x093a, 0x0531, 0xfd64, 0xfcc3, 0xf8c9, 0xfa42, 0xfa8d, 0xf967, 0xf80c, 0xf6cf, 0xf7cd, 0xf56c,
  0xf784, 0xf8d9, 0xf6dc, 0xf978, 0xf93b, 0xf8e6, 0xfbed, 0xfde6, 0xff76, 0x0077, 0x0365, 0x02c6, 0x02ee, 0x06b9, 0x06e2, 0x0a0a,
  0x0c01, 0x0b1e, 0x0a87, 0x08fc, 0x07f7, 0x02bd, 0xf79b, 0xfa6c, 0xfeac, 0x0006, 0x06c7, 0x0bec, 0x1081, 0x0acb, 0x093c, 0x052b,
  0xfee3, 0xfdc6, 0xf9ab, 0xfbbc, 0xfab0, 0xf8f8, 0xf748, 0xf680, 0xf7a6, 0xf5c6, 0xf8be, 0xf989, 0xf81d, 0xfae4, 0xf995, 0xf934,
  0xfba6, 0xfd53, 0xfe7d, 0xfed0, 0x014b, 0x0062, 0x0142, 0x051b, 0x05c6, 0x09f0, 0x0c2d, 0x0b81, 0x0ae0, 0x08ef, 0x07d3, 0x0231,
  0xf774, 0xfbb3, 0xffc3, 0x01b8, 0x086b, 0x0d52, 0x10f0, 0x0a8f, 0x09de, 0x04e2, 0xfe8b, 0xfda8, 0xf9ff, 0xfc08, 0xfa75, 0xf91a,
  0xf769, 0xf699, 0xf76e, 0xf519, 0xf771, 0xf7c8, 0xf6aa, 0xf94e, 0xf849, 0xf915, 0xfbfb, 0xfdef, 0xff3c, 0xffbb, 0x0223, 0x00d0,
  0x025e, 0x0688, 0x0792, 0x0be6, 0x0d89, 0x0c41, 0x0b3c, 0x0900, 0x079f, 0x011c, 0xf6fa, 0xfc64, 0xffff, 0x0268, 0x095d, 0x0edf,
  0x119e, 0x0ae0, 0x09f7, 0x03b2, 0xfd83, 0xfba3, 0xf813, 0xfa88, 0xf979, 0xf92c, 0xf77a, 0xf749, 0xf7a7, 0xf50b, 0xf76c, 0xf6ad,
  0xf5e3, 0xf917, 0xf875, 0xf9cf, 0xfcfb, 0xff28, 0xffc4, 0x0001, 0x021c, 0x0072, 0x0277, 0x0642, 0x0792, 0x0c06, 0x0d73, 0x0c51,
  0x0ad3, 0x08c2, 0x079c, 0x0064, 0xf7ae, 0xfd2a, 0xff40, 0x021f, 0x08be, 0x0e40, 0x1096, 0x0adb, 0x0a63, 0x0342, 0xfde5, 0xfb32,
  0xf82e, 0xfb04, 0xf9ac, 0xf9a7, 0xf803, 0xf840, 0xf7fa, 0xf52c, 0xf770, 0xf634, 0xf619, 0xf911, 0xf82f, 0xfa2d, 0xfd57, 0xff46,
  0xffb6, 0x0012, 0x0215, 0x0036, 0x029f, 0x05da, 0x06f0, 0x0b0d, 0x0bff, 0x0b81, 0x0b03, 0x0996, 0x0886, 0x0028, 0xf79d, 0xfe37,
  0xff6d, 0x0297, 0x09ad, 0x0f8a, 0x110e, 0x0ad0, 0x0ab1, 0x02c8, 0xfdce, 0xfaf6, 0xf82a, 0xfaef, 0xf93c, 0xf8e5, 0xf737, 0xf77e,
  0xf6b7, 0xf4a5, 0xf6f2, 0xf592, 0xf60e, 0xf904, 0xf81d, 0xfa10, 0xfd37, 0xff89, 0x006a, 0x0192, 0x036c, 0x0190, 0x0472, 0x06e1,
  0x07f3, 0x0bf7, 0x0cb6, 0x0c87, 0x0be4, 0x0a8d, 0x0954, 0xffbf, 0xf7f8, 0xfe4f, 0xfe87, 0x0273, 0x0926, 0x0eef, 0x0f4a, 0x09a0,
  0x094e, 0x00c9, 0xfcd1, 0xf961, 0xf777, 0xfa0d, 0xf864, 0xf7dd, 0xf5b4, 0xf6da, 0xf5d3, 0xf4d1, 0xf80e, 0xf6a7, 0xf80c, 0xfa4d,
  0xf8f1, 0xfb17, 0xfdcb, 0xfff3, 0x0094, 0x01fd, 0x037d, 0x0173, 0x049e, 0x0626, 0x0753, 0x0b3e, 0x0ba2, 0x0b81, 0x0a98, 0x09a7,
  0x085d, 0xfe22, 0xf833, 0xfe41, 0xfe2a, 0x02d8, 0x0938, 0x0f42, 0x0ea8, 0x09e5, 0x0982, 0x010a, 0xfe2e, 0xfa79, 0xf942, 0xfaf2,
  0xf8a1, 0xf82c, 0xf5d7, 0xf72e, 0xf61f, 0xf5b2, 0xf88e, 0xf6a7, 0xf869, 0xfa13, 0xf862, 0xfa58, 0xfc4d, 0xfe6a, 0xff29, 0x007e,
  0x0213, 0x00fd, 0x0508, 0x06d1, 0x0896, 0x0c71, 0x0c97, 0x0c9d, 0x0b73, 0x09d1, 0x07ec, 0xfd09, 0xf8b7, 0xffc2, 0xff75, 0x04a5,
  0x0ad1, 0x106f, 0x0dfa, 0x093c, 0x08b6, 0xffd0, 0xfda1, 0xf9ae, 0xf8ee, 0xface, 0xf83e, 0xf707, 0xf497, 0xf5f4, 0xf495, 0xf480,
  0xf780, 0xf5eb, 0xf867, 0xf9de, 0xf825, 0xfa87, 0xfcb8, 0xfe9f, 0xff86, 0x01b1, 0x0310, 0x0247, 0x06df, 0x088a, 0x0afd, 0x0e92,
  0x0de5, 0x0d2e, 0x0ba2, 0x09c5, 0x06e9, 0xfb70, 0xf8d6, 0x0012, 0xff97, 0x0554, 0x0b3a, 0x0fec, 0x0c20, 0x072e, 0x0578, 0xfccc,
  0xfb4e, 0xf7a6, 0xf7f2, 0xf9d7, 0xf7bf, 0xf671, 0xf49e, 0xf61e, 0xf477, 0xf598, 0xf862, 0xf69f, 0xf967, 0xfa8b, 0xf979, 0xfc30,
  0xfe52, 0x0031, 0x00e6, 0x02ee, 0x0359, 0x02c4, 0x07ba, 0x0933, 0x0be6, 0x0f20, 0x0e45, 0x0d50, 0x0ace, 0x0846, 0x048f, 0xf8e2,
  0xf787, 0xfe21, 0xfe8c, 0x0501, 0x0adb, 0x0fc9, 0x0b25, 0x0753, 0x0528, 0xfcb0, 0xfb76, 0xf7af, 0xf8ca, 0xfa14, 0xf8ad, 0xf7fb,
  0xf688, 0xf831, 0xf5f6, 0xf6f5, 0xf8a2, 0xf6ac, 0xf997, 0xfa54, 0xf9c9, 0xfc96, 0xfedb, 0x00d3, 0x0122, 0x0327, 0x0309, 0x02ac,
  0x0740, 0x082e, 0x0b43, 0x0e23, 0x0d5d, 0x0c2f, 0x0a0c, 0x082a, 0x03e6, 0xf7f8, 0xf82c, 0xfea2, 0xfed3, 0x05bb, 0x0bd6, 0x1089,
  0x0ba4, 0x08d3, 0x05ae, 0xfd24, 0xfbe0, 0xf7a9, 0xf90e, 0xfa05, 0xf8de, 0xf800, 0xf6d2, 0xf81c, 0xf58a, 0xf6ba, 0xf7bf, 0xf575,
  0xf8ab, 0xf945, 0xf902, 0xfc49, 0xfebc, 0x00a3, 0x0132, 0x0389, 0x02cd, 0x0288, 0x06d0, 0x07bc, 0x0aec, 0x0d36, 0x0c7e, 0x0be7,
  0x0a78, 0x0921, 0x04c2, 0xf8ec, 0xf9e6, 0xff23, 0xff60, 0x05fc, 0x0be2, 0x10cd, 0x0baa, 0x0953, 0x058a, 0xfdef, 0xfc50, 0xf78b,
  0xf92b, 0xf96d, 0xf7ee, 0xf683, 0xf595, 0xf6d5, 0xf482, 0xf636, 0xf6cf, 0xf54d, 0xf8ce, 0xf8da, 0xf943, 0xfcb8, 0xff35, 0x0142,
  0x01f0, 0x0472, 0x03b7, 0x0416, 0x0806, 0x089b, 0x0bf8, 0x0dfe, 0x0d5c, 0x0cdb, 0x0b25, 0x09d1, 0x04bc, 0xf896, 0xfa35, 0xfec0,
  0xfee8, 0x05a9, 0x0bc6, 0x0fe3, 0x0a34, 0x08c5, 0x048d, 0xfce7, 0xfb48, 0xf6da, 0xf87c, 0xf82a, 0xf6df, 0xf58f, 0xf4f6, 0xf64f,
  0xf479, 0xf723, 0xf82a, 0xf733, 0xfaa2, 0xfa70, 0xfad4, 0xfe11, 0x001b, 0x019e, 0x028e, 0x052a, 0x0418, 0x04dd, 0x08c1, 0x091a,
  0x0c5b, 0x0db1, 0x0c9c, 0x0be4, 0x09e4, 0x0852, 0x02c0, 0xf69d, 0xf946, 0xfdae, 0xfde2, 0x04e3, 0x0a97, 0x0e97, 0x0919, 0x07aa,
  0x03c9, 0xfd5e, 0xfbec, 0xf7ec, 0xf9da, 0xf96c, 0xf7ce, 0xf5d8, 0xf591, 0xf6ab, 0xf555, 0xf87c, 0xf8ec, 0xf847, 0xfbf1, 0xfb23,
  0xfaf3, 0xfd98, 0xff6c, 0x00cd, 0x01a4, 0x03c1, 0x028a, 0x0420, 0x07b3, 0x083d, 0x0b7c, 0x0c66, 0x0b59, 0x0aaf, 0x08d3, 0x0746,
  0x01bd, 0xf6ab, 0xfa49, 0xfe73, 0xff7e, 0x066d, 0x0c20, 0x0fad, 0x09da, 0x08f0, 0x0495, 0xfe99, 0xfc98, 0xf8c1, 0xfaee, 0xf988,
  0xf7e8, 0xf60c, 0xf5b1, 0xf67b, 0xf541, 0xf8b1, 0xf8a6, 0xf852, 0xfb85, 0xf9ee, 0xfa28, 0xfc8f, 0xfde6, 0xff15, 0x003f, 0x02ac,
  0x01c3, 0x0451, 0x0810, 0x091a, 0x0cd9, 0x0dc4, 0x0cb6, 0x0b9e, 0x0979, 0x07af, 0x00eb, 0xf68f, 0xfb43, 0xfea6, 0x006f, 0x0799,
  0x0d70, 0x0fed, 0x09ba, 0x090a, 0x031a, 0xfd74, 0xfb78, 0xf7ca, 0xfa12, 0xf8a5, 0xf742, 0xf52f, 0xf4f3, 0xf553, 0xf437, 0xf7d4,
  0xf782, 0xf799, 0xfb1c, 0xfa1b, 0xfb05, 0xfdc9, 0xff68, 0x0088, 0x0203, 0x0421, 0x02d9, 0x0575, 0x08e6, 0x0a58, 0x0dd9, 0x0e07,
  0x0ccf, 0x0b72, 0x08de, 0x06f9, 0xffa4, 0xf619, 0xfbfe, 0xfe7c, 0x007b, 0x075c, 0x0ca9, 0x0e21, 0x0783, 0x0706, 0x00c2, 0xfbde,
  0xf9fb, 0xf71b, 0xf9da, 0xf89e, 0xf7a7, 0xf5d9, 0xf6a4, 0xf6e4, 0xf59f, 0xf8ef, 0xf805, 0xf87a, 0xfb9c, 0xfa70, 0xfc07, 0xfee8,
  0x00b6, 0x01c0, 0x0308, 0x047c, 0x02aa, 0x057e, 0x0840, 0x09c6, 0x0d82, 0x0d41, 0x0bce, 0x0a7f, 0x07fc, 0x05f1, 0xfd84, 0xf49c,
  0xfb5e, 0xfdc5, 0x0095, 0x0755, 0x0d24, 0x0e87, 0x085d, 0x0845, 0x016d, 0xfd11, 0xfae8, 0xf87e, 0xfb12, 0xf9a0, 0xf916, 0xf759,
  0xf821, 0xf7da, 0xf6be, 0xf9aa, 0xf7f4, 0xf8b4, 0xfb62, 0xf9de, 0xfbcd, 0xfe85, 0xfff1, 0x0070, 0x0185, 0x02ab, 0x008f, 0x0385,
  0x0645, 0x0847, 0x0c6c, 0x0c69, 0x0bad, 0x0aba, 0x0884, 0x06d7, 0xfde3, 0xf5ae, 0xfcae, 0xfe8d, 0x01d8, 0x0900, 0x0f31, 0x0fb8,
  0x09e2, 0x09df, 0x0276, 0xfe3c, 0xfb68, 0xf91e, 0xfb4c, 0xf973, 0xf8b2, 0xf63e, 0xf6be, 0xf5d3, 0xf4c7, 0xf791, 0xf58c, 0xf6e0,
  0xf983, 0xf85b, 0xfa96, 0xfd35, 0xfeec, 0xffb1, 0x0135, 0x0268, 0x0139, 0x04ec, 0x0729, 0x09a7, 0x0dbd, 0x0db7, 0x0d3c, 0x0c2c,
  0x0a3f, 0x089a, 0xff5a, 0xf7f4, 0xfe4a, 0xff22, 0x02d2, 0x0964, 0x0f17, 0x0eea, 0x0993, 0x0948, 0x0164, 0xfda1, 0xfa18, 0xf80c,
  0xf977, 0xf703, 0xf62d, 0xf440, 0xf54e, 0xf476, 0xf453, 0xf75d, 0xf618, 0xf82e, 0xfa51, 0xf935, 0xfbd0, 0xfe1f, 0xffc5, 0x00a5,
  0x0278, 0x039a, 0x02c4, 0x06e1, 0x08b5, 0x0b42, 0x0ebe, 0x0e32, 0x0d7a, 0x0c4c, 0x0a2d, 0x07c4, 0xfd99, 0xf724, 0xfdba, 0xfdee,
  0x01ab, 0x07de, 0x0da8, 0x0d30, 0x0860, 0x0818, 0x00b2, 0xfdc1, 0xfa25, 0xf8c1, 0xfa2b, 0xf7ac, 0xf689, 0xf4c6, 0xf5fc, 0xf54e,
  0xf60b, 0xf905, 0xf76e, 0xf9a7, 0xfb7e, 0xf9e6, 0xfc04, 0xfe00, 0xff80, 0x003a, 0x0202, 0x0293, 0x01d6, 0x0616, 0x07b8, 0x0a32,
  0x0d13, 0x0c59, 0x0b84, 0x0a1a, 0x07fd, 0x05fa, 0xfb6d, 0xf5ff, 0xfdb8, 0xfe65, 0x0302, 0x0951, 0x0f3f, 0x0e34, 0x0958, 0x08dc,
  0x016c, 0xfec3, 0xfb32, 0xfa45, 0xfb7f, 0xf8f2, 0xf784, 0xf5b4, 0xf6cd, 0xf575, 0xf620, 0xf895, 0xf6b0, 0xf8e8, 0xf9e0, 0xf84f,
  0xfa94, 0xfc50, 0xfd94, 0xfe43, 0x0069, 0x0130, 0x013c, 0x05ac, 0x076f, 0x0a96, 0x0d89, 0x0ceb, 0x0c4d, 0x0afd, 0x08f3, 0x06be,
  0xfbe4, 0xf7e0, 0xffc0, 0x0087, 0x05ae, 0x0bd1, 0x11bd, 0x0f3f, 0x0a52, 0x0912, 0x00b7, 0xfe38, 0xfa29, 0xf971, 0xf9e5, 0xf760,
  0xf657, 0xf40f, 0xf50a, 0xf34d, 0xf42d, 0xf673, 0xf4b5, 0xf78e, 0xf860, 0xf78d, 0xfa66, 0xfc61, 0xfe4a, 0xff5c, 0x01d3, 0x0293,
  0x02f5, 0x07aa, 0x0955, 0x0ceb, 0x0f96, 0x0ec1, 0x0e16, 0x0c25, 0x09c7, 0x0713, 0xfbec, 0xf8c2, 0x0022, 0x004d, 0x0549, 0x0b1b,
  0x1067, 0x0cf4, 0x086a, 0x06d6, 0xfe56, 0xfbbe, 0xf7c3, 0xf813, 0xf8d6, 0xf68a, 0xf577, 0xf3df, 0xf536, 0xf3a3, 0xf4bc, 0xf6ce,
  0xf5a0, 0xf8d2, 0xf9ab, 0xf90c, 0xfc37, 0xfe55, 0x0025, 0x011c, 0x0318, 0x0374, 0x03ea, 0x0800, 0x0936, 0x0ca2, 0x0eda, 0x0d58,
  0x0c6e, 0x0ab2, 0x0868, 0x0596, 0xfa31, 0xf7b6, 0xfea3, 0xfeb6, 0x0444, 0x09c8, 0x0f22, 0x0bb9, 0x0801, 0x0675, 0xfe6d, 0xfc5b,
  0xf8cc, 0xf9c4, 0xfa46, 0xf822, 0xf72b, 0xf5e2, 0xf6c3, 0xf521, 0xf6c6, 0xf824, 0xf6ef, 0xfa2e, 0xfa73, 0xf9bf, 0xfc80, 0xfe0f,
  0xff7c, 0x0099, 0x0282, 0x0217, 0x02bb, 0x0677, 0x077c, 0x0b1d, 0x0d15, 0x0c08, 0x0b78, 0x0a08, 0x081f, 0x0544, 0xfa14, 0xf87d,
  0xff83, 0x0002, 0x05c1, 0x0b4d, 0x10e0, 0x0d38, 0x09b3, 0x0805, 0x006e, 0xfe42, 0xfa4a, 0xfb13, 0xfabc, 0xf7f1, 0xf606, 0xf466,
  0xf501, 0xf367, 0xf56f, 0xf6c9, 0xf5ba, 0xf8cc, 0xf8b2, 0xf822, 0xfb18, 0xfd04, 0xfeb3, 0xffd8, 0x01e6, 0x016b, 0x0285, 0x066e,
  0x07b2, 0x0bba, 0x0df1, 0x0d90, 0x0d66, 0x0c0d, 0x0a8a, 0x0779, 0xfc51, 0xfb72, 0x0106, 0x00d1, 0x0644, 0x0b35, 0x0fec, 0x0bbc,
  0x08f7, 0x0661, 0xfed5, 0xfcc2, 0xf8a7, 0xf9b3, 0xf8b8, 0xf5f0, 0xf461, 0xf30e, 0xf3ee, 0xf27f, 0xf4dc, 0xf641, 0xf5a9, 0xf8fe,
  0xf8cb, 0xf8df, 0xfc0c, 0xfe1b, 0x001f, 0x01b2, 0x03df, 0x0378, 0x04f7, 0x088a, 0x09d4, 0x0d92, 0x0ef1, 0x0e2b, 0x0dc4, 0x0bcf,
  0x099a, 0x058c, 0xf9dd, 0xfa12, 0xffa5, 0xffa6, 0x0568, 0x0ae2, 0x0f7d, 0x0a6d, 0x0852, 0x0555, 0xfdd1, 0xfbc0, 0xf7af, 0xf8df,
  0xf7e0, 0xf5e1, 0xf47e, 0xf3e5, 0xf554, 0xf467, 0xf725, 0xf85a, 0xf812, 0xfb55, 0xfac1, 0xfaac, 0xfd3c, 0xfec6, 0x0049, 0x0169,
  0x0345, 0x0278, 0x041b, 0x07c8, 0x0969, 0x0d2d, 0x0e3c, 0x0d72, 0x0ca6, 0x0a4c, 0x080b, 0x02c9, 0xf73a, 0xf997, 0xfe86, 0xfeeb,
  0x0587, 0x0b86, 0x0fc6, 0x0a6d, 0x098b, 0x05d5, 0xfec7, 0xfd11, 0xf951, 0xfaf1, 0xf988, 0xf776, 0xf57d, 0xf4d2, 0xf5ab, 0xf458,
  0xf727, 0xf784, 0xf738, 0xfa2e, 0xf8ff, 0xf94a, 0xfbf3, 0xfd6d, 0xfedb, 0xfffb, 0x01e2, 0x0134, 0x0391, 0x0712, 0x08ab, 0x0cd3,
  0x0d8f, 0x0ccc, 0x0c3e, 0x0a29, 0x0862, 0x02ca, 0xf8a7, 0xfcb8, 0x009f, 0x01c1, 0x0867, 0x0dab, 0x112a, 0x0b3d, 0x0a56, 0x053a,
  0xfeae, 0xfc96, 0xf893, 0xfa45, 0xf803, 0xf5ed, 0xf450, 0xf43b, 0xf49b, 0xf360, 0xf638, 0xf5c7, 0xf5d4, 0xf906, 0xf799, 0xf883,
  0xfb67, 0xfcf7, 0xfeef, 0x009c, 0x02ad, 0x0203, 0x051c, 0x0890, 0x0a79, 0x0ef2, 0x0f68, 0x0eb3, 0x0dea, 0x0bda, 0x0a09, 0x030c,
  0xf909, 0xfdc5, 0x00e7, 0x023a, 0x0857, 0x0d60, 0x0f99, 0x093e, 0x0895, 0x02a5, 0xfc9f, 0xfa28, 0xf6c4, 0xf8d0, 0xf6dd, 0xf558,
  0xf3ac, 0xf3f0, 0xf439, 0xf364, 0xf64d, 0xf5ce, 0xf6b2, 0xfa03, 0xf8e1, 0xfa87, 0xfd7c, 0xff47, 0x0121, 0x02c7, 0x0462, 0x0326,
  0x065b, 0x0922, 0x0ac1, 0x0e91, 0x0e85, 0x0dd0, 0x0ca4, 0x0a8f, 0x0897, 0x003d, 0xf73c, 0xfcb3, 0xfebe, 0x012b, 0x0791, 0x0cf8,
  0x0e30, 0x082a, 0x07d1, 0x00cc, 0xfc28, 0xfa04, 0xf784, 0xfa28, 0xf846, 0xf6f3, 0xf52a, 0xf5e3, 0xf591, 0xf484, 0xf78c, 0xf6a8,
  0xf7f1, 0xfaba, 0xf8fd, 0xfae5, 0xfd8a, 0xff0d, 0x0080, 0x01eb, 0x0316, 0x019a, 0x04fb, 0x073c, 0x0926, 0x0d3b, 0x0d26, 0x0d16,
  0x0c59, 0x0a60, 0x0873, 0xff23, 0xf796, 0xfdff, 0xff0d, 0x029a, 0x0972, 0x0f21, 0x0f83, 0x0991, 0x093c, 0x01a3, 0xfe05, 0xfbaa,
  0xf938, 0xfb35, 0xf8da, 0xf6fd, 0xf476, 0xf4e2, 0xf3fe, 0xf348, 0xf63c, 0xf504, 0xf6bc, 0xf947, 0xf7b2, 0xfa3c, 0xfce0, 0xfec4,
  0x0059, 0x0217, 0x031e, 0x01cc, 0x05af, 0x079e, 0x0a0d, 0x0e23, 0x0e29, 0x0e52, 0x0d87, 0x0b7d, 0x0936, 0xfee9, 0xf8db, 0xffbf,
  0x003e, 0x0462, 0x0abb, 0x1043, 0x0eae, 0x08a3, 0x0801, 0xffda, 0xfce4, 0xf991, 0xf7b7, 0xf94b, 0xf6ae, 0xf51f, 0xf2d3, 0xf403,
  0xf349, 0xf3a9, 0xf6bc, 0xf565, 0xf797, 0xf990, 0xf823, 0xfad8, 0xfd36, 0xff59, 0x00c4, 0x02a0, 0x03c0, 0x02ff, 0x0743, 0x08f9,
  0x0c19, 0x0fd7, 0x0f5d, 0x0ee5, 0x0d50, 0x0b0a, 0x07ad, 0xfc52, 0xf7cb, 0xfe65, 0xfe6e, 0x0366, 0x0965, 0x0f42, 0x0cf6, 0x0870,
  0x07c4, 0xff79, 0xfd82, 0xf9ac, 0xf8a4, 0xf982, 0xf685, 0xf508, 0xf333, 0xf48b, 0xf37e, 0xf4ec, 0xf80d, 0xf6aa, 0xf97d, 0xfad1,
  0xf96c, 0xfc5b, 0xfe1c, 0xffd6, 0x0100, 0x02fc, 0x034e, 0x0275, 0x06b6, 0x07f3, 0x0b60, 0x0e71, 0x0db0, 0x0d5a, 0x0ba3, 0x09df,
  0x06b9, 0xfba3, 0xf8fc, 0xff4a, 0xff62, 0x04aa, 0x0a4b, 0x1012, 0x0cab, 0x0886, 0x0746, 0xff0e, 0xfd88, 0xf999, 0xf981, 0xfa56,
  0xf79f, 0xf60d, 0xf458, 0xf5a4, 0xf434, 0xf592, 0xf7c8, 0xf5e9, 0xf89a, 0xf910, 0xf7c4, 0xfae6, 0xfcd2, 0xfeea, 0x003a, 0x02ce,
  0x031c, 0x0308, 0x079d, 0x08b0, 0x0c46, 0x0ed7, 0x0de8, 0x0d32, 0x0b43, 0x09ae, 0x061e, 0xfadd, 0xf9d6, 0xfff3, 0x0040, 0x063c,
  0x0c0b, 0x1111, 0x0c70, 0x094b, 0x06bb, 0xfdfe, 0xfc43, 0xf82e, 0xf885, 0xf89e, 0xf676, 0xf4c0, 0xf353, 0xf4e0, 0xf327, 0xf4fb,
  0xf6d8, 0xf57b, 0xf8ab, 0xf8be, 0xf7f7, 0xfb4f, 0xfd4c, 0xff3c, 0x0094, 0x0379, 0x033c, 0x036e, 0x082a, 0x0964, 0x0d71, 0x0fac,
  0x0ed0, 0x0e2a, 0x0c56, 0x0ab9, 0x05f4, 0xfa40, 0xfa8e, 0xffdb, 0x003e, 0x0691, 0x0c13, 0x104e, 0x0ab1, 0x0834, 0x046e, 0xfc51,
  0xfb2b, 0xf718, 0xf87e, 0xf886, 0xf6df, 0xf503, 0xf3b4, 0xf4ee, 0xf313, 0xf571, 0xf6c6, 0xf591, 0xf95f, 0xf987, 0xf96b, 0xfcf7,
  0xff1b, 0x0136, 0x022b, 0x048e, 0x0384, 0x0436, 0x0870, 0x0933, 0x0d4b, 0x0eeb, 0x0e14, 0x0d30, 0x0b0e, 0x0982, 0x0402, 0xf88f,
  0xfad3, 0xffa9, 0x0012, 0x06bc, 0x0c24, 0x0f8b, 0x08e9, 0x0744, 0x034f, 0xfbf5, 0xfb02, 0xf719, 0xf922, 0xf8ed, 0xf759, 0xf572,
  0xf4ab, 0xf5f8, 0xf433, 0xf690, 0xf75a, 0xf675, 0xfa25, 0xf9bc, 0xf9fc, 0xfd73, 0xff2d, 0x00e7, 0x0188, 0x03ab, 0x024e, 0x036f,
  0x0741, 0x0812, 0x0cab, 0x0dfa, 0x0d6e, 0x0cc2, 0x0ae0, 0x0999, 0x0348, 0xf843, 0xfb6b, 0xff1f, 0x003a, 0x06b7, 0x0c43, 0x0fbb,
  0x0960, 0x088b, 0x0366, 0xfd01, 0xfbc4, 0xf7e0, 0xfa24, 0xf922, 0xf7b5, 0xf5b4, 0xf516, 0xf5a8, 0xf3cc, 0xf689, 0xf6af, 0xf64d,
  0xf9d7, 0xf8f7, 0xf9b8, 0xfca2, 0xfe4e, 0x0039, 0x0158, 0x039b, 0x0205, 0x03f7, 0x07b2, 0x08ac, 0x0d43, 0x0e47, 0x0df9, 0x0d5d,
  0x0b87, 0x0a06, 0x029f, 0xf878, 0xfc96, 0xff34, 0x0114, 0x081d, 0x0e13, 0x1067, 0x09bf, 0x092c, 0x02ad, 0xfcf6, 0xfb19, 0xf739,
  0xf9a8, 0xf82f, 0xf6b2, 0xf431, 0xf427, 0xf4ad, 0xf343, 0xf68b, 0xf674, 0xf6d3, 0xfa3f, 0xf8a6, 0xf9ad, 0xfc95, 0xfe68, 0x0014,
  0x015d, 0x03e1, 0x025e, 0x0521, 0x08c7, 0x0a2d, 0x0ee7, 0x0f8e, 0x0f23, 0x0de6, 0x0bce, 0x0a15, 0x0174, 0xf7b8, 0xfcc4, 0xfef7,
  0x01ca, 0x0804, 0x0d54, 0x0f17, 0x085a, 0x07f5, 0x00e5, 0xfc79, 0xfaaf, 0xf780, 0xf9bc, 0xf76a, 0xf605, 0xf390, 0xf3c8, 0xf41c,
  0xf353, 0xf6fb, 0xf67b, 0xf72a, 0xfa9e, 0xf907, 0xfa83, 0xfd4d, 0xff24, 0x0108, 0x027c, 0x04b3, 0x02f1, 0x05c9, 0x08eb, 0x0a79,
  0x0eb9, 0x0e7f, 0x0e05, 0x0c8d, 0x0a8c, 0x08bf, 0xff92, 0xf796, 0xfd71, 0xfee4, 0x021a, 0x086a, 0x0e16, 0x0ea5, 0x083f, 0x07e6,
  0x0038, 0xfc88, 0xfa25, 0xf7c1, 0xfa2c, 0xf827, 0xf724, 0xf4d9, 0xf5b0, 0xf5a9, 0xf506, 0xf805, 0xf6cf, 0xf7d8, 0xfaa9, 0xf895,
  0xf9fb, 0xfcb7, 0xfeae, 0x002e, 0x0184, 0x036d, 0x0210, 0x05d7, 0x08b9, 0x0aa7, 0x0ef4, 0x0eba, 0x0e27, 0x0c1f, 0x0a03, 0x0818,
  0xfe66, 0xf771, 0xfdde, 0xff4d, 0x0334, 0x09b6, 0x0fa2, 0x0f35, 0x094c, 0x08d9, 0x0075, 0xfcc3, 0xf9a8, 0xf80a, 0xfa0b, 0xf796,
  0xf682, 0xf401, 0xf4d9, 0xf41e, 0xf38f, 0xf68a, 0xf562, 0xf6fa, 0xf978, 0xf81e, 0xfa8a, 0xfd09, 0xfeec, 0x002a, 0x0194, 0x034a,
  0x01ea, 0x0615, 0x08aa, 0x0b38, 0x0f77, 0x0f1b, 0x0ebb, 0x0d0b, 0x0b48, 0x08e7, 0xfe6b, 0xf8c8, 0xff8b, 0x0015, 0x0455, 0x0a59,
  0x0fba, 0x0daa, 0x07a5, 0x06a1, 0xfdd9, 0xfb43, 0xf807, 0xf72f, 0xf97f, 0xf787, 0xf688, 0xf3c1, 0xf494, 0xf376, 0xf361, 0xf636,
  0xf4c1, 0xf718, 0xf98a, 0xf841, 0xfb3e, 0xfdd9, 0x0015, 0x01a0, 0x0387, 0x04b2, 0x0323, 0x07c5, 0x09b7, 0x0bf6, 0x0f99, 0x0ee6,
  0x0e30, 0x0bdd, 0x09f5, 0x070d, 0xfc03, 0xf839, 0xfecf, 0xfef2, 0x048d, 0x0aad, 0x0ff3, 0x0cc4, 0x07c3, 0x0664, 0xfd5e, 0xfb95,
  0xf800, 0xf7dc, 0xf9aa, 0xf7a0, 0xf69b, 0xf47d, 0xf5af, 0xf459, 0xf501, 0xf7be, 0xf642, 0xf8ef, 0xfaa1, 0xf918, 0xfbfe, 0xfe3e,
  0xffef, 0x009a, 0x0273, 0x031b, 0x01c8, 0x0663, 0x07e8, 0x0b0a, 0x0e8e, 0x0dce, 0x0d45, 0x0b35, 0x09d8, 0x0664, 0xfad8, 0xf8ce,
  0xff03, 0xff0f, 0x053e, 0x0b44, 0x10ce, 0x0ce0, 0x08e7, 0x071d, 0xfe79, 0xfd66, 0xf924, 0xf93b, 0xfa25, 0xf81e, 0xf6e7, 0xf47c,
  0xf557, 0xf388, 0xf4bb, 0xf6af, 0xf4c3, 0xf7b1, 0xf8e2, 0xf7c5, 0xfabb, 0xfca3, 0xfe7b, 0xff84, 0x01bf, 0x0242, 0x01b0, 0x0698,
  0x07e7, 0x0b5b, 0x0e81, 0x0e0a, 0x0dbc, 0x0bc5, 0x0add, 0x0713, 0xfbb6, 0xfb34, 0x0114, 0x00e1, 0x0732, 0x0ce2, 0x11cd, 0x0cfa,
  0x097e, 0x0716, 0xfe7b, 0xfcd3, 0xf7ef, 0xf881, 0xf8cf, 0xf671, 0xf4b8, 0xf2ca, 0xf3f9, 0xf23d, 0xf431, 0xf64e, 0xf50c, 0xf894,
  0xf92a, 0xf80f, 0xfb17, 0xfced, 0xfed7, 0xffe3, 0x0250, 0x02e4, 0x031e, 0x0817, 0x0934, 0x0d5f, 0x104f, 0x0fa8, 0x0f18, 0x0d1c,
  0x0c36, 0x0792, 0xfb77, 0xfb3b, 0x0082, 0x0055, 0x065f, 0x0bd9, 0x1086, 0x0b10, 0x0817, 0x04cf, 0xfc9c, 0xfb5f, 0xf705, 0xf83f,
  0xf7f3, 0xf623, 0xf474, 0xf2bc, 0xf3f6, 0xf21c, 0xf495, 0xf6a2, 0xf593, 0xf91c, 0xf97f, 0xf90b, 0xfc24, 0xfdd7, 0xffcd, 0x011c,
  0x03e3, 0x03e0, 0x046a, 0x0980, 0x0a78, 0x0e2e, 0x100e, 0x0f13, 0x0e0d, 0x0ba8, 0x0a68, 0x0578, 0xf9e2, 0xfad7, 0x000c, 0x0071,
  0x0718, 0x0c84, 0x1058, 0x0a2e, 0x0778, 0x035d, 0xfb8a, 0xfa39, 0xf619, 0xf816, 0xf7f2, 0xf675, 0xf4d0, 0xf3b1, 0xf514, 0xf38b,
  0xf61a, 0xf763, 0xf697, 0xfa5d, 0xf9e7, 0xf8fa, 0xfbcf, 0xfd63, 0xff06, 0x0033, 0x031c, 0x030f, 0x0470, 0x0971, 0x0a7d, 0x0ea3,
  0x1052, 0x0f31, 0x0dbf, 0x0b62, 0x09f4, 0x0475, 0xf8e4, 0xfa91, 0xffa1, 0x00b1, 0x07cf, 0x0cfa, 0x10dc, 0x0afe, 0x088f, 0x03eb,
  0xfcb3, 0xfb8f, 0xf785, 0xf999, 0xf8e4, 0xf6d6, 0xf4b8, 0xf38f, 0xf433, 0xf2d3, 0xf5bb, 0xf666, 0xf5ca, 0xf99a, 0xf912, 0xf8db,
  0xfbea, 0xfd79, 0xff31, 0x0093, 0x0330, 0x026c, 0x03d7, 0x0849, 0x0984, 0x0e1a, 0x0f7d, 0x0ee4, 0x0e23, 0x0c48, 0x0b13, 0x0582,
  0xfaba, 0xfd0a, 0x013f, 0x01a2, 0x07a6, 0x0c9c, 0x0fba, 0x0957, 0x07ab, 0x02e1, 0xfc4a, 0xfa6f, 0xf68c, 0xf8ed, 0xf7e4, 0xf693,
  0xf488, 0xf3b7, 0xf451, 0xf31c, 0xf5cb, 0xf568, 0xf4ec, 0xf897, 0xf7ff, 0xf859, 0xfb8f, 0xfdcc, 0xffe3, 0x017f, 0x041d, 0x0371,
  0x05b3, 0x09bf, 0x0ac5, 0x0f15, 0x102b, 0x0f4b, 0x0df9, 0x0c39, 0x0ad2, 0x04b8, 0xf98c, 0xfbd8, 0xffe0, 0x0096, 0x06e3, 0x0c49,
  0x0f87, 0x0949, 0x07b1, 0x026f, 0xfb93, 0xf955, 0xf61c, 0xf88a, 0xf725, 0xf5f8, 0xf42e, 0xf3ee, 0xf49d, 0xf375, 0xf6a0, 0xf6d2,
  0xf6cb, 0xfa1d, 0xf948, 0xf9e5, 0xfcef, 0xfed0, 0x00a3, 0x023e, 0x0486, 0x0370, 0x05b4, 0x098a, 0x0ad7, 0x0edb, 0x0f98, 0x0ed8,
  0x0d78, 0x0ba0, 0x09c8, 0x02ea, 0xf7ac, 0xfaaa, 0xfeb5, 0x0033, 0x069d, 0x0b99, 0x0f19, 0x08e2, 0x071d, 0x0221, 0xfc92, 0xfab7,
  0xf78c, 0xf9f7, 0xf86d, 0xf6ec, 0xf4cf, 0xf440, 0xf4a3, 0xf3fd, 0xf725, 0xf702, 0xf72b, 0xfa79, 0xf932, 0xf9d0, 0xfcbf, 0xfe46,
  0xfffb, 0x0185, 0x0336, 0x023b, 0x04fe, 0x0874, 0x09f5, 0x0e20, 0x0ec2, 0x0e06, 0x0ca2, 0x0a9c, 0x08fb, 0x026a, 0xf80c, 0xfc2f,
  0xfff1, 0x0163, 0x07ac, 0x0c87, 0x0f89, 0x091d, 0x07d5, 0x02ce, 0xfd59, 0xfb0b, 0xf80f, 0xfa42, 0xf803, 0xf65d, 0xf426, 0xf3e1,
  0xf446, 0xf397, 0xf68f, 0xf65f, 0xf705, 0xfa30, 0xf8a7, 0xf963, 0xfc56, 0xfddc, 0xff51, 0x010a, 0x0302, 0x027a, 0x05b7, 0x08f2,
  0x0ad9, 0x0ede, 0x0f26, 0x0e80, 0x0d44, 0x0b5d, 0x099e, 0x02e3, 0xf96f, 0xfd84, 0x003c, 0x01f6, 0x07ff, 0x0cf7, 0x0f27, 0x090d,
  0x07fd, 0x01c4, 0xfc59, 0xf9ac, 0xf722, 0xf932, 0xf6ce, 0xf5ca, 0xf3c4, 0xf3e7, 0xf452, 0xf3d5, 0xf6e0, 0xf656, 0xf73e, 0xfa22,
  0xf8b6, 0xf9d1, 0xfcab, 0xfeb9, 0x007e, 0x0274, 0x0480, 0x03ef, 0x078a, 0x0a5b, 0x0c23, 0x0fd9, 0x0f98, 0x0e74, 0x0cbe, 0x0a9d,
  0x084c, 0x0080, 0xf7a1, 0xfcba, 0xff38, 0x01af, 0x0822, 0x0d8c, 0x0eb0, 0x0838, 0x079b, 0x00e5, 0xfbb2, 0xf89f, 0xf6a2, 0xf8cc,
  0xf699, 0xf5c3, 0xf3f1, 0xf4a4, 0xf4f1, 0xf4c3, 0xf7e6, 0xf750, 0xf88d, 0xfb6e, 0xf9ac, 0xface, 0xfd47, 0xff0c, 0x0053, 0x01df,
  0x038c, 0x02a5, 0x0667, 0x091b, 0x0b2f, 0x0f0b, 0x0ee6, 0x0e0a, 0x0c81, 0x0a8c, 0x0855, 0xff8f, 0xf788, 0xfd15, 0xfe66, 0x0191,
  0x083d, 0x0df8, 0x0e95, 0x08b6, 0x0878, 0x011c, 0xfcd6, 0xf9d9, 0xf86c, 0xfa77, 0xf805, 0xf6d1, 0xf46c, 0xf4ac, 0xf3e8, 0xf3cf,
  0xf6af, 0xf586, 0xf731, 0xfa04, 0xf88a, 0xfa7d, 0xfd1a, 0xfef1, 0x0086, 0x02a7, 0x03ec, 0x029b, 0x0678, 0x0878, 0x0ab6, 0x0e79,
  0x0e68, 0x0e10, 0x0cda, 0x0b52, 0x0943, 0x000c, 0xf986, 0xffbb, 0x00a3, 0x0460, 0x0a58, 0x0f97, 0x0e7d, 0x07dd, 0x06ee, 0xff3b,
  0xfb9c, 0xf821, 0xf72b, 0xf946, 0xf70d, 0xf5f7, 0xf3e7, 0xf4a2, 0xf3ef, 0xf475, 0xf6e8, 0xf529, 0xf6fe, 0xf921, 0xf796, 0xf9e6,
  0xfc83, 0xfe92, 0x0065, 0x02ff, 0x0423, 0x0359, 0x07b3, 0x0988, 0x0c52, 0x0fe1, 0x0f98, 0x0f16, 0x0d33, 0x0b32, 0x085b, 0xfdd7,
  0xf830, 0xfee4, 0xff82, 0x0422, 0x0a68, 0x0fc5, 0x0da7, 0x0800, 0x0757, 0xfec3, 0xfb65, 0xf7b4, 0xf6e5, 0xf826, 0xf5e4, 0xf4ba,
  0xf29d, 0xf3e0, 0xf340, 0xf469, 0xf746, 0xf5ff, 0xf8a2, 0xfa85, 0xf905, 0xfbc2, 0xfe07, 0xffb0, 0x00eb, 0x0332, 0x03c1, 0x02f8,
  0x075b, 0x08bd, 0x0c16, 0x0f9f, 0x0f08, 0x0e8f, 0x0d1d, 0x0b72, 0x0811, 0xfcc3, 0xf83d, 0xfec1, 0xfebb, 0x03b3, 0x09b1, 0x0ee0,
  0x0c59, 0x0788, 0x0694, 0xfe62, 0xfc3e, 0xf8b2, 0xf892, 0xf98a, 0xf738, 0xf5cf, 0xf3aa, 0xf4c4, 0xf3bb, 0xf522, 0xf78a, 0xf5b1,
  0xf85e, 0xf9c8, 0xf826, 0xfb18, 0xfd2e, 0xfeec, 0x007d, 0x02c5, 0x02f6, 0x027e, 0x070f, 0x0847, 0x0bbd, 0x0f29, 0x0ebd, 0x0e61,
  0x0cd7, 0x0b1f, 0x07cc, 0xfc7c, 0xf93f, 0xffbc, 0x0004, 0x05ec, 0x0b97, 0x10cc, 0x0d5f, 0x088a, 0x06dc, 0xfe88, 0xfc5a, 0xf80e,
  0xf86b, 0xf8d6, 0xf633, 0xf4c3, 0xf2ea, 0xf43e, 0xf30f, 0xf4a5, 0xf68c, 0xf4ca, 0xf7c3, 0xf89b, 0xf76b, 0xfa6f, 0xfc7e, 0xfe9f,
  0x000e, 0x026d, 0x028b, 0x02e9, 0x07ac, 0x08ef, 0x0d43, 0x1070, 0x0fae, 0x0f19, 0x0d54, 0x0b90, 0x07d2, 0xfc43, 0xfa00, 0x0054,
  0x0091, 0x05f4, 0x0b63, 0x1072, 0x0c26, 0x07f8, 0x058f, 0xfd22, 0xfacd, 0xf6a8, 0xf7be, 0xf7f6, 0xf60a, 0xf4b7, 0xf34c, 0xf4a1,
  0xf361, 0xf561, 0xf6c6, 0xf53d, 0xf868, 0xf8f9, 0xf863, 0xfb5a, 0xfd5b, 0xffca, 0x0141, 0x03c0, 0x0358, 0x0421, 0x0904, 0x0a28,
  0x0e4b, 0x106b, 0x0f79, 0x0eb9, 0x0c6d, 0x0a19, 0x05d6, 0xfa03, 0xf8b4, 0xffa4, 0x000b, 0x05bb, 0x0b46, 0x1019, 0x0b60, 0x076c,
  0x0506, 0xfd0c, 0xfb14, 0xf736, 0xf857, 0xf8aa, 0xf6a1, 0xf521, 0xf411, 0xf559, 0xf434, 0xf64a, 0xf79f, 0xf630, 0xf9b0, 0xf9df,
  0xf916, 0xfc2a, 0xfdf0, 0xfff0, 0x00ff, 0x0306, 0x0251, 0x0315, 0x078b, 0x08c4, 0x0d30, 0x0f76, 0x0e9b, 0x0df7, 0x0bea, 0x0a22,
  0x0602, 0xfa65, 0xf988, 0xff67, 0xfff6, 0x05b6, 0x0ae0, 0x0fbb, 0x0b22, 0x080c, 0x0555, 0xfdb1, 0xfbea, 0xf81e, 0xf9c7, 0xf9a2,
  0xf795, 0xf608, 0xf48d, 0xf51c, 0xf356, 0xf547, 0xf606, 0xf496, 0xf819, 0xf83f, 0xf828, 0xfb7b, 0xfd7c, 0xffc5, 0x0187, 0x039f,
  0x02ab, 0x03c2, 0x07c5, 0x0951, 0x0db2, 0x0f3a, 0x0e46, 0x0db2, 0x0c02, 0x0a47, 0x0603, 0xfad0, 0xfac9, 0x0100, 0x01da, 0x0771,
  0x0c3e, 0x109f, 0x0b2d, 0x0765, 0x040c, 0xfc74, 0xfa77, 0xf705, 0xf8da, 0xf855, 0xf66d, 0xf549, 0xf445, 0xf528, 0xf41d, 0xf639,
  0xf6da, 0xf5c1, 0xf92a, 0xf8a3, 0xf85f, 0xfbac, 0xfdac, 0xffe0, 0x017d, 0x03aa, 0x02f7, 0x04e6, 0x08de, 0x0a4f, 0x0ec9, 0x1050,
  0x0f74, 0x0e65, 0x0bfd, 0x09ae, 0x0476, 0xf90f, 0xfa1f, 0xff6e, 0x003a, 0x065c, 0x0b3d, 0x0f87, 0x0a4b, 0x07de, 0x0421, 0xfcdc,
  0xfb06, 0xf75d, 0xf93b, 0xf804, 0xf5e7, 0xf471, 0xf3ba, 0xf4d9, 0xf3c9, 0xf66a, 0xf720, 0xf668, 0xfa10, 0xf985, 0xfa24, 0xfd5c,
  0xfeea, 0x00c3, 0x01bf, 0x0381, 0x0227, 0x03fb, 0x07a6, 0x091c, 0x0dd7, 0x0f2e, 0x0e49, 0x0d66, 0x0b2e, 0x0951, 0x03ac, 0xf874,
  0xfb02, 0xff61, 0x0044, 0x0680, 0x0b8f, 0x0f40, 0x0933, 0x080b, 0x0390, 0xfcbc, 0xfb17, 0xf792, 0xf9f7, 0xf8e6, 0xf765, 0xf59b,
  0xf4eb, 0xf5ac, 0xf3e6, 0xf62f, 0xf63f, 0xf5b0, 0xf985, 0xf8b3, 0xf9a0, 0xfcc0, 0xfe8b, 0x0087, 0x017a, 0x032a, 0x01b9, 0x0453,
  0x0804, 0x0959, 0x0de1, 0x0ed7, 0x0e18, 0x0d27, 0x0b02, 0x0947, 0x02b9, 0xf88c, 0xfc92, 0x003b, 0x025d, 0x0924, 0x0e21, 0x10d6,
  0x09e1, 0x0892, 0x0271, 0xfc08, 0xfa19, 0xf6ab, 0xf989, 0xf806, 0xf695, 0xf48f, 0xf428, 0xf48d, 0xf2fb, 0xf5a0, 0xf578, 0xf595,
  0xf958, 0xf83b, 0xf98f, 0xfcb8, 0xfeaa, 0x007a, 0x01a1, 0x038a, 0x0247, 0x058e, 0x08ec, 0x0a9e, 0x0f6b, 0x0ff5, 0x0f45, 0x0de9,
  0x0b41, 0x093e, 0x018a, 0xf891, 0xfd8e, 0x0018, 0x02e7, 0x08f0, 0x0dbc, 0x0f4c, 0x07ea, 0x0704, 0x004a, 0xfb29, 0xf8c8, 0xf5ce,
  0xf8e0, 0xf6fe, 0xf5e1, 0xf3cd, 0xf3f1, 0xf457, 0xf3ac, 0xf6c9, 0xf60a, 0xf6bc, 0xfa6b, 0xf93f, 0xfae0, 0xfd43, 0xff18, 0x00cc,
  0x020b, 0x03ef, 0x026f, 0x0632, 0x095d, 0x0b3c, 0x0fbf, 0x0f8e, 0x0eef, 0x0d31, 0x0a91, 0x0880, 0xff80, 0xf736, 0xfcf7, 0xff15,
  0x02b1, 0x08e9, 0x0e4d, 0x0f1d, 0x0815, 0x07b3, 0x0056, 0xfbfc, 0xf96a, 0xf701, 0xf9cf, 0xf7a2, 0xf662, 0xf412, 0xf473, 0xf474,
  0xf3e4, 0xf71b, 0xf625, 0xf788, 0xfb02, 0xf958, 0xfb3f, 0xfd70, 0xff36, 0x009e, 0x01c3, 0x033c, 0x0171, 0x0583, 0x0863, 0x0a86,
  0x0f12, 0x0efc, 0x0ebf, 0x0d59, 0x0b47, 0x093d, 0xff30, 0xf83a, 0xfed1, 0x0028, 0x0415, 0x09c8, 0x0f11, 0x0e46, 0x0774, 0x0705,
  0xff06, 0xfbe9, 0xf91f, 0xf778, 0xfa0d, 0xf7d8, 0xf6d9, 0xf429, 0xf489, 0xf3d3, 0xf362, 0xf67c, 0xf4f9, 0xf67e, 0xf972, 0xf7e8,
  0xfa95, 0xfd08, 0xff30, 0x00da, 0x02a1, 0x0411, 0x0279, 0x06fa, 0x0952, 0x0bcb, 0x0ff6, 0x0f7e, 0x0ee0, 0x0cf9, 0x0b11, 0x08d2,
  0xfe22, 0xf879, 0xff7f, 0x008e, 0x0545, 0x0aff, 0x101d, 0x0e16, 0x072e, 0x05c1, 0xfd36, 0xfa93, 0xf774, 0xf680, 0xf8df, 0xf6c3,
  0xf5bb, 0xf386, 0xf46a, 0xf3d7, 0xf43f, 0xf739, 0xf599, 0xf7de, 0xfa66, 0xf897, 0xfb47, 0xfd45, 0xff52, 0x00cb, 0x02da, 0x0406,
  0x02ee, 0x07e8, 0x09bf, 0x0ccc, 0x10fe, 0x105c, 0x0f93, 0x0d52, 0x0b26, 0x081b, 0xfc86, 0xf801, 0xfe72, 0xff17, 0x04ba, 0x0a3e,
  0x0f63, 0x0cb3, 0x072a, 0x05bf, 0xfd4d, 0xfb85, 0xf82a, 0xf7fe, 0xf9b9, 0xf72d, 0xf5cf, 0xf392, 0xf494, 0xf3a7, 0xf49d, 0xf77d,
  0xf5d2, 0xf8aa, 0xfa80, 0xf907, 0xfc36, 0xfdf6, 0x0037, 0x0156, 0x0339, 0x03a6, 0x0270, 0x0733, 0x089c, 0x0c1c, 0x0ff3, 0x0f57,
  0x0e99, 0x0c5a, 0x0a76, 0x074d, 0xfb73, 0xf88f, 0xff95, 0x0007, 0x0564, 0x0a77, 0x0f76, 0x0b79, 0x068c, 0x0527, 0xfd22, 0xfbd5,
  0xf831, 0xf889, 0xf9b6, 0xf768, 0xf5e0, 0xf395, 0xf4af, 0xf3a8, 0xf4d1, 0xf729, 0xf542, 0xf80a, 0xf971, 0xf86a, 0xfbd0, 0xfd9d,
  0x001d, 0x0152, 0x037a, 0x03bb, 0x0341, 0x0838, 0x094e, 0x0cc3, 0x0fc1, 0x0ee6, 0x0dff, 0x0bdc, 0x0a52, 0x06e6, 0xfb56, 0xf9dc,
  0x0011, 0x002b, 0x0605, 0x0ad7, 0x0f72, 0x0b15, 0x06f7, 0x04ab, 0xfc83, 0xfb32, 0xf71b, 0xf7d5, 0xf8c6, 0xf696, 0xf53c, 0xf3bc,
  0xf519, 0xf400, 0xf5bc, 0xf7ba, 0xf5ea, 0xf8f2, 0xf9ab, 0xf893, 0xfbc2, 0xfd7a, 0x000c, 0x017b, 0x03ee, 0x03f1, 0x0429, 0x092b,
  0x0a17, 0x0d9d, 0x1002, 0x0f16, 0x0e29, 0x0bdb, 0x0a32, 0x0634, 0xfa69, 0xf9b1, 0xffa9, 0xffdb, 0x05ac, 0x0a55, 0x0f4c, 0x0a5e,
  0x0674, 0x0419, 0xfc76, 0xfb2d, 0xf6cf, 0xf7d0, 0xf7ff, 0xf5e6, 0xf4cd, 0xf3ab, 0xf50e, 0xf416, 0xf669, 0xf83b, 0xf69d, 0xf9f3,
  0xfa48, 0xf963, 0xfc86, 0xfe32, 0x00cf, 0x01f2, 0x0426, 0x03b4, 0x0412, 0x08c8, 0x09a9, 0x0d89, 0x0f9f, 0x0ebf, 0x0de5, 0x0b61,
  0x09a5, 0x0514, 0xf945, 0xf972, 0xfe9f, 0xff0f, 0x04dc, 0x098c, 0x0e8a, 0x0952, 0x0689, 0x03a7, 0xfc55, 0xfb17, 0xf6fd, 0xf8f1,
  0xf8c1, 0xf6e1, 0xf587, 0xf455, 0xf59a, 0xf45b, 0xf6c2, 0xf812, 0xf6c9, 0xfa42, 0xfa63, 0xfa26, 0xfd7a, 0xff38, 0x019e, 0x0296,
  0x04a7, 0x03a8, 0x0416, 0x0847, 0x08ef, 0x0cd7, 0x0e69, 0x0d83, 0x0cbd, 0x0a9f, 0x094a, 0x0438, 0xf8d0, 0xfa8d, 0xff59, 0x0017,
  0x0655, 0x0b05, 0x0f0b, 0x091d, 0x06ea, 0x02e6, 0xfbbf, 0xfabe, 0xf701, 0xf97b, 0xf912, 0xf770, 0xf603, 0xf51e, 0xf629, 0xf4bc,
  0xf71f, 0xf7b9, 0xf666, 0xf9fc, 0xf9a8, 0xf982, 0xfce2, 0xfee7, 0x014b, 0x0264, 0x0491, 0x0345, 0x0485, 0x08b3, 0x0969, 0x0d71,
  0x0ed5, 0x0e05, 0x0ce3, 0x0a90, 0x0928, 0x02f3, 0xf7de, 0xfb97, 0xffa3, 0x00b5, 0x077b, 0x0c95, 0x0fbb, 0x08dd, 0x078f, 0x0276,
  0xfba4, 0xfa43, 0xf634, 0xf8bf, 0xf7b1, 0xf653, 0xf4be, 0xf47e, 0xf579, 0xf42d, 0xf729, 0xf78a, 0xf6c5, 0xfa86, 0xf9c3, 0xfa2b,
  0xfd67, 0xff1d, 0x014a, 0x0235, 0x044e, 0x02a1, 0x04c7, 0x08ff, 0x09bb, 0x0e37, 0x0f8a, 0x0ee7, 0x0dca, 0x0b6b, 0x09de, 0x020f,
  0xf7d1, 0xfc6b, 0xfe5c, 0x002f, 0x06f6, 0x0c09, 0x0e46, 0x0796, 0x0783, 0x0173, 0xfbeb, 0xfa3d, 0xf699, 0xf995, 0xf7fc, 0xf6bd,
  0xf492, 0xf491, 0xf513, 0xf3f6, 0xf759, 0xf70f, 0xf717, 0xfafa, 0xf9ef, 0xfb09, 0xfe29, 0x0016, 0x022a, 0x0312, 0x0523, 0x02da,
  0x0525, 0x0864, 0x08fa, 0x0da5, 0x0e91, 0x0e65, 0x0d27, 0x0b02, 0x09a9, 0x0079, 0xf76d, 0xfda2, 0xfed5, 0x01ab, 0x0874, 0x0d87,
  0x0e7a, 0x0733, 0x074a, 0x000a, 0xfbaa, 0xf9f0, 0xf6e9, 0xfa03, 0xf812, 0xf715, 0xf4e6, 0xf556, 0xf57a, 0xf492, 0xf7cf, 0xf6a4,
  0xf6af, 0xfa00, 0xf866, 0xfa1a, 0xfcfe, 0xff22, 0x0182, 0x02ae, 0x04ad, 0x0262, 0x0593, 0x08aa, 0x09ae, 0x0e3b, 0x0e98, 0x0e6d,
  0x0cd8, 0x0a94, 0x08cf, 0xfea2, 0xf782, 0xfe6c, 0xfedf, 0x02fe, 0x098d, 0x0ef2, 0x0ef3, 0x0807, 0x07ee, 0xff92, 0xfc12, 0xf901,
  0xf626, 0xf8f0, 0xf6b0, 0xf629, 0xf41f, 0xf532, 0xf518, 0xf4da, 0xf7fa, 0xf643, 0xf70f, 0xf9f7, 0xf822, 0xfa4e, 0xfcf0, 0xfefa,
  0x00d9, 0x020d, 0x03e5, 0x01e7, 0x0629, 0x08f9, 0x0a9d, 0x0f4a, 0x0f86, 0x0f61, 0x0d6d, 0x0b43, 0x092c, 0xfe09, 0xf7ad, 0xfeb1,
  0xfee6, 0x03c1, 0x09d0, 0x0f55, 0x0e82, 0x07d7, 0x0740, 0xfe69, 0xfbcf, 0xf883, 0xf692, 0xf902, 0xf699, 0xf601, 0xf3eb, 0xf4ca,
  0xf428, 0xf482, 0xf7b3, 0xf61c, 0xf79b, 0xfa3a, 0xf8a5, 0xfb48, 0xfd88, 0xff9e, 0x0157, 0x0289, 0x03f0, 0x01ed, 0x0659, 0x08b0,
  0x0ae7, 0x0f5d, 0x0f51, 0x0f37, 0x0d1d, 0x0b26, 0x089e, 0xfd26, 0xf848, 0xfeff, 0xfee2, 0x0411, 0x09c8, 0x0f0a, 0x0cdd, 0x073b,
  0x067e, 0xfdb0, 0xfbe3, 0xf882, 0xf7d8, 0xf9d7, 0xf777, 0xf6d3, 0xf458, 0xf54a, 0xf41d, 0xf483, 0xf70a, 0xf4fb, 0xf6fb, 0xf931,
  0xf7f1, 0xfb07, 0xfd65, 0xffe0, 0x0165, 0x02ca, 0x03c1, 0x0204, 0x06bb, 0x087b, 0x0af5, 0x0efc, 0x0eb2, 0x0e3b, 0x0c1e, 0x0a8f,
  0x080f, 0xfc97, 0xf94d, 0x0028, 0x0021, 0x05ce, 0x0b26, 0x1039, 0x0c96, 0x0785, 0x0606, 0xfce1, 0xfb55, 0xf767, 0xf77a, 0xf92b,
  0xf6f9, 0xf667, 0xf463, 0xf591, 0xf420, 0xf50b, 0xf77b, 0xf562, 0xf79e, 0xf92a, 0xf7db, 0xfb01, 0xfd0b, 0xff86, 0x011e, 0x02fc,
  0x03f1, 0x02cf, 0x0803, 0x09b7, 0x0ca6, 0x1048, 0x0fd3, 0x0f3f, 0x0cd9, 0x0af4, 0x075d, 0xfb0e, 0xf8d7, 0xff1f, 0xfefd, 0x0574,
  0x0aed, 0x1057, 0x0c4d, 0x0813, 0x0635, 0xfd2e, 0xfbb6, 0xf6fe, 0xf761, 0xf86d, 0xf628, 0xf543, 0xf35a, 0xf4c5, 0xf38f, 0xf582,
  0xf7ce, 0xf5e1, 0xf8e1, 0xfa31, 0xf92c, 0xfc67, 0xfe40, 0x009b, 0x01a7, 0x0337, 0x0319, 0x0232, 0x076d, 0x08b0, 0x0c32, 0x0fe2,
  0x0f99, 0x0f1e, 0x0cb1, 0x0ac9, 0x06c7, 0xfa70, 0xf8f6, 0xfeaa, 0xfeba, 0x0566, 0x0ac9, 0x0fd1, 0x0b47, 0x07de, 0x05e0, 0xfd7e,
  0xfc1b, 0xf7b4, 0xf8a7, 0xf916, 0xf703, 0xf5ef, 0xf428, 0xf53d, 0xf379, 0xf53a, 0xf6cc, 0xf4f9, 0xf80a, 0xf917, 0xf88f, 0xfc00,
  0xfdf4, 0x0053, 0x0160, 0x0360, 0x031b, 0x0299, 0x079d, 0x0893, 0x0c59, 0x0f54, 0x0efb, 0x0e6c, 0x0c5a, 0x0af5, 0x06c5, 0xfac2,
  0xfa79, 0x0031, 0x0068, 0x072f, 0x0c73, 0x1119, 0x0bfd, 0x0829, 0x04aa, 0xfc59, 0xfb08, 0xf675, 0xf7d1, 0xf836, 0xf6ac, 0xf5bf,
  0xf41f, 0xf535, 0xf3aa, 0xf5cf, 0xf70a, 0xf544, 0xf87b, 0xf91d, 0xf895, 0xfbb1, 0xfd9f, 0x0048, 0x01b2, 0x03eb, 0x039c, 0x040a,
  0x0930, 0x0a06, 0x0dc5, 0x103a, 0x0f89, 0x0ea5, 0x0c00, 0x0a28, 0x0567, 0xf967, 0xfa04, 0xff90, 0x000f, 0x06e7, 0x0be0, 0x1061,
  0x0ab3, 0x074e, 0x03bd, 0xfb94, 0xfa37, 0xf5d6, 0xf7a9, 0xf7a1, 0xf5d7, 0xf4df, 0xf3cd, 0xf540, 0xf432, 0xf6b9, 0xf80d, 0xf6c5,
  0xfa35, 0xfa45, 0xf9c9, 0xfcf2, 0xfe6a, 0x00b2, 0x01a1, 0x038f, 0x02ff, 0x03a0, 0x0860, 0x0937, 0x0d3f, 0x0f72, 0x0eb9, 0x0dd7,
  0x0b5a, 0x099e, 0x0483, 0xf8d9, 0xfa34, 0xff37, 0xffce, 0x061d, 0x0ae2, 0x0f68, 0x09bc, 0x0726, 0x0360, 0xfbed, 0xfab5, 0xf6dc,
  0xf93d, 0xf891, 0xf710, 0xf5db, 0xf4a9, 0xf5b8, 0xf462, 0xf707, 0xf7cb, 0xf6ad, 0xfa1d, 0xfa12, 0xf9f9, 0xfcf6, 0xfe7f, 0x00c7,
  0x01c2, 0x03a1, 0x0291, 0x0383, 0x0819, 0x08d3, 0x0cc5, 0x0e92, 0x0e0e, 0x0d4d, 0x0b0a, 0x0978, 0x045e, 0xf948, 0xfb51, 0xffc1,
  0x00cd, 0x0736, 0x0bed, 0x0f8e, 0x0938, 0x0721, 0x02af, 0xfbb9, 0xfa22, 0xf6c5, 0xf9b3, 0xf8b0, 0xf774, 0xf5e7, 0xf4f4, 0xf5d7,
  0xf468, 0xf6fd, 0xf73f, 0xf651, 0xf997, 0xf926, 0xf94f, 0xfc58, 0xfe54, 0x00d3, 0x01d3, 0x03df, 0x02cb, 0x044f, 0x0884, 0x0976,
  0x0dcd, 0x0f47, 0x0ea5, 0x0d77, 0x0b0a, 0x095c, 0x0348, 0xf852, 0xfb98, 0xff96, 0x0128, 0x07cf, 0x0c66, 0x0f6f, 0x08d3, 0x0755,
  0x01b3, 0xfafe, 0xf960, 0xf5e8, 0xf8e6, 0xf7a8, 0xf671, 0xf4e1, 0xf4b7, 0xf564, 0xf43e, 0xf766, 0xf762, 0xf6bc, 0xfa49, 0xf99b,
  0xfa16, 0xfd18, 0xfedb, 0x00ff, 0x01dc, 0x03d2, 0x0250, 0x0496, 0x08ed, 0x0a26, 0x0e8d, 0x0fa2, 0x0f1b, 0x0de7, 0x0b64, 0x0971,
  0x0210, 0xf7b5, 0xfc18, 0xfed1, 0x00bf, 0x07af, 0x0cd0, 0x0f5e, 0x0860, 0x077f, 0x01a3, 0xfbe7, 0xf9ff, 0xf6a3, 0xf994, 0xf7ec,
  0xf6a2, 0xf465, 0xf454, 0xf4d8, 0xf410, 0xf766, 0xf70c, 0xf718, 0xfaaa, 0xf9be, 0xfa88, 0xfd7f, 0xff48, 0x014f, 0x0223, 0x03d8,
  0x023b, 0x04dc, 0x0875, 0x0996, 0x0e35, 0x0f44, 0x0f31, 0x0de4, 0x0b87, 0x09d1, 0x01be, 0xf7dd, 0xfccf, 0xff2e, 0x0207, 0x0862,
  0x0cf9, 0x0ec4, 0x0778, 0x06e2, 0x0095, 0xfbce, 0xf9ba, 0xf6f5, 0xf9eb, 0xf7ac, 0xf6bd, 0xf4a6, 0xf4b1, 0xf4d9, 0xf458, 0xf7a1,
  0xf6b2, 0xf6f2, 0xf9f0, 0xf8ab, 0xfa2e, 0xfd1f, 0xfefd, 0x0128, 0x026c, 0x0442, 0x029e, 0x05b2, 0x08f0, 0x0a58, 0x0ed8, 0x0f30,
  0x0eb3, 0x0d0d, 0x0aa8, 0x08de, 0x004d, 0xf7c1, 0xfde5, 0xffa2, 0x0283, 0x08b4, 0x0d94, 0x0ea2, 0x07a6, 0x0749, 0x002c, 0xfbc6,
  0xf932, 0xf696, 0xf937, 0xf6dd, 0xf644, 0xf458, 0xf507, 0xf53b, 0xf505, 0xf81a, 0xf6c4, 0xf742, 0xfa1b, 0xf8a6, 0xfa35, 0xfcb1,
  0xfeae, 0x00fc, 0x0218, 0x03e2, 0x02ab, 0x0691, 0x09cb, 0x0b64, 0x0fb0, 0x0ff8, 0x0f56, 0x0d47, 0x0aeb, 0x091d, 0x002f, 0xf83a,
  0xfdf7, 0xff59, 0x02f1, 0x08d9, 0x0dc6, 0x0e27, 0x07ba, 0x0766, 0xffa0, 0xfb68, 0xf88c, 0xf693, 0xf8ee, 0xf651, 0xf5b9, 0xf3dd,
  0xf4ce, 0xf4b8, 0xf4ae, 0xf7e8, 0xf6bf, 0xf7d5, 0xfa4d, 0xf90b, 0xfb28, 0xfd8f, 0xff86, 0x0198, 0x02c1, 0x0459, 0x0339, 0x06f4,
  0x0978, 0x0b5d, 0x0f85, 0x0f75, 0x0eb8, 0x0cca, 0x0a88, 0x0874, 0xfed4, 0xf7cd, 0xfe01, 0xfed5, 0x02bc, 0x0863, 0x0d75, 0x0cf5,
  0x06ff, 0x06a6, 0xfe8b, 0xfb27, 0xf82c, 0xf6f8, 0xf940, 0xf6ef, 0xf678, 0xf488, 0xf578, 0xf4e1, 0xf514, 0xf80a, 0xf666, 0xf7e4,
  0xfa57, 0xf913, 0xfb7c, 0xfdb1, 0xffe9, 0x01be, 0x0339, 0x040f, 0x02ff, 0x06cd
};


// Точный размер массива для функции HAL_SAI_Transmit_DMA
// Для файла ~253 КБ здесь будет около 129000 сэмплов
const uint32_t sound_gas_warning_size = sizeof(sound_gas_warning) / sizeof(sound_gas_warning[0]);
